#VRML V2.0 utf8
# 3D model generated by easyeda2kicad.py (https://github.com/uPesy/easyeda2kicad.py)

Shape{
    appearance Appearance {
        material  Material 	{
            diffuseColor 0.2235294117647059 0.2235294117647059 0.2235294117647059
            specularColor 0.11372549019607843 0.11372549019607843 0.11372549019607843
            ambientIntensity 0.2235
            transparency 0.0
            shininess 0.5
        }
    }
    geometry IndexedFaceSet {
        ccw TRUE
        solid FALSE
        coord DEF co Coordinate {
            point [
                0.6299 0.0387 0.2971, 0.6299 0.0387 0.2616, 0.6299 0.0547 0.2616, 0.6299 0.1199 0.1811, 0.6299 0.1196 0.181, 0.6299 0.1196 0.1774, 0.6299 0.1697 0.0564, 0.6299 0.2072 0.0564, 0.6299 0.2072 0.1774, 0.6299 0.3486 0.0564, 0.6299 0.3486 0.1774, 0.6299 0.4508 0.0564, 0.6299 0.4528 0.0564, 0.6299 0.4528 0.1774, 0.6299 0.102 0.1934, 0.6299 0.1002 0.1932, 0.6299 0.1103 0.1932, 0.6299 0.1444 0.2336, 0.6299 0.1571 0.2336, 0.6299 0.1571 0.245, 0.6299 -0.4508 0.0564, 0.6299 -0.1269 0.1757, 0.6299 -0.1308 0.1774, 0.6299 -0.1807 0.2424, 0.6299 -0.1801 0.245, 0.6299 -0.4528 0.245, 0.6299 -0.017 0.2655, 0.6299 -0.0094 0.2589, 0.6299 0.0172 0.2974, 0.6299 0.0172 0.2567, 0.6299 -0.0555 0.3016, 0.6299 -0.0493 0.2974, 0.6299 -0.0428 0.293, 0.6299 -0.0335 0.2823, 0.6299 -0.0274 0.2706, 0.6299 -0.0254 0.2699, 0.6299 -0.0698 0.3066, 0.6299 0.0172 0.4449, 0.6299 -0.0815 0.3079, 0.6299 -0.0956 0.3061, 0.6299 -0.1675 0.2711, 0.6299 -0.1646 0.2738, 0.6299 -0.4528 0.2974, 0.6299 -0.1087 0.301, 0.6299 -0.4528 0.4449, 0.6299 -0.1145 0.2974, 0.6299 -0.1156 0.2968, 0.6299 -0.155 0.2801, 0.6299 -0.1444 0.2838, 0.6299 -0.1347 0.2848, 0.6299 -0.1223 0.291, 0.6299 -0.1314 0.2846, 0.6299 -0.1282 0.2842, 0.6299 -0.4528 0.2567, 0.6299 -0.1784 0.2536, 0.6299 -0.1768 0.2567, 0.6299 -0.1735 0.2637, 0.6299 -0.1461 0.194, 0.6299 -0.1514 0.1957, 0.6299 -0.4528 0.1932, 0.6299 -0.1615 0.2011, 0.6299 -0.1689 0.2077, 0.6299 -0.1702 0.2092, 0.6299 -0.1761 0.2184, 0.6299 -0.1798 0.2291, 0.6299 -0.1808 0.2387, 0.6299 -0.139 0.1827, 0.6299 -0.1433 0.1879, 0.6299 -0.1457 0.1932, 0.6299 0.0172 0.0564, 0.6299 0.0172 0.1774, 0.6299 -0.1073 0.1774, 0.6299 -0.4528 0.0564, 0.6299 -0.4528 0.1774, 0.6299 -0.1335 0.1785, 0.6299 -0.1122 0.1755, 0.6299 -0.1191 0.1746, 0.6299 -0.1202 0.1747, 0.6299 0.0172 0.1932, 0.6299 -0.0924 0.1932, 0.6299 -0.0924 0.1932, 0.6299 -0.0958 0.1868, 0.6299 -0.1002 0.1819, 0.6299 -0.1058 0.1779, 0.6299 -0.0977 0.2222, 0.6299 -0.0596 0.2421, 0.6299 -0.1027 0.2267, 0.6299 -0.1087 0.2299, 0.6299 -0.0536 0.1936, 0.6299 -0.0555 0.1942, 0.6299 -0.0574 0.1954, 0.6299 -0.0586 0.1965, 0.6299 -0.017 0.2354, 0.6299 -0.0183 0.2409, 0.6299 -0.0205 0.245, 0.6299 -0.1622 0.245, 0.6299 -0.0576 0.2089, 0.6299 -0.0559 0.2101, 0.6299 -0.0507 0.227, 0.6299 -0.0539 0.2108, 0.6299 -0.0045 0.2134, 0.6299 -0.0098 0.2062, 0.6299 -0.0107 0.2053, 0.6299 -0.0181 0.1993, 0.6299 -0.1605 0.2279, 0.6299 -0.1571 0.2221, 0.6299 -0.1427 0.2192, 0.6299 -0.152 0.2169, 0.6299 -0.1458 0.2131, 0.6299 -0.1321 0.2286, 0.6299 -0.138 0.2246, 0.6299 -0.1629 0.2393, 0.6299 -0.1626 0.2349, 0.6299 -0.0004 0.242, 0.6299 0.0008 0.2333, 0.6299 0.0172 0.245, 0.6299 0.0007 0.2317, 0.6299 -0.0007 0.2224, 0.6299 -0.0269 0.1952, 0.6299 -0.0357 0.1934, 0.6299 -0.0525 0.1934, 0.6299 -0.1258 0.231, 0.6299 -0.1191 0.2319, 0.6299 -0.1156 0.2316, 0.6299 -0.0607 0.2022, 0.6299 -0.0607 0.2031, 0.6299 -0.0906 0.2059, 0.6299 -0.0602 0.2053, 0.6299 -0.0591 0.2073, 0.6299 -0.0519 0.2111, 0.6299 -0.0516 0.2111, 0.6299 -0.0508 0.2109, 0.6299 -0.0598 0.1983, 0.6299 -0.0605 0.2003, 0.6299 -0.0907 0.2002, 0.6299 -0.0906 0.2031, 0.6299 -0.0226 0.2179, 0.6299 -0.0195 0.2224, 0.6299 -0.0176 0.2275, 0.6299 -0.0169 0.233, 0.6299 -0.0502 0.2108, 0.6299 -0.0374 0.2108, 0.6299 -0.0323 0.2118, 0.6299 -0.0273 0.2141, 0.6299 -0.0231 0.2175, 0.6299 -0.0414 0.2552, 0.6299 -0.1596 0.2525, 0.6299 -0.1621 0.2461, 0.6299 -0.0391 0.2552, 0.6299 -0.021 0.2458, 0.6299 -0.0243 0.2495, 0.6299 -0.0287 0.2526, 0.6299 -0.0337 0.2545, 0.6299 -0.1567 0.2567, 0.6299 -0.1193 0.2634, 0.6299 -0.1214 0.2646, 0.6299 -0.0462 0.2701, 0.6299 -0.0521 0.2782, 0.6299 -0.0553 0.2812, 0.6299 -0.0634 0.2865, 0.6299 -0.0723 0.2898, 0.6299 -0.1278 0.2669, 0.6299 -0.1344 0.2677, 0.6299 -0.1373 0.2676, 0.6299 -0.0416 0.2567, 0.6299 -0.0424 0.2606, 0.6299 -0.0812 0.2908, 0.6299 -0.0827 0.2907, 0.6299 -0.1155 0.2717, 0.6299 -0.0922 0.2893, 0.6299 -0.1093 0.2794, 0.6299 -0.1014 0.2854, 0.6299 -0.1444 0.2659, 0.6299 -0.1507 0.2626, 0.6299 -0.1557 0.2581, 0.6299 -0.0079 0.2567, 0.6299 -0.0037 0.2507, 0.6299 -0.0015 0.245, 0.6299 0.166 0.1981, 0.6299 0.166 0.1936, 0.6299 0.1697 0.1932, 0.6299 0.1697 0.245, 0.6299 0.1651 0.2336, 0.6299 0.1651 0.229, 0.6299 0.1496 0.2116, 0.6299 0.1496 0.1981, 0.6299 0.1571 0.2116, 0.6299 0.1571 0.1981, 0.6299 0.1639 0.2116, 0.6299 0.1639 0.2162, 0.6299 0.1496 0.229, 0.6299 0.1496 0.2162, 0.6299 0.1571 0.229, 0.6299 0.1571 0.2162, 0.6299 0.1571 0.1932, 0.6299 0.1571 0.1936, 0.6299 0.1444 0.1936, 0.6299 0.1247 0.2007, 0.6299 0.1253 0.1983, 0.6299 0.1254 0.1983, 0.6299 0.139 0.2222, 0.6299 0.1196 0.245, 0.6299 0.1338 0.2222, 0.6299 0.1196 0.2152, 0.6299 0.126 0.2006, 0.6299 0.1256 0.1993, 0.6299 0.0897 0.1997, 0.6299 0.0846 0.245, 0.6299 0.0846 0.1932, 0.6299 0.0904 0.2177, 0.6299 0.0913 0.2191, 0.6299 0.0915 0.1986, 0.6299 0.092 0.1984, 0.6299 0.092 0.209, 0.6299 0.092 0.245, 0.6299 0.0911 0.2099, 0.6299 0.0905 0.2109, 0.6299 0.0919 0.2091, 0.6299 0.0899 0.2124, 0.6299 0.0897 0.2144, 0.6299 0.0899 0.2161, 0.6299 0.0942 0.1932, 0.6299 0.0932 0.1933, 0.6299 0.092 0.1932, 0.6299 0.092 0.1938, 0.6299 0.0897 0.1946, 0.6299 0.1076 0.2215, 0.6299 0.1076 0.2167, 0.6299 0.1082 0.1979, 0.6299 0.1073 0.1965, 0.6299 0.092 0.2197, 0.6299 0.0929 0.2205, 0.6299 0.0941 0.2213, 0.6299 0.1088 0.1995, 0.6299 0.0968 0.2223, 0.6299 0.1008 0.2228, 0.6299 0.1103 0.245, 0.6299 0.1043 0.2225, 0.6299 0.1057 0.1952, 0.6299 0.1046 0.1945, 0.6299 0.1073 0.2061, 0.6299 0.1082 0.2048, 0.6299 0.1087 0.2034, 0.6299 0.109 0.2013, 0.6299 0.1003 0.2187, 0.6299 0.0989 0.2186, 0.6299 0.0949 0.2149, 0.6299 0.0975 0.2183, 0.6299 0.0964 0.2177, 0.6299 0.0949 0.2142, 0.6299 0.0951 0.2134, 0.6299 0.0955 0.2128, 0.6299 0.096 0.2122, 0.6299 0.0977 0.2111, 0.6299 0.1038 0.2183, 0.6299 0.1008 0.2098, 0.6299 0.1067 0.2172, 0.6299 0.1028 0.209, 0.6299 0.1061 0.2071, 0.6299 0.0956 0.217, 0.6299 0.0952 0.2164, 0.6299 0.095 0.2157, 0.6299 0.0946 0.1974, 0.6299 0.0973 0.2061, 0.6299 0.0943 0.2075, 0.6299 0.0979 0.197, 0.6299 0.0981 0.197, 0.6299 0.1006 0.2048, 0.6299 0.1007 0.1973, 0.6299 0.1038 0.2009, 0.6299 0.1038 0.2015, 0.6299 0.102 0.1977, 0.6299 0.1025 0.198, 0.6299 0.103 0.1985, 0.6299 0.1035 0.1992, 0.6299 0.1037 0.1999, 0.6299 0.1035 0.2023, 0.6299 0.1032 0.2029, 0.6299 0.1025 0.2036, 0.6299 0.2072 0.2567, 0.6299 0.1942 0.2571, 0.6299 0.1885 0.2571, 0.6299 0.1844 0.268, 0.6299 0.1697 0.268, 0.6299 0.1697 0.2567, 0.6299 0.179 0.2971, 0.6299 0.2072 0.2974, 0.6299 0.1697 0.2974, 0.6299 0.1678 0.268, 0.6299 0.1639 0.2571, 0.6299 0.1571 0.2567, 0.6299 0.1582 0.2571, 0.6299 0.1571 0.2974, 0.6299 0.1697 0.2874, 0.6299 0.1735 0.2971, 0.6299 0.1103 0.2974, 0.6299 0.1149 0.2971, 0.6299 0.1196 0.2974, 0.6299 0.1149 0.2925, 0.6299 0.1196 0.2567, 0.6299 0.1138 0.2751, 0.6299 0.1138 0.2797, 0.6299 0.1103 0.2797, 0.6299 0.1103 0.2925, 0.6299 0.0995 0.2797, 0.6299 0.0995 0.2925, 0.6299 0.0943 0.2571, 0.6299 0.092 0.2567, 0.6299 0.1103 0.2567, 0.6299 0.0995 0.2751, 0.6299 0.0995 0.2616, 0.6299 0.1103 0.2751, 0.6299 0.1103 0.2616, 0.6299 0.1158 0.2616, 0.6299 0.1158 0.2571, 0.6299 0.1103 0.2571, 0.6299 0.092 0.2974, 0.6299 0.0943 0.2971, 0.6299 0.1103 0.2971, 0.6299 0.1697 0.1774, 0.6299 0.1571 0.0564, 0.6299 0.1571 0.1774, 0.6299 0.1196 0.0564, 0.6299 0.1103 0.0564, 0.6299 0.1103 0.1774, 0.6299 0.092 0.0564, 0.6299 0.092 0.1774, 0.6299 0.0846 0.0564, 0.6299 0.0846 0.1774, 0.6299 0.0581 0.0564, 0.6299 0.0778 0.2611, 0.6299 0.0824 0.2619, 0.6299 0.0846 0.2915, 0.6299 0.0846 0.2629, 0.6299 0.0858 0.291, 0.6299 0.0863 0.2637, 0.6299 0.0863 0.2907, 0.6299 0.0637 0.2679, 0.6299 0.0657 0.2652, 0.6299 0.0664 0.2645, 0.6299 0.0691 0.2626, 0.6299 0.0659 0.2887, 0.6299 0.0638 0.2857, 0.6299 0.0687 0.2909, 0.6299 0.0718 0.2924, 0.6299 0.0818 0.2925, 0.6299 0.0768 0.2931, 0.6299 0.0618 0.2752, 0.6299 0.0753 0.2931, 0.6299 0.0617 0.2766, 0.6299 0.0624 0.2822, 0.6299 0.0719 0.2615, 0.6299 0.0759 0.261, 0.6299 0.0624 0.2712, 0.6299 0.081 0.2974, 0.6299 0.0821 0.2974, 0.6299 0.0846 0.2974, 0.6299 0.0846 0.2966, 0.6299 0.0863 0.2961, 0.6299 0.0769 0.2978, 0.6299 0.0846 0.4449, 0.6299 0.0768 0.2978, 0.6299 0.0581 0.4449, 0.6299 0.074 0.2974, 0.6299 0.0581 0.2974, 0.6299 0.0592 0.2881, 0.6299 0.0621 0.2919, 0.6299 0.063 0.2928, 0.6299 0.0668 0.2954, 0.6299 0.071 0.2971, 0.6299 0.0557 0.2974, 0.6299 0.0573 0.2836, 0.6299 0.0581 0.2856, 0.6299 0.0581 0.2672, 0.6299 0.057 0.2704, 0.6299 0.0557 0.2567, 0.6299 0.0563 0.2763, 0.6299 0.0564 0.2784, 0.6299 0.0684 0.2574, 0.6299 0.0647 0.2592, 0.6299 0.0581 0.2567, 0.6299 0.0614 0.2619, 0.6299 0.0608 0.2626, 0.6299 0.0585 0.2661, 0.6299 0.0717 0.2567, 0.6299 0.0581 0.245, 0.6299 0.0728 0.2565, 0.6299 0.0752 0.2564, 0.6299 0.0787 0.2567, 0.6299 0.0863 0.2587, 0.6299 0.0856 0.2584, 0.6299 0.0846 0.2567, 0.6299 0.0846 0.2581, 0.6299 0.0813 0.257, 0.6299 0.0619 0.2072, 0.6299 0.0627 0.2153, 0.6299 0.0609 0.2057, 0.6299 0.0602 0.204, 0.6299 0.0581 0.1932, 0.6299 0.0608 0.1972, 0.6299 0.0601 0.1989, 0.6299 0.0806 0.2197, 0.6299 0.0817 0.2181, 0.6299 0.0634 0.2085, 0.6299 0.0656 0.2096, 0.6299 0.0662 0.2175, 0.6299 0.0694 0.2106, 0.6299 0.0738 0.2186, 0.6299 0.0721 0.2187, 0.6299 0.0693 0.2185, 0.6299 0.064 0.194, 0.6299 0.0623 0.1951, 0.6299 0.0618 0.1957, 0.6299 0.0755 0.2225, 0.6299 0.0776 0.2219, 0.6299 0.0793 0.221, 0.6299 0.0779 0.198, 0.6299 0.0777 0.198, 0.6299 0.0779 0.1936, 0.6299 0.0769 0.1967, 0.6299 0.0753 0.195, 0.6299 0.0599 0.2012, 0.6299 0.0599 0.2018, 0.6299 0.0627 0.2202, 0.6299 0.0637 0.2207, 0.6299 0.0674 0.2222, 0.6299 0.0725 0.2228, 0.6299 0.0825 0.2158, 0.6299 0.0829 0.212, 0.6299 0.0829 0.1936, 0.6299 0.0779 0.2117, 0.6299 0.0777 0.2139, 0.6299 0.0772 0.2157, 0.6299 0.0766 0.2168, 0.6299 0.0758 0.2176, 0.6299 0.0749 0.2181, 0.6299 0.0716 0.1932, 0.6299 0.0714 0.1931, 0.6299 0.0581 0.1774, 0.6299 0.069 0.1929, 0.6299 0.0682 0.1929, 0.6299 0.0661 0.1932, 0.6299 0.0659 0.1933, 0.6299 0.1196 0.1932, 0.6299 0.1196 0.2017, 0.6299 0.1116 0.2222, 0.6299 0.1172 0.2222, 0.6299 0.1228 0.1936, 0.6299 0.1226 0.1932, 0.6299 0.1206 0.1884, 0.6299 0.1126 0.1805, 0.6299 0.1126 0.185, 0.6299 0.0974 0.1929, 0.6299 0.1136 0.1846, 0.6299 0.1155 0.1844, 0.6299 0.1164 0.1845, 0.6299 0.1175 0.1848, 0.6299 0.1185 0.1854, 0.6299 0.1179 0.1803, 0.6299 0.1159 0.1801, 0.6299 0.1147 0.1801, 0.6299 0.1195 0.1865, 0.6299 0.1196 0.1867, 0.6299 0.1276 0.1932, 0.6299 0.1261 0.1892, 0.6299 0.1236 0.1846, 0.6299 0.1218 0.1825, 0.6299 0.1217 0.1824, 0.6299 0.0735 0.1938, 0.6299 0.3486 0.1932, 0.6299 0.2072 0.1932, 0.6299 0.0336 0.2336, 0.6299 0.0336 0.1936, 0.6299 0.0557 0.1932, 0.6299 0.0557 0.1774, 0.6299 0.0557 0.0564, 0.6299 0.0542 0.2336, 0.6299 0.0557 0.245, 0.6299 0.0542 0.229, 0.6299 0.0551 0.1981, 0.6299 0.0551 0.1936, 0.6299 0.0387 0.2116, 0.6299 0.0387 0.1981, 0.6299 0.053 0.2116, 0.6299 0.053 0.2162, 0.6299 0.0387 0.2162, 0.6299 0.0387 0.229, 0.6299 0.1735 0.1936, 0.6299 0.205 0.2069, 0.6299 0.2031 0.2027, 0.6299 0.2001 0.1992, 0.6299 0.204 0.2235, 0.6299 0.2054 0.2197, 0.6299 0.2072 0.245, 0.6299 0.2061 0.2141, 0.6299 0.206 0.2116, 0.6299 0.196 0.1962, 0.6299 0.1914 0.1944, 0.6299 0.1845 0.1936, 0.6299 0.1735 0.2336, 0.6299 0.1849 0.2336, 0.6299 0.1911 0.2329, 0.6299 0.1959 0.2312, 0.6299 0.2001 0.2283, 0.6299 0.2015 0.227, 0.6299 0.2141 0.1936, 0.6299 0.2083 0.1936, 0.6299 0.2387 0.1936, 0.6299 0.2346 0.2045, 0.6299 0.2179 0.2045, 0.6299 0.2236 0.2336, 0.6299 0.2291 0.2336, 0.6299 0.0336 0.2571, 0.6299 0.0336 0.2971, 0.6299 0.0547 0.2571, 0.6299 0.1538 0.287, 0.6299 0.1553 0.2832, 0.6299 0.156 0.2776, 0.6299 0.1559 0.2751, 0.6299 0.1549 0.2704, 0.6299 0.1529 0.2662, 0.6299 0.1499 0.2627, 0.6299 0.1458 0.2597, 0.6299 0.1348 0.2971, 0.6299 0.1409 0.2964, 0.6299 0.1458 0.2947, 0.6299 0.1413 0.2579, 0.6299 0.1344 0.2571, 0.6299 0.1234 0.2571, 0.6299 0.1234 0.2971, 0.6299 0.1499 0.2918, 0.6299 0.1513 0.2905, 0.6299 0.2444 0.1936, 0.6299 0.3486 0.245, 0.6299 0.3486 0.2567, 0.6299 0.3486 0.2974, 0.6299 0.4528 0.1932, 0.6299 0.4528 0.245, 0.6299 0.4528 0.2567, 0.6299 0.4528 0.2974, 0.6299 0.0557 0.4449, 0.6299 0.4528 0.4449, 0.6299 0.3486 0.4449, 0.6299 0.2072 0.4449, 0.6299 0.1697 0.4449, 0.6299 0.1571 0.4449, 0.6299 0.1196 0.4449, 0.6299 0.1103 0.4449, 0.6299 0.092 0.4449, -0.1772 -0.4528 0.0118, -0.1772 0.4528 0.0118, 0.1772 -0.4528 0.0118, 0.1772 0.4528 0.0118, 0.1772 -0.4629 0.0132, -0.1772 -0.4629 0.0132, 0.1772 -0.4724 0.0171, -0.1772 -0.4724 0.0171, 0.1772 -0.4806 0.0233, -0.1772 -0.4806 0.0233, 0.1772 -0.4869 0.0315, -0.1772 -0.4869 0.0315, 0.1772 -0.4908 0.041, -0.1772 -0.4908 0.041, 0.1772 -0.4921 0.0512, -0.1772 -0.4921 0.0512, -0.1772 0.4629 0.0132, 0.1772 0.4629 0.0132, -0.1772 0.4724 0.0171, 0.1772 0.4724 0.0171, -0.1772 0.4806 0.0233, 0.1772 0.4806 0.0233, -0.1772 0.4869 0.0315, 0.1772 0.4869 0.0315, -0.1772 0.4908 0.041, 0.1772 0.4908 0.041, -0.1772 0.4921 0.0512, 0.1772 0.4921 0.0512, -0.5896 0.4921 0.0564, -0.5906 0.4921 0.0564, -0.5906 0.4921 0.4449, 0.5906 0.4921 0.4449, 0.5906 0.4921 0.0564, 0.5896 0.4921 0.0564, 0.5886 0.4921 0.0564, 0.1772 0.4921 0.0564, -0.1772 0.4921 0.0564, -0.5886 0.4921 0.0564, -0.6299 -0.4518 0.0564, -0.6299 -0.4528 0.0564, -0.6299 -0.4528 0.4449, -0.6299 0.4528 0.4449, -0.6299 0.4528 0.0564, -0.6299 0.4518 0.0564, -0.6299 0.4508 0.0564, -0.6299 -0.4508 0.0564, 0.5896 -0.4921 0.0564, 0.5906 -0.4921 0.0564, 0.5906 -0.4921 0.4449, -0.1772 -0.4921 0.0564, 0.1772 -0.4921 0.0564, -0.5886 -0.4921 0.0564, -0.5906 -0.4921 0.4449, -0.5896 -0.4921 0.0564, -0.5906 -0.4921 0.0564, 0.5886 -0.4921 0.0564, 0.5906 0.4528 0.4843, -0.5906 0.4528 0.4843, 0.5906 -0.4528 0.4843, -0.5906 -0.4528 0.4843, -0.6007 0.4528 0.4829, -0.6007 -0.4528 0.4829, -0.6102 0.4528 0.479, -0.6102 -0.4528 0.479, -0.6184 0.4528 0.4727, -0.6184 -0.4528 0.4727, -0.6246 0.4528 0.4646, -0.6246 -0.4528 0.4646, -0.6286 0.4528 0.4551, -0.6286 -0.4528 0.4551, -0.6007 -0.4626 0.4816, -0.6246 -0.4626 0.4619, -0.6286 -0.4579 0.4537, -0.6286 -0.46 0.4521, -0.6286 -0.4629 0.4449, -0.6286 -0.4626 0.4475, -0.6286 -0.4554 0.4547, -0.6246 -0.4579 0.4639, -0.6184 -0.46 0.4718, -0.6246 -0.4667 0.4588, -0.6286 -0.4616 0.45, -0.6246 -0.4698 0.4547, -0.6246 -0.4718 0.45, -0.6246 -0.4724 0.4449, -0.6184 -0.4667 0.469, -0.6184 -0.4724 0.4646, -0.6184 -0.4769 0.4588, -0.6184 -0.4796 0.4521, -0.6184 -0.4806 0.4449, -0.6102 -0.4616 0.4778, -0.6102 -0.4698 0.4744, -0.6102 -0.4769 0.469, -0.6102 -0.4823 0.4619, -0.6102 -0.4857 0.4537, -0.6102 -0.4869 0.4449, -0.6007 -0.4718 0.4778, -0.6007 -0.4796 0.4718, -0.6007 -0.4857 0.4639, -0.6007 -0.4895 0.4547, -0.6007 -0.4908 0.4449, -0.5906 -0.4629 0.4829, -0.5906 -0.4724 0.479, -0.5906 -0.4806 0.4727, -0.5906 -0.4869 0.4646, -0.5906 -0.4908 0.4551, -0.6273 0.4626 0.4551, -0.6076 0.4626 0.479, -0.5994 0.4579 0.4829, -0.5978 0.46 0.4829, -0.5906 0.4629 0.4829, -0.5932 0.4626 0.4829, -0.6004 0.4554 0.4829, -0.6096 0.4579 0.479, -0.6174 0.46 0.4727, -0.6045 0.4667 0.479, -0.5956 0.4616 0.4829, -0.6004 0.4698 0.479, -0.5956 0.4718 0.479, -0.5906 0.4724 0.479, -0.6147 0.4667 0.4727, -0.6102 0.4724 0.4727, -0.6045 0.4769 0.4727, -0.5978 0.4796 0.4727, -0.5906 0.4806 0.4727, -0.6235 0.4616 0.4646, -0.6201 0.4698 0.4646, -0.6147 0.4769 0.4646, -0.6076 0.4823 0.4646, -0.5994 0.4857 0.4646, -0.5906 0.4869 0.4646, -0.6235 0.4718 0.4551, -0.6174 0.4796 0.4551, -0.6096 0.4857 0.4551, -0.6004 0.4895 0.4551, -0.5906 0.4908 0.4551, -0.6286 0.4629 0.4449, -0.6246 0.4724 0.4449, -0.6184 0.4806 0.4449, -0.6102 0.4869 0.4449, -0.6007 0.4908 0.4449, -0.5949 -0.4919 0.0563, -0.5966 -0.4917 0.0562, -0.6102 -0.4868 0.056, -0.6091 -0.4875 0.056, -0.6076 -0.4882 0.056, -0.6022 -0.4904 0.0561, -0.6007 -0.4907 0.0561, -0.614 -0.4844 0.0559, -0.6184 -0.4806 0.0559, -0.626 -0.4698 0.056, -0.6246 -0.4724 0.056, -0.6231 -0.4749 0.056, -0.6195 -0.4794 0.0559, -0.6297 -0.4571 0.0563, -0.6286 -0.4628 0.0561, -0.6286 -0.4629 0.0561, -0.6267 -0.4683 0.056, 0.5906 -0.4629 0.4829, 0.5906 -0.4724 0.479, 0.5906 -0.4806 0.4727, 0.5906 -0.4869 0.4646, 0.5906 -0.4908 0.4551, 0.6007 -0.4528 0.4829, 0.6007 0.4528 0.4829, 0.6102 -0.4528 0.479, 0.6102 0.4528 0.479, 0.6184 -0.4528 0.4727, 0.6184 0.4528 0.4727, 0.6246 -0.4528 0.4646, 0.6246 0.4528 0.4646, 0.6286 -0.4528 0.4551, 0.6286 0.4528 0.4551, 0.5906 0.4629 0.4829, 0.5906 0.4724 0.479, 0.5906 0.4806 0.4727, 0.5906 0.4869 0.4646, 0.5906 0.4908 0.4551, -0.6297 0.4571 0.0563, -0.6295 0.4588 0.0562, -0.6246 0.4724 0.056, -0.6253 0.4713 0.056, -0.626 0.4698 0.056, -0.6282 0.4644 0.0561, -0.6285 0.4629 0.0561, -0.6222 0.4762 0.0559, -0.6184 0.4806 0.0559, -0.6076 0.4882 0.056, -0.6102 0.4868 0.056, -0.6127 0.4853 0.056, -0.6172 0.4818 0.0559, -0.5949 0.4919 0.0563, -0.6006 0.4908 0.0561, -0.6007 0.4908 0.0561, -0.6061 0.4889 0.056, 0.6273 -0.4626 0.4551, 0.6076 -0.4626 0.479, 0.5994 -0.4579 0.4829, 0.5978 -0.46 0.4829, 0.5932 -0.4626 0.4829, 0.6004 -0.4554 0.4829, 0.6096 -0.4579 0.479, 0.6174 -0.46 0.4727, 0.6045 -0.4667 0.479, 0.5956 -0.4616 0.4829, 0.6004 -0.4698 0.479, 0.5956 -0.4718 0.479, 0.6147 -0.4667 0.4727, 0.6102 -0.4724 0.4727, 0.6045 -0.4769 0.4727, 0.5978 -0.4796 0.4727, 0.6235 -0.4616 0.4646, 0.6201 -0.4698 0.4646, 0.6147 -0.4769 0.4646, 0.6076 -0.4823 0.4646, 0.5994 -0.4857 0.4646, 0.6235 -0.4718 0.4551, 0.6174 -0.4796 0.4551, 0.6096 -0.4857 0.4551, 0.6004 -0.4895 0.4551, 0.6286 -0.4629 0.4449, 0.6246 -0.4724 0.4449, 0.6184 -0.4806 0.4449, 0.6102 -0.4869 0.4449, 0.6007 -0.4908 0.4449, 0.6004 0.4895 0.4551, 0.6004 0.4698 0.479, 0.5956 0.4616 0.4829, 0.5978 0.46 0.4829, 0.6004 0.4554 0.4829, 0.5932 0.4626 0.4829, 0.5956 0.4718 0.479, 0.5978 0.4796 0.4727, 0.6045 0.4667 0.479, 0.5994 0.4579 0.4829, 0.6076 0.4626 0.479, 0.6096 0.4579 0.479, 0.6045 0.4769 0.4727, 0.6102 0.4724 0.4727, 0.6147 0.4667 0.4727, 0.6174 0.46 0.4727, 0.5994 0.4857 0.4646, 0.6076 0.4823 0.4646, 0.6147 0.4769 0.4646, 0.6201 0.4698 0.4646, 0.6235 0.4616 0.4646, 0.6096 0.4857 0.4551, 0.6174 0.4796 0.4551, 0.6235 0.4718 0.4551, 0.6273 0.4626 0.4551, 0.6007 0.4908 0.4449, 0.6102 0.4869 0.4449, 0.6184 0.4806 0.4449, 0.6246 0.4724 0.4449, 0.6286 0.4629 0.4449, 0.6297 -0.4571 0.0563, 0.6295 -0.4588 0.0562, 0.6246 -0.4724 0.056, 0.6253 -0.4713 0.056, 0.626 -0.4698 0.056, 0.6282 -0.4644 0.0561, 0.6285 -0.4629 0.0561, 0.6222 -0.4762 0.0559, 0.6184 -0.4806 0.0559, 0.6076 -0.4882 0.056, 0.6102 -0.4868 0.056, 0.6127 -0.4853 0.056, 0.6172 -0.4818 0.0559, 0.5949 -0.4919 0.0563, 0.6006 -0.4908 0.0561, 0.6007 -0.4908 0.0561, 0.6061 -0.4889 0.056, 0.5949 0.4919 0.0563, 0.5966 0.4917 0.0562, 0.6102 0.4868 0.056, 0.6091 0.4875 0.056, 0.6076 0.4882 0.056, 0.6022 0.4904 0.0561, 0.6007 0.4907 0.0561, 0.614 0.4844 0.0559, 0.6184 0.4806 0.0559, 0.626 0.4698 0.056, 0.6246 0.4724 0.056, 0.6231 0.4749 0.056, 0.6195 0.4794 0.0559, 0.6297 0.4571 0.0563, 0.6286 0.4628 0.0561, 0.6286 0.4629 0.0561, 0.6267 0.4683 0.056
            ]
        }
        coordIndex [
            0,1,2,-1,3,4,5,-1,6,7,8,-1,7,9,10,-1,11,12,13,-1,14,15,16,-1,17,18,19,-1,20,21,22,-1,23,24,25,-1,26,27,28,-1,28,27,29,-1,30,31,28,-1,28,31,32,-1,28,32,33,-1,33,34,28,-1,28,34,35,-1,28,35,26,-1,36,37,38,-1,38,37,39,-1,40,41,42,-1,39,37,43,-1,43,37,44,-1,43,44,45,-1,45,44,42,-1,45,42,46,-1,41,47,42,-1,42,47,48,-1,42,48,46,-1,46,48,49,-1,46,49,50,-1,50,49,51,-1,50,51,52,-1,25,24,53,-1,24,54,53,-1,53,54,55,-1,53,55,42,-1,42,55,56,-1,42,56,40,-1,57,58,59,-1,58,60,59,-1,59,60,61,-1,59,61,62,-1,62,63,59,-1,59,63,64,-1,59,64,25,-1,25,64,65,-1,25,65,23,-1,66,67,59,-1,59,67,68,-1,59,68,57,-1,69,70,71,-1,72,20,73,-1,73,20,22,-1,73,22,59,-1,59,22,74,-1,59,74,66,-1,71,75,69,-1,69,75,76,-1,69,76,20,-1,20,76,77,-1,20,77,21,-1,78,79,70,-1,70,79,80,-1,70,80,81,-1,81,82,70,-1,70,82,83,-1,70,83,71,-1,84,85,86,-1,86,85,87,-1,88,89,79,-1,79,89,90,-1,79,90,91,-1,92,93,85,-1,85,93,94,-1,85,94,95,-1,96,97,98,-1,98,97,99,-1,100,101,78,-1,78,101,102,-1,78,102,103,-1,104,105,106,-1,106,105,107,-1,106,107,108,-1,109,95,110,-1,110,95,111,-1,110,111,106,-1,106,111,112,-1,106,112,104,-1,113,114,115,-1,115,114,116,-1,115,116,78,-1,78,116,117,-1,78,117,100,-1,103,118,78,-1,78,118,119,-1,78,119,79,-1,79,119,120,-1,79,120,88,-1,109,121,95,-1,95,121,122,-1,95,122,85,-1,85,122,123,-1,85,123,87,-1,124,125,126,-1,126,125,127,-1,126,127,98,-1,98,127,128,-1,98,128,96,-1,99,129,98,-1,98,129,130,-1,98,130,131,-1,91,132,79,-1,79,132,133,-1,79,133,134,-1,134,133,124,-1,134,124,135,-1,135,124,126,-1,136,137,98,-1,98,137,138,-1,98,138,85,-1,85,138,139,-1,85,139,92,-1,131,140,98,-1,98,140,141,-1,98,141,142,-1,142,143,98,-1,98,143,144,-1,98,144,136,-1,145,146,147,-1,147,95,145,-1,145,95,94,-1,145,94,148,-1,148,94,149,-1,149,150,148,-1,148,150,151,-1,148,151,152,-1,153,154,155,-1,156,157,154,-1,157,158,154,-1,154,158,159,-1,154,159,160,-1,155,161,153,-1,153,161,162,-1,153,162,163,-1,146,145,153,-1,153,145,164,-1,153,164,154,-1,154,164,165,-1,154,165,156,-1,160,166,154,-1,154,166,167,-1,154,167,168,-1,168,167,169,-1,168,169,170,-1,170,169,171,-1,172,173,163,-1,163,173,174,-1,163,174,153,-1,27,175,29,-1,29,175,176,-1,29,176,115,-1,115,176,177,-1,115,177,113,-1,178,179,180,-1,19,18,181,-1,181,18,182,-1,181,182,183,-1,184,185,186,-1,186,185,187,-1,186,187,188,-1,188,187,178,-1,188,178,189,-1,190,191,192,-1,192,191,193,-1,192,193,183,-1,180,179,194,-1,194,179,195,-1,194,195,196,-1,197,198,199,-1,200,201,202,-1,202,201,203,-1,202,203,204,-1,204,203,197,-1,204,197,205,-1,205,197,199,-1,206,207,208,-1,207,209,210,-1,211,212,213,-1,207,210,214,-1,215,216,206,-1,211,213,206,-1,206,213,217,-1,206,217,215,-1,216,218,206,-1,206,218,219,-1,206,219,207,-1,207,219,220,-1,207,220,209,-1,221,222,223,-1,223,222,224,-1,223,224,208,-1,208,224,225,-1,208,225,206,-1,226,227,16,-1,228,229,16,-1,210,230,214,-1,214,230,231,-1,214,231,232,-1,228,16,233,-1,232,234,214,-1,214,234,235,-1,214,235,236,-1,236,235,237,-1,236,237,226,-1,229,238,16,-1,16,238,239,-1,16,239,14,-1,240,241,227,-1,227,241,242,-1,227,242,16,-1,16,242,243,-1,16,243,233,-1,244,245,246,-1,246,245,247,-1,246,247,248,-1,246,249,244,-1,244,249,250,-1,244,250,251,-1,251,252,244,-1,244,252,253,-1,244,253,254,-1,254,253,255,-1,254,255,256,-1,256,255,257,-1,256,257,227,-1,227,257,258,-1,227,258,240,-1,259,260,248,-1,248,260,261,-1,248,261,246,-1,262,263,212,-1,212,263,264,-1,212,264,213,-1,262,265,263,-1,263,265,266,-1,263,266,267,-1,267,266,268,-1,267,269,270,-1,268,271,267,-1,267,271,272,-1,267,272,273,-1,273,274,267,-1,267,274,275,-1,267,275,269,-1,270,276,267,-1,267,276,277,-1,267,277,278,-1,279,280,281,-1,282,283,281,-1,281,283,284,-1,281,284,279,-1,280,279,285,-1,285,279,286,-1,285,286,287,-1,283,288,284,-1,284,288,289,-1,284,289,290,-1,290,289,291,-1,290,291,292,-1,292,291,293,-1,292,293,287,-1,287,293,294,-1,287,294,285,-1,295,296,297,-1,297,296,298,-1,297,298,299,-1,300,299,301,-1,301,299,298,-1,301,298,302,-1,302,298,303,-1,302,303,304,-1,304,303,305,-1,306,307,308,-1,309,310,311,-1,311,310,312,-1,311,312,300,-1,300,312,313,-1,300,313,299,-1,299,313,314,-1,299,314,308,-1,308,314,315,-1,308,315,306,-1,316,317,295,-1,295,317,318,-1,295,318,296,-1,11,13,9,-1,6,319,320,-1,320,319,321,-1,320,321,322,-1,322,321,5,-1,322,5,323,-1,323,5,324,-1,323,324,325,-1,325,324,326,-1,325,326,327,-1,327,326,328,-1,327,328,329,-1,330,331,332,-1,332,331,333,-1,332,333,334,-1,334,333,335,-1,334,335,336,-1,336,335,307,-1,336,307,316,-1,316,307,306,-1,316,306,317,-1,337,338,332,-1,332,338,339,-1,332,339,340,-1,341,342,343,-1,343,342,344,-1,345,346,347,-1,347,346,348,-1,347,348,349,-1,349,348,344,-1,349,344,350,-1,350,344,342,-1,340,351,332,-1,332,351,352,-1,332,352,330,-1,345,347,332,-1,332,347,353,-1,332,353,337,-1,354,355,356,-1,356,355,357,-1,356,357,316,-1,316,357,358,-1,316,358,336,-1,359,360,361,-1,361,360,362,-1,361,362,363,-1,364,365,366,-1,366,367,364,-1,364,367,368,-1,364,368,369,-1,370,371,364,-1,364,371,372,-1,364,372,365,-1,373,374,375,-1,375,374,376,-1,375,376,370,-1,370,376,377,-1,370,377,371,-1,378,379,380,-1,380,379,381,-1,381,382,380,-1,380,382,383,-1,380,383,373,-1,378,380,384,-1,384,380,385,-1,384,385,386,-1,386,385,387,-1,387,385,207,-1,387,207,388,-1,335,389,307,-1,307,389,390,-1,307,390,391,-1,391,390,392,-1,391,392,393,-1,394,395,396,-1,396,395,397,-1,398,399,400,-1,207,401,402,-1,394,403,395,-1,395,403,404,-1,395,404,405,-1,405,404,406,-1,407,408,406,-1,406,408,409,-1,406,409,405,-1,410,411,398,-1,398,411,412,-1,398,412,399,-1,413,414,207,-1,207,414,415,-1,207,415,401,-1,416,417,418,-1,418,417,419,-1,418,419,420,-1,400,421,398,-1,398,421,422,-1,398,422,385,-1,385,422,397,-1,385,397,423,-1,423,397,395,-1,423,424,385,-1,385,424,425,-1,385,425,207,-1,207,425,426,-1,207,426,413,-1,402,427,207,-1,207,427,428,-1,207,428,208,-1,208,428,429,-1,208,429,418,-1,430,431,406,-1,406,431,432,-1,406,432,433,-1,433,434,406,-1,406,434,435,-1,406,435,407,-1,436,437,328,-1,329,328,438,-1,438,328,437,-1,438,437,439,-1,439,440,438,-1,438,440,441,-1,438,441,398,-1,398,441,442,-1,398,442,410,-1,443,444,16,-1,16,444,445,-1,226,16,236,-1,236,16,445,-1,236,445,201,-1,201,445,446,-1,201,446,203,-1,447,444,448,-1,448,444,443,-1,448,443,449,-1,324,450,451,-1,452,326,15,-1,15,326,324,-1,15,324,16,-1,16,324,451,-1,16,451,443,-1,443,451,453,-1,443,453,454,-1,454,455,443,-1,443,455,456,-1,443,456,457,-1,4,458,5,-1,5,458,459,-1,5,459,324,-1,324,459,460,-1,324,460,450,-1,457,461,443,-1,443,461,462,-1,443,462,449,-1,463,464,321,-1,464,465,321,-1,321,465,466,-1,321,466,5,-1,5,466,467,-1,5,467,3,-1,452,221,326,-1,326,221,223,-1,326,223,328,-1,328,223,208,-1,328,208,436,-1,436,208,418,-1,436,418,468,-1,468,418,420,-1,319,180,321,-1,321,180,194,-1,321,194,463,-1,463,194,196,-1,463,196,200,-1,200,196,17,-1,200,17,201,-1,201,17,19,-1,7,10,8,-1,8,10,469,-1,8,469,470,-1,471,115,472,-1,472,115,78,-1,472,78,473,-1,473,78,70,-1,473,70,474,-1,474,70,69,-1,474,69,475,-1,471,476,477,-1,476,478,477,-1,477,478,479,-1,477,479,473,-1,473,479,480,-1,473,480,472,-1,481,482,483,-1,483,482,479,-1,483,479,484,-1,484,479,478,-1,484,478,485,-1,485,478,486,-1,193,189,183,-1,183,189,178,-1,183,178,181,-1,181,178,180,-1,181,180,487,-1,488,489,470,-1,470,489,490,-1,491,492,493,-1,493,492,494,-1,493,494,470,-1,470,494,495,-1,470,495,488,-1,490,496,470,-1,470,496,497,-1,470,497,498,-1,6,8,319,-1,319,8,470,-1,319,470,180,-1,180,470,498,-1,180,498,487,-1,487,499,181,-1,181,499,500,-1,181,500,493,-1,493,500,501,-1,493,501,502,-1,502,503,493,-1,493,503,504,-1,493,504,491,-1,505,506,470,-1,507,508,509,-1,470,506,493,-1,493,506,510,-1,493,510,511,-1,373,375,380,-1,380,375,477,-1,380,477,385,-1,385,477,473,-1,385,473,398,-1,398,473,474,-1,398,474,438,-1,438,474,475,-1,438,475,329,-1,493,279,181,-1,181,279,284,-1,181,284,19,-1,19,284,290,-1,19,290,201,-1,201,290,299,-1,201,299,236,-1,236,299,308,-1,236,308,214,-1,214,308,307,-1,214,307,207,-1,207,307,391,-1,207,391,388,-1,388,391,393,-1,471,477,115,-1,115,477,375,-1,115,375,29,-1,29,375,512,-1,29,512,28,-1,512,513,28,-1,28,513,0,-1,28,0,370,-1,370,0,2,-1,370,2,375,-1,375,2,514,-1,375,514,512,-1,515,516,292,-1,292,516,517,-1,292,517,290,-1,290,517,518,-1,290,518,519,-1,519,520,290,-1,290,520,521,-1,290,521,522,-1,297,523,292,-1,292,523,524,-1,292,524,525,-1,522,526,290,-1,290,526,527,-1,290,527,299,-1,299,527,528,-1,299,528,297,-1,297,528,529,-1,297,529,523,-1,525,530,292,-1,292,530,531,-1,292,531,515,-1,509,505,507,-1,507,505,470,-1,507,470,532,-1,532,470,469,-1,532,469,511,-1,511,469,533,-1,511,533,493,-1,493,533,534,-1,493,534,279,-1,279,534,535,-1,279,535,286,-1,9,13,10,-1,10,13,536,-1,10,536,469,-1,469,536,537,-1,469,537,533,-1,533,537,538,-1,533,538,534,-1,534,538,539,-1,534,539,535,-1,369,363,364,-1,364,363,362,-1,364,362,370,-1,370,362,540,-1,370,540,28,-1,28,540,37,-1,28,37,30,-1,30,37,36,-1,539,541,535,-1,535,541,542,-1,535,542,286,-1,286,542,543,-1,286,543,287,-1,287,543,544,-1,287,544,292,-1,292,544,545,-1,292,545,297,-1,297,545,546,-1,297,546,295,-1,295,546,547,-1,295,547,316,-1,316,547,548,-1,316,548,356,-1,356,548,360,-1,356,360,354,-1,354,360,359,-1,549,550,551,-1,551,550,552,-1,549,551,553,-1,549,553,554,-1,554,553,555,-1,554,555,556,-1,556,555,557,-1,556,557,558,-1,558,557,559,-1,558,559,560,-1,560,559,561,-1,560,561,562,-1,562,561,563,-1,562,563,564,-1,552,550,565,-1,552,565,566,-1,566,565,567,-1,566,567,568,-1,568,567,569,-1,568,569,570,-1,570,569,571,-1,570,571,572,-1,572,571,573,-1,572,573,574,-1,574,573,575,-1,574,575,576,-1,577,578,579,-1,580,581,582,-1,580,582,579,-1,579,582,583,-1,579,583,584,-1,576,575,584,-1,584,575,585,-1,584,585,579,-1,579,585,586,-1,579,586,577,-1,587,588,589,-1,590,591,589,-1,589,591,592,-1,592,593,589,-1,589,593,594,-1,589,594,587,-1,595,596,597,-1,564,563,598,-1,598,563,599,-1,600,601,602,-1,602,601,603,-1,600,598,601,-1,601,598,599,-1,601,599,597,-1,597,599,604,-1,597,604,595,-1,605,606,607,-1,607,606,608,-1,608,606,609,-1,608,609,610,-1,610,609,611,-1,610,611,612,-1,612,611,613,-1,612,613,614,-1,614,613,615,-1,614,615,616,-1,616,615,617,-1,616,617,618,-1,618,617,590,-1,618,590,589,-1,608,610,619,-1,620,621,622,-1,589,623,624,-1,622,621,589,-1,625,589,621,-1,625,621,626,-1,626,621,620,-1,626,620,627,-1,618,589,625,-1,628,629,630,-1,630,629,624,-1,630,624,631,-1,631,624,623,-1,631,623,632,-1,618,625,616,-1,616,625,626,-1,616,626,614,-1,614,626,627,-1,614,627,612,-1,633,628,634,-1,634,628,630,-1,634,630,635,-1,635,630,631,-1,635,631,636,-1,636,631,632,-1,636,632,637,-1,638,633,639,-1,639,633,634,-1,639,634,640,-1,640,634,635,-1,640,635,641,-1,641,635,636,-1,641,636,642,-1,642,636,637,-1,642,637,643,-1,610,638,619,-1,619,638,639,-1,619,639,644,-1,644,639,640,-1,644,640,645,-1,645,640,641,-1,645,641,646,-1,646,641,642,-1,646,642,647,-1,647,642,643,-1,647,643,648,-1,608,619,649,-1,649,619,644,-1,649,644,650,-1,650,644,645,-1,650,645,651,-1,651,645,646,-1,651,646,652,-1,652,646,647,-1,652,647,653,-1,653,647,648,-1,653,648,601,-1,629,589,624,-1,610,612,638,-1,638,612,627,-1,638,627,633,-1,633,627,620,-1,633,620,628,-1,628,620,622,-1,628,622,629,-1,629,622,589,-1,590,617,654,-1,655,656,657,-1,606,658,659,-1,657,656,606,-1,660,606,656,-1,660,656,661,-1,661,656,655,-1,661,655,662,-1,609,606,660,-1,663,664,665,-1,665,664,659,-1,665,659,666,-1,666,659,658,-1,666,658,667,-1,609,660,611,-1,611,660,661,-1,611,661,613,-1,613,661,662,-1,613,662,615,-1,668,663,669,-1,669,663,665,-1,669,665,670,-1,670,665,666,-1,670,666,671,-1,671,666,667,-1,671,667,672,-1,673,668,674,-1,674,668,669,-1,674,669,675,-1,675,669,670,-1,675,670,676,-1,676,670,671,-1,676,671,677,-1,677,671,672,-1,677,672,678,-1,617,673,654,-1,654,673,674,-1,654,674,679,-1,679,674,675,-1,679,675,680,-1,680,675,676,-1,680,676,681,-1,681,676,677,-1,681,677,682,-1,682,677,678,-1,682,678,683,-1,590,654,684,-1,684,654,679,-1,684,679,685,-1,685,679,680,-1,685,680,686,-1,686,680,681,-1,686,681,687,-1,687,681,682,-1,687,682,688,-1,688,682,683,-1,688,683,579,-1,664,606,659,-1,617,615,673,-1,673,615,662,-1,673,662,668,-1,668,662,655,-1,668,655,663,-1,663,655,657,-1,663,657,664,-1,664,657,606,-1,603,601,689,-1,689,601,648,-1,689,648,690,-1,643,691,692,-1,692,693,643,-1,643,693,694,-1,643,694,648,-1,648,694,695,-1,648,695,690,-1,691,643,696,-1,696,643,637,-1,696,637,697,-1,698,699,632,-1,632,699,700,-1,632,700,637,-1,637,700,701,-1,637,701,697,-1,589,588,623,-1,623,588,702,-1,702,703,623,-1,623,703,704,-1,623,704,632,-1,632,704,705,-1,632,705,698,-1,607,608,649,-1,607,649,706,-1,706,649,650,-1,706,650,707,-1,707,650,651,-1,707,651,708,-1,708,651,652,-1,708,652,709,-1,709,652,653,-1,709,653,710,-1,710,653,601,-1,710,601,597,-1,605,607,711,-1,605,711,712,-1,712,711,713,-1,712,713,714,-1,714,713,715,-1,714,715,716,-1,716,715,717,-1,716,717,718,-1,718,717,719,-1,718,719,720,-1,720,719,44,-1,720,44,541,-1,606,605,721,-1,606,721,658,-1,658,721,722,-1,658,722,667,-1,667,722,723,-1,667,723,672,-1,672,723,724,-1,672,724,678,-1,678,724,725,-1,678,725,683,-1,683,725,580,-1,683,580,579,-1,591,590,726,-1,726,590,684,-1,726,684,727,-1,685,728,729,-1,729,730,685,-1,685,730,731,-1,685,731,684,-1,684,731,732,-1,684,732,727,-1,728,685,733,-1,733,685,686,-1,733,686,734,-1,735,736,687,-1,687,736,737,-1,687,737,686,-1,686,737,738,-1,686,738,734,-1,579,578,688,-1,688,578,739,-1,739,740,688,-1,688,740,741,-1,688,741,687,-1,687,741,742,-1,687,742,735,-1,44,719,743,-1,744,745,746,-1,607,706,747,-1,746,745,607,-1,748,607,745,-1,748,745,749,-1,749,745,744,-1,749,744,750,-1,711,607,748,-1,751,752,753,-1,753,752,747,-1,753,747,754,-1,754,747,706,-1,754,706,707,-1,711,748,713,-1,713,748,749,-1,713,749,715,-1,715,749,750,-1,715,750,717,-1,755,751,756,-1,756,751,753,-1,756,753,757,-1,757,753,754,-1,757,754,758,-1,758,754,707,-1,758,707,708,-1,759,755,760,-1,760,755,756,-1,760,756,761,-1,761,756,757,-1,761,757,762,-1,762,757,758,-1,762,758,763,-1,763,758,708,-1,763,708,709,-1,719,759,743,-1,743,759,760,-1,743,760,764,-1,764,760,761,-1,764,761,765,-1,765,761,762,-1,765,762,766,-1,766,762,763,-1,766,763,767,-1,767,763,709,-1,767,709,710,-1,44,743,768,-1,768,743,764,-1,768,764,769,-1,769,764,765,-1,769,765,770,-1,770,765,766,-1,770,766,771,-1,771,766,767,-1,771,767,772,-1,772,767,710,-1,772,710,597,-1,752,607,747,-1,719,717,759,-1,759,717,750,-1,759,750,755,-1,755,750,744,-1,755,744,751,-1,751,744,746,-1,751,746,752,-1,752,746,607,-1,580,725,773,-1,774,775,776,-1,605,712,777,-1,776,775,605,-1,778,605,775,-1,778,775,779,-1,779,775,774,-1,779,774,780,-1,721,605,778,-1,781,782,783,-1,783,782,777,-1,783,777,784,-1,784,777,712,-1,784,712,714,-1,721,778,722,-1,722,778,779,-1,722,779,723,-1,723,779,780,-1,723,780,724,-1,785,781,786,-1,786,781,783,-1,786,783,787,-1,787,783,784,-1,787,784,788,-1,788,784,714,-1,788,714,716,-1,789,785,790,-1,790,785,786,-1,790,786,791,-1,791,786,787,-1,791,787,792,-1,792,787,788,-1,792,788,793,-1,793,788,716,-1,793,716,718,-1,725,789,773,-1,773,789,790,-1,773,790,794,-1,794,790,791,-1,794,791,795,-1,795,791,792,-1,795,792,796,-1,796,792,793,-1,796,793,797,-1,797,793,718,-1,797,718,720,-1,580,773,798,-1,798,773,794,-1,798,794,799,-1,799,794,795,-1,799,795,800,-1,800,795,796,-1,800,796,801,-1,801,796,797,-1,801,797,802,-1,802,797,720,-1,802,720,541,-1,782,605,777,-1,725,724,789,-1,789,724,780,-1,789,780,785,-1,785,780,774,-1,785,774,781,-1,781,774,776,-1,781,776,782,-1,782,776,605,-1,72,44,803,-1,803,44,768,-1,803,768,804,-1,769,805,806,-1,806,807,769,-1,769,807,808,-1,769,808,768,-1,768,808,809,-1,768,809,804,-1,805,769,810,-1,810,769,770,-1,810,770,811,-1,812,813,771,-1,771,813,814,-1,771,814,770,-1,770,814,815,-1,770,815,811,-1,597,596,772,-1,772,596,816,-1,816,817,772,-1,772,817,818,-1,772,818,771,-1,771,818,819,-1,771,819,812,-1,581,580,820,-1,820,580,798,-1,820,798,821,-1,799,822,823,-1,823,824,799,-1,799,824,825,-1,799,825,798,-1,798,825,826,-1,798,826,821,-1,822,799,827,-1,827,799,800,-1,827,800,828,-1,829,830,801,-1,801,830,831,-1,801,831,800,-1,800,831,832,-1,800,832,828,-1,541,12,802,-1,802,12,833,-1,833,834,802,-1,802,834,835,-1,802,835,801,-1,801,835,836,-1,801,836,829,-1,
        ]
    }
}
Shape{
    appearance Appearance {
        material  Material 	{
            diffuseColor 0.8509803921568627 0.8509803921568627 0.8509803921568627
            specularColor 0.4235294117647059 0.4235294117647059 0.4235294117647059
            ambientIntensity 0.851
            transparency 0.0
            shininess 0.5
        }
    }
    geometry IndexedFaceSet {
        ccw TRUE
        solid FALSE
        coord DEF co Coordinate {
            point [
                -0.1772 -0.4921 0.0512, -0.1772 -0.4921 0.0564, -0.1772 -0.4928 0.0513, -0.1772 -0.4908 0.041, -0.1772 -0.4948 0.0466, -0.1772 -0.4869 0.0315, -0.1772 -0.4979 0.0425, -0.1772 -0.502 0.0394, -0.1772 -0.5006 0.0292, -0.1772 -0.4967 0.0197, -0.1772 -0.4806 0.0233, -0.1772 -0.4904 0.0115, -0.1772 -0.4724 0.0171, -0.1772 0.5006 0.0292, -0.1772 0.502 0.0394, -0.1772 0.4979 0.0425, -0.1772 0.4967 0.0197, -0.1772 0.4869 0.0315, -0.1772 0.4908 0.041, -0.1772 0.4948 0.0466, -0.1772 0.4921 0.0512, -0.1772 0.4928 0.0513, -0.1772 0.4921 0.0564, -0.1772 -0.4626 0.0, -0.1772 -0.4629 0.0132, -0.1772 -0.4728 0.0013, -0.1772 -0.4823 0.0053, -0.1772 0.4904 0.0115, -0.1772 0.4806 0.0233, -0.1772 0.4823 0.0053, -0.1772 0.4724 0.0171, -0.1772 0.4728 0.0013, -0.1772 0.4629 0.0132, -0.1772 0.4626 0.0, -0.1772 0.4528 0.0118, -0.1772 -0.4528 0.0118, -0.5886 -0.4626 0.0, -0.6004 -0.4508 0.0, -0.5916 -0.4622 0.0, -0.5945 -0.461 0.0, -0.5969 -0.4591 0.0, -0.5988 -0.4567 0.0, -0.6 -0.4538 0.0, -0.6004 0.4508 0.0, -0.5886 0.4626 0.0, -0.6 0.4538 0.0, -0.5988 0.4567 0.0, -0.5969 0.4591 0.0, -0.5945 0.461 0.0, -0.5916 0.4622 0.0, 0.1772 0.4921 0.0512, 0.1772 0.4921 0.0564, 0.1772 0.4928 0.0513, 0.1772 -0.5006 0.0292, 0.1772 -0.502 0.0394, 0.1772 -0.4979 0.0425, 0.1772 0.4869 0.0315, 0.1772 0.4908 0.041, 0.1772 0.4979 0.0425, 0.1772 -0.4967 0.0197, 0.1772 -0.4869 0.0315, 0.1772 -0.4908 0.041, 0.1772 -0.4948 0.0466, 0.1772 -0.4921 0.0512, 0.1772 -0.4928 0.0513, 0.1772 -0.4921 0.0564, 0.1772 0.4948 0.0466, 0.1772 0.5006 0.0292, 0.1772 0.4967 0.0197, 0.1772 0.4806 0.0233, 0.1772 0.4904 0.0115, 0.1772 0.4724 0.0171, 0.1772 0.4626 0.0, 0.1772 0.4629 0.0132, 0.1772 0.4728 0.0013, 0.1772 0.4823 0.0053, 0.1772 0.502 0.0394, 0.1772 -0.4904 0.0115, 0.1772 -0.4806 0.0233, 0.1772 -0.4823 0.0053, 0.1772 -0.4724 0.0171, 0.1772 -0.4728 0.0013, 0.1772 -0.4629 0.0132, 0.1772 -0.4626 0.0, 0.1772 -0.4528 0.0118, 0.1772 0.4528 0.0118, 0.6004 0.4508 0.0, 0.6004 -0.4508 0.0, 0.5886 -0.4626 0.0, 0.5916 -0.4622 0.0, 0.5886 0.4626 0.0, 0.5916 0.4622 0.0, 0.5945 0.461 0.0, 0.5969 0.4591 0.0, 0.5988 0.4567 0.0, 0.6 0.4538 0.0, 0.6 -0.4538 0.0, 0.5988 -0.4567 0.0, 0.5945 -0.461 0.0, 0.5969 -0.4591 0.0, 0.5886 -0.4728 0.0013, 0.5886 -0.4823 0.0053, 0.5886 -0.4904 0.0115, 0.5886 -0.4967 0.0197, 0.5886 -0.5006 0.0292, 0.5886 -0.502 0.0394, 0.6028 -0.4998 0.0394, 0.6018 -0.5002 0.0394, 0.6015 -0.4989 0.0292, 0.6384 -0.4508 0.0292, 0.6398 -0.4508 0.0394, 0.6398 -0.4516 0.0394, 0.6397 -0.4524 0.0394, 0.6389 -0.4578 0.0394, 0.6367 -0.4637 0.0292, 0.6386 -0.4599 0.0394, 0.638 -0.464 0.0394, 0.6369 -0.4669 0.0394, 0.6341 -0.4735 0.0394, 0.6317 -0.4757 0.0292, 0.6333 -0.4755 0.0394, 0.6329 -0.4764 0.0394, 0.6292 -0.4813 0.0394, 0.6248 -0.487 0.0394, 0.6238 -0.486 0.0292, 0.6231 -0.4882 0.0394, 0.6175 -0.4926 0.0394, 0.6142 -0.4951 0.0394, 0.6135 -0.4939 0.0292, 0.6113 -0.4963 0.0394, 0.6094 -0.4971 0.0394, 0.5957 -0.5011 0.0394, 0.5902 -0.5019 0.0394, 0.5894 -0.502 0.0394, 0.6345 -0.4508 0.0197, 0.6329 -0.4627 0.0197, 0.6282 -0.4508 0.0115, 0.6269 -0.461 0.0115, 0.6201 -0.4508 0.0053, 0.619 -0.4589 0.0053, 0.6106 -0.4508 0.0013, 0.6098 -0.4565 0.0013, 0.6283 -0.4737 0.0197, 0.6229 -0.4706 0.0115, 0.6159 -0.4665 0.0053, 0.6076 -0.4618 0.0013, 0.621 -0.4832 0.0197, 0.6166 -0.4788 0.0115, 0.6109 -0.4731 0.0053, 0.6041 -0.4663 0.0013, 0.6115 -0.4905 0.0197, 0.6084 -0.4851 0.0115, 0.6043 -0.4781 0.0053, 0.5996 -0.4698 0.0013, 0.6005 -0.4951 0.0197, 0.5988 -0.4891 0.0115, 0.5967 -0.4812 0.0053, 0.5943 -0.472 0.0013, 0.6106 0.4508 0.0013, 0.6201 0.4508 0.0053, 0.6282 0.4508 0.0115, 0.6345 0.4508 0.0197, 0.6384 0.4508 0.0292, 0.6398 0.4508 0.0394, 0.6376 0.465 0.0394, 0.638 0.464 0.0394, 0.6367 0.4637 0.0292, 0.5886 0.5006 0.0292, 0.5886 0.502 0.0394, 0.5894 0.502 0.0394, 0.5902 0.5019 0.0394, 0.5956 0.5011 0.0394, 0.6015 0.4989 0.0292, 0.5977 0.5008 0.0394, 0.6018 0.5002 0.0394, 0.6046 0.4991 0.0394, 0.6113 0.4963 0.0394, 0.6135 0.4939 0.0292, 0.6133 0.4955 0.0394, 0.6142 0.4951 0.0394, 0.6191 0.4914 0.0394, 0.6248 0.487 0.0394, 0.6238 0.486 0.0292, 0.626 0.4853 0.0394, 0.6304 0.4797 0.0394, 0.6329 0.4764 0.0394, 0.6317 0.4757 0.0292, 0.6341 0.4736 0.0394, 0.6349 0.4716 0.0394, 0.6389 0.4579 0.0394, 0.6397 0.4524 0.0394, 0.6398 0.4516 0.0394, 0.5886 0.4967 0.0197, 0.6005 0.4951 0.0197, 0.5886 0.4904 0.0115, 0.5988 0.4891 0.0115, 0.5886 0.4823 0.0053, 0.5967 0.4812 0.0053, 0.5886 0.4728 0.0013, 0.5943 0.472 0.0013, 0.6115 0.4905 0.0197, 0.6084 0.4851 0.0115, 0.6043 0.4781 0.0053, 0.5996 0.4698 0.0013, 0.621 0.4832 0.0197, 0.6166 0.4788 0.0115, 0.6109 0.4731 0.0053, 0.6041 0.4663 0.0013, 0.6283 0.4737 0.0197, 0.6229 0.4706 0.0115, 0.6159 0.4665 0.0053, 0.6076 0.4618 0.0013, 0.6329 0.4627 0.0197, 0.6269 0.461 0.0115, 0.619 0.4589 0.0053, 0.6098 0.4565 0.0013, -0.5886 -0.4728 0.0013, -0.5886 -0.4823 0.0053, -0.5886 -0.4904 0.0115, -0.5886 -0.4967 0.0197, -0.5886 -0.5006 0.0292, -0.5886 -0.502 0.0394, -0.6376 -0.465 0.0394, -0.638 -0.464 0.0394, -0.6367 -0.4637 0.0292, -0.5894 -0.502 0.0394, -0.5902 -0.5019 0.0394, -0.5956 -0.5011 0.0394, -0.6015 -0.4989 0.0292, -0.5977 -0.5008 0.0394, -0.6018 -0.5002 0.0394, -0.6046 -0.4991 0.0394, -0.6113 -0.4963 0.0394, -0.6135 -0.4939 0.0292, -0.6133 -0.4955 0.0394, -0.6142 -0.4951 0.0394, -0.6191 -0.4914 0.0394, -0.6248 -0.487 0.0394, -0.6238 -0.486 0.0292, -0.626 -0.4853 0.0394, -0.6304 -0.4797 0.0394, -0.6329 -0.4764 0.0394, -0.6317 -0.4757 0.0292, -0.6341 -0.4736 0.0394, -0.6349 -0.4716 0.0394, -0.6389 -0.4579 0.0394, -0.6397 -0.4524 0.0394, -0.6384 -0.4508 0.0292, -0.6398 -0.4516 0.0394, -0.6398 -0.4508 0.0394, -0.6005 -0.4951 0.0197, -0.5988 -0.4891 0.0115, -0.5967 -0.4812 0.0053, -0.5943 -0.472 0.0013, -0.6115 -0.4905 0.0197, -0.6084 -0.4851 0.0115, -0.6043 -0.4781 0.0053, -0.5996 -0.4698 0.0013, -0.621 -0.4832 0.0197, -0.6166 -0.4788 0.0115, -0.6109 -0.4731 0.0053, -0.6041 -0.4663 0.0013, -0.6283 -0.4737 0.0197, -0.6229 -0.4706 0.0115, -0.6159 -0.4665 0.0053, -0.6076 -0.4618 0.0013, -0.6329 -0.4627 0.0197, -0.6269 -0.461 0.0115, -0.619 -0.4589 0.0053, -0.6098 -0.4565 0.0013, -0.6345 -0.4508 0.0197, -0.6282 -0.4508 0.0115, -0.6201 -0.4508 0.0053, -0.6106 -0.4508 0.0013, -0.6106 0.4508 0.0013, -0.6201 0.4508 0.0053, -0.6282 0.4508 0.0115, -0.6345 0.4508 0.0197, -0.6384 0.4508 0.0292, -0.6398 0.4508 0.0394, -0.6028 0.4998 0.0394, -0.6018 0.5002 0.0394, -0.6015 0.4989 0.0292, -0.6398 0.4516 0.0394, -0.6397 0.4524 0.0394, -0.6389 0.4578 0.0394, -0.6367 0.4637 0.0292, -0.6386 0.4599 0.0394, -0.638 0.464 0.0394, -0.6369 0.4669 0.0394, -0.6341 0.4735 0.0394, -0.6317 0.4757 0.0292, -0.6333 0.4755 0.0394, -0.6329 0.4764 0.0394, -0.6292 0.4813 0.0394, -0.6248 0.487 0.0394, -0.6238 0.486 0.0292, -0.6231 0.4882 0.0394, -0.6175 0.4926 0.0394, -0.6142 0.4951 0.0394, -0.6135 0.4939 0.0292, -0.6113 0.4963 0.0394, -0.6094 0.4971 0.0394, -0.5957 0.5011 0.0394, -0.5902 0.5019 0.0394, -0.5886 0.5006 0.0292, -0.5894 0.502 0.0394, -0.5886 0.502 0.0394, -0.6329 0.4627 0.0197, -0.6269 0.461 0.0115, -0.619 0.4589 0.0053, -0.6098 0.4565 0.0013, -0.6283 0.4737 0.0197, -0.6229 0.4706 0.0115, -0.6159 0.4665 0.0053, -0.6076 0.4618 0.0013, -0.621 0.4832 0.0197, -0.6166 0.4788 0.0115, -0.6109 0.4731 0.0053, -0.6041 0.4663 0.0013, -0.6115 0.4905 0.0197, -0.6084 0.4851 0.0115, -0.6043 0.4781 0.0053, -0.5996 0.4698 0.0013, -0.6005 0.4951 0.0197, -0.5988 0.4891 0.0115, -0.5967 0.4812 0.0053, -0.5943 0.472 0.0013, -0.5886 0.4967 0.0197, -0.5886 0.4904 0.0115, -0.5886 0.4823 0.0053, -0.5886 0.4728 0.0013, 0.5886 -0.4986 0.0418, 0.5886 -0.498 0.0426, 0.5886 -0.4959 0.0448, 0.5886 -0.4949 0.0466, 0.5886 -0.4938 0.0484, 0.5886 -0.4929 0.0513, 0.5886 -0.4926 0.0523, 0.5886 -0.4921 0.0564, 0.5895 -0.4938 0.0484, 0.5895 -0.4959 0.0448, 0.5894 -0.4986 0.0418, 0.5896 -0.4921 0.0564, 0.5895 -0.4926 0.0523, 0.5903 -0.4986 0.0418, 0.5903 -0.4979 0.0426, 0.5903 -0.4959 0.0448, 0.5904 -0.4948 0.0466, 0.5904 -0.4938 0.0484, 0.5906 -0.4921 0.0564, 0.5905 -0.4926 0.0523, 0.5905 -0.4929 0.0513, 0.6061 -0.4889 0.056, 0.6063 -0.4895 0.0511, 0.6079 -0.4888 0.0511, 0.6365 -0.4525 0.0419, 0.6357 -0.4525 0.0425, 0.6353 -0.4575 0.0425, 0.6338 -0.4525 0.0449, 0.6326 -0.4526 0.0466, 0.6323 -0.4572 0.0466, 0.6305 -0.4527 0.0523, 0.6299 -0.4528 0.0564, 0.6297 -0.4571 0.0563, 0.6318 -0.4526 0.0485, 0.6306 -0.4527 0.0513, 0.6303 -0.4571 0.0513, 0.635 -0.4594 0.0425, 0.6295 -0.4588 0.0562, 0.6301 -0.4588 0.0512, 0.6285 -0.4629 0.0561, 0.6288 -0.4645 0.0512, 0.6334 -0.4659 0.0425, 0.6309 -0.472 0.0425, 0.63 -0.4737 0.0425, 0.6282 -0.4644 0.0561, 0.626 -0.4698 0.056, 0.6266 -0.47 0.0511, 0.6253 -0.4713 0.056, 0.6258 -0.4716 0.0511, 0.6246 -0.4724 0.056, 0.6227 -0.4765 0.0511, 0.6265 -0.4793 0.0425, 0.6221 -0.4843 0.0425, 0.6207 -0.4856 0.0425, 0.6156 -0.4898 0.0425, 0.6222 -0.4762 0.0559, 0.6184 -0.4806 0.0559, 0.6188 -0.481 0.0511, 0.6172 -0.4818 0.0559, 0.6176 -0.4822 0.0511, 0.6127 -0.4853 0.056, 0.613 -0.4859 0.0511, 0.6102 -0.4868 0.056, 0.6076 -0.4882 0.056, 0.6007 -0.4914 0.0512, 0.6007 -0.4908 0.0561, 0.6006 -0.4908 0.0561, 0.6098 -0.4931 0.0425, 0.6081 -0.4939 0.0425, 0.6018 -0.4962 0.0425, 0.632 -0.459 0.0465, 0.6306 -0.465 0.0465, 0.6283 -0.4708 0.0465, 0.6275 -0.4724 0.0465, 0.6241 -0.4776 0.0465, 0.6201 -0.4823 0.0465, 0.6188 -0.4835 0.0465, 0.614 -0.4874 0.0465, 0.6086 -0.4905 0.0465, 0.607 -0.4912 0.0465, 0.6011 -0.4933 0.0465, 0.595 -0.4945 0.0466, 0.5953 -0.4975 0.0425, 0.5949 -0.4919 0.0563, 0.5949 -0.4925 0.0513, 0.6364 -0.4516 0.0418, 0.6307 -0.4508 0.0513, 0.6304 -0.4508 0.0523, 0.6304 -0.4517 0.0523, 0.6299 -0.4508 0.0564, 0.6299 -0.4518 0.0564, 0.6316 -0.4508 0.0484, 0.6327 -0.4508 0.0466, 0.6316 -0.4517 0.0484, 0.6337 -0.4508 0.0448, 0.6337 -0.4517 0.0448, 0.6357 -0.4508 0.0426, 0.6364 -0.4508 0.0418, 0.6364 0.4508 0.0418, 0.6357 0.4508 0.0426, 0.6337 0.4508 0.0448, 0.6327 0.4508 0.0466, 0.6316 0.4508 0.0484, 0.6307 0.4508 0.0513, 0.6304 0.4508 0.0523, 0.6299 0.4508 0.0564, 0.6316 0.4517 0.0484, 0.6337 0.4517 0.0448, 0.6364 0.4516 0.0418, 0.6299 0.4518 0.0564, 0.6304 0.4517 0.0523, 0.6364 0.4525 0.0418, 0.6357 0.4525 0.0426, 0.6337 0.4525 0.0448, 0.6326 0.4526 0.0466, 0.6316 0.4526 0.0484, 0.6299 0.4528 0.0564, 0.6303 0.4527 0.0523, 0.6307 0.4527 0.0513, 0.6267 0.4683 0.056, 0.6273 0.4685 0.0511, 0.6266 0.4701 0.0511, 0.5903 0.4987 0.0419, 0.5903 0.4979 0.0425, 0.5953 0.4975 0.0425, 0.5903 0.496 0.0449, 0.5904 0.4948 0.0466, 0.595 0.4945 0.0466, 0.5905 0.4927 0.0523, 0.5906 0.4921 0.0564, 0.5949 0.4919 0.0563, 0.5904 0.494 0.0485, 0.5905 0.4928 0.0513, 0.5949 0.4925 0.0513, 0.5972 0.4972 0.0425, 0.5966 0.4917 0.0562, 0.5966 0.4923 0.0512, 0.6007 0.4907 0.0561, 0.6023 0.491 0.0512, 0.6037 0.4956 0.0425, 0.6098 0.4931 0.0425, 0.6115 0.4922 0.0425, 0.6022 0.4904 0.0561, 0.6076 0.4882 0.056, 0.6078 0.4888 0.0511, 0.6091 0.4875 0.056, 0.6094 0.488 0.0511, 0.6102 0.4868 0.056, 0.6143 0.4849 0.0511, 0.6171 0.4887 0.0425, 0.6221 0.4843 0.0425, 0.6234 0.4829 0.0425, 0.6276 0.4778 0.0425, 0.614 0.4844 0.0559, 0.6184 0.4806 0.0559, 0.6188 0.481 0.0511, 0.6195 0.4794 0.0559, 0.62 0.4798 0.0511, 0.6231 0.4749 0.056, 0.6237 0.4752 0.0511, 0.6246 0.4724 0.056, 0.626 0.4698 0.056, 0.6292 0.4629 0.0512, 0.6286 0.4629 0.0561, 0.6286 0.4628 0.0561, 0.6309 0.472 0.0425, 0.6317 0.4703 0.0425, 0.634 0.4641 0.0425, 0.5968 0.4942 0.0465, 0.6028 0.4928 0.0465, 0.6086 0.4905 0.0465, 0.6102 0.4897 0.0465, 0.6154 0.4863 0.0465, 0.6201 0.4823 0.0465, 0.6213 0.481 0.0465, 0.6252 0.4762 0.0465, 0.6283 0.4708 0.0465, 0.629 0.4692 0.0465, 0.6311 0.4633 0.0465, 0.6323 0.4572 0.0466, 0.6353 0.4575 0.0425, 0.6297 0.4571 0.0563, 0.6303 0.4571 0.0513, 0.5894 0.4986 0.0418, 0.5886 0.4929 0.0513, 0.5886 0.4926 0.0523, 0.5895 0.4926 0.0523, 0.5886 0.4921 0.0564, 0.5896 0.4921 0.0564, 0.5886 0.4938 0.0484, 0.5886 0.4949 0.0466, 0.5895 0.4938 0.0484, 0.5886 0.4959 0.0448, 0.5895 0.4959 0.0448, 0.5886 0.498 0.0426, 0.5886 0.4986 0.0418, -0.5886 0.4986 0.0418, -0.5886 0.498 0.0426, -0.5886 0.4959 0.0448, -0.5886 0.4949 0.0466, -0.5886 0.4938 0.0484, -0.5886 0.4929 0.0513, -0.5886 0.4926 0.0523, -0.5886 0.4921 0.0564, -0.5895 0.4938 0.0484, -0.5895 0.4959 0.0448, -0.5894 0.4986 0.0418, -0.5896 0.4921 0.0564, -0.5895 0.4926 0.0523, -0.5903 0.4986 0.0418, -0.5903 0.4979 0.0426, -0.5903 0.4959 0.0448, -0.5904 0.4948 0.0466, -0.5904 0.4938 0.0484, -0.5906 0.4921 0.0564, -0.5905 0.4926 0.0523, -0.5905 0.4929 0.0513, -0.6061 0.4889 0.056, -0.6063 0.4895 0.0511, -0.6079 0.4888 0.0511, -0.6365 0.4525 0.0419, -0.6357 0.4525 0.0425, -0.6353 0.4575 0.0425, -0.6338 0.4525 0.0449, -0.6326 0.4526 0.0466, -0.6323 0.4572 0.0466, -0.6305 0.4527 0.0523, -0.6299 0.4528 0.0564, -0.6297 0.4571 0.0563, -0.6318 0.4526 0.0485, -0.6306 0.4527 0.0513, -0.6303 0.4571 0.0513, -0.635 0.4594 0.0425, -0.6295 0.4588 0.0562, -0.6301 0.4588 0.0512, -0.6285 0.4629 0.0561, -0.6288 0.4645 0.0512, -0.6334 0.4659 0.0425, -0.6309 0.472 0.0425, -0.63 0.4737 0.0425, -0.6282 0.4644 0.0561, -0.626 0.4698 0.056, -0.6266 0.47 0.0511, -0.6253 0.4713 0.056, -0.6258 0.4716 0.0511, -0.6246 0.4724 0.056, -0.6227 0.4765 0.0511, -0.6265 0.4793 0.0425, -0.6221 0.4843 0.0425, -0.6207 0.4856 0.0425, -0.6156 0.4898 0.0425, -0.6222 0.4762 0.0559, -0.6184 0.4806 0.0559, -0.6188 0.481 0.0511, -0.6172 0.4818 0.0559, -0.6176 0.4822 0.0511, -0.6127 0.4853 0.056, -0.613 0.4859 0.0511, -0.6102 0.4868 0.056, -0.6076 0.4882 0.056, -0.6007 0.4914 0.0512, -0.6007 0.4908 0.0561, -0.6006 0.4908 0.0561, -0.6098 0.4931 0.0425, -0.6081 0.4939 0.0425, -0.6018 0.4962 0.0425, -0.632 0.459 0.0465, -0.6306 0.465 0.0465, -0.6283 0.4708 0.0465, -0.6275 0.4724 0.0465, -0.6241 0.4776 0.0465, -0.6201 0.4823 0.0465, -0.6188 0.4835 0.0465, -0.614 0.4874 0.0465, -0.6086 0.4905 0.0465, -0.607 0.4912 0.0465, -0.6011 0.4933 0.0465, -0.595 0.4945 0.0466, -0.5953 0.4975 0.0425, -0.5949 0.4919 0.0563, -0.5949 0.4925 0.0513, -0.6364 0.4516 0.0418, -0.6307 0.4508 0.0513, -0.6304 0.4508 0.0523, -0.6304 0.4517 0.0523, -0.6299 0.4508 0.0564, -0.6299 0.4518 0.0564, -0.6316 0.4508 0.0484, -0.6327 0.4508 0.0466, -0.6316 0.4517 0.0484, -0.6337 0.4508 0.0448, -0.6337 0.4517 0.0448, -0.6357 0.4508 0.0426, -0.6364 0.4508 0.0418, -0.6364 -0.4508 0.0418, -0.6357 -0.4508 0.0426, -0.6337 -0.4508 0.0448, -0.6327 -0.4508 0.0466, -0.6316 -0.4508 0.0484, -0.6307 -0.4508 0.0513, -0.6304 -0.4508 0.0523, -0.6299 -0.4508 0.0564, -0.6316 -0.4517 0.0484, -0.6337 -0.4517 0.0448, -0.6364 -0.4516 0.0418, -0.6299 -0.4518 0.0564, -0.6304 -0.4517 0.0523, -0.6364 -0.4525 0.0418, -0.6357 -0.4525 0.0426, -0.6337 -0.4525 0.0448, -0.6326 -0.4526 0.0466, -0.6316 -0.4526 0.0484, -0.6299 -0.4528 0.0564, -0.6303 -0.4527 0.0523, -0.6307 -0.4527 0.0513, -0.6267 -0.4683 0.056, -0.6273 -0.4685 0.0511, -0.6266 -0.4701 0.0511, -0.5903 -0.4987 0.0419, -0.5903 -0.4979 0.0425, -0.5953 -0.4975 0.0425, -0.5903 -0.496 0.0449, -0.5904 -0.4948 0.0466, -0.595 -0.4945 0.0466, -0.5905 -0.4927 0.0523, -0.5906 -0.4921 0.0564, -0.5949 -0.4919 0.0563, -0.5904 -0.494 0.0485, -0.5905 -0.4928 0.0513, -0.5949 -0.4925 0.0513, -0.5972 -0.4972 0.0425, -0.5966 -0.4917 0.0562, -0.5966 -0.4923 0.0512, -0.6007 -0.4907 0.0561, -0.6023 -0.491 0.0512, -0.6037 -0.4956 0.0425, -0.6098 -0.4931 0.0425, -0.6115 -0.4922 0.0425, -0.6022 -0.4904 0.0561, -0.6076 -0.4882 0.056, -0.6078 -0.4888 0.0511, -0.6091 -0.4875 0.056, -0.6094 -0.488 0.0511, -0.6102 -0.4868 0.056, -0.6143 -0.4849 0.0511, -0.6171 -0.4887 0.0425, -0.6221 -0.4843 0.0425, -0.6234 -0.4829 0.0425, -0.6276 -0.4778 0.0425, -0.614 -0.4844 0.0559, -0.6184 -0.4806 0.0559, -0.6188 -0.481 0.0511, -0.6195 -0.4794 0.0559, -0.62 -0.4798 0.0511, -0.6231 -0.4749 0.056, -0.6237 -0.4752 0.0511, -0.6246 -0.4724 0.056, -0.626 -0.4698 0.056, -0.6292 -0.4629 0.0512, -0.6286 -0.4629 0.0561, -0.6286 -0.4628 0.0561, -0.6309 -0.472 0.0425, -0.6317 -0.4703 0.0425, -0.634 -0.4641 0.0425, -0.5968 -0.4942 0.0465, -0.6028 -0.4928 0.0465, -0.6086 -0.4905 0.0465, -0.6102 -0.4897 0.0465, -0.6154 -0.4863 0.0465, -0.6201 -0.4823 0.0465, -0.6213 -0.481 0.0465, -0.6252 -0.4762 0.0465, -0.6283 -0.4708 0.0465, -0.629 -0.4692 0.0465, -0.6311 -0.4633 0.0465, -0.6323 -0.4572 0.0466, -0.6353 -0.4575 0.0425, -0.6297 -0.4571 0.0563, -0.6303 -0.4571 0.0513, -0.5894 -0.4986 0.0418, -0.5886 -0.4929 0.0513, -0.5886 -0.4926 0.0523, -0.5895 -0.4926 0.0523, -0.5886 -0.4921 0.0564, -0.5896 -0.4921 0.0564, -0.5886 -0.4938 0.0484, -0.5886 -0.4949 0.0466, -0.5895 -0.4938 0.0484, -0.5886 -0.4959 0.0448, -0.5895 -0.4959 0.0448, -0.5886 -0.498 0.0426, -0.5886 -0.4986 0.0418
            ]
        }
        coordIndex [
            0,1,2,-1,0,2,3,-1,3,2,4,-1,3,4,5,-1,5,4,6,-1,5,6,7,-1,7,8,5,-1,5,8,9,-1,5,9,10,-1,10,9,11,-1,10,11,12,-1,13,14,15,-1,16,13,17,-1,17,13,15,-1,17,15,18,-1,18,15,19,-1,18,19,20,-1,20,19,21,-1,20,21,22,-1,23,24,25,-1,25,24,12,-1,25,12,26,-1,26,12,11,-1,16,17,27,-1,27,17,28,-1,27,28,29,-1,29,28,30,-1,29,30,31,-1,31,30,32,-1,31,32,33,-1,33,32,34,-1,33,34,23,-1,23,34,35,-1,23,35,24,-1,23,36,37,-1,37,36,38,-1,37,38,39,-1,39,40,37,-1,37,40,41,-1,37,41,42,-1,23,37,33,-1,33,37,43,-1,33,43,44,-1,44,43,45,-1,44,45,46,-1,46,47,44,-1,44,47,48,-1,44,48,49,-1,50,51,52,-1,53,54,55,-1,56,57,58,-1,59,53,60,-1,60,53,55,-1,60,55,61,-1,61,55,62,-1,61,62,63,-1,63,62,64,-1,63,64,65,-1,50,52,57,-1,57,52,66,-1,57,66,58,-1,67,68,69,-1,69,68,70,-1,69,70,71,-1,72,73,74,-1,74,73,71,-1,74,71,75,-1,75,71,70,-1,56,58,69,-1,69,58,76,-1,69,76,67,-1,59,60,77,-1,77,60,78,-1,77,78,79,-1,79,78,80,-1,79,80,81,-1,81,80,82,-1,81,82,83,-1,83,82,84,-1,83,84,72,-1,72,84,85,-1,72,85,73,-1,72,86,83,-1,83,86,87,-1,83,87,88,-1,88,87,89,-1,72,90,86,-1,86,90,91,-1,86,91,92,-1,92,93,86,-1,86,93,94,-1,86,94,95,-1,87,96,89,-1,89,96,97,-1,89,97,98,-1,98,97,99,-1,83,88,100,-1,83,100,81,-1,81,100,101,-1,81,101,79,-1,79,101,102,-1,79,102,77,-1,77,102,103,-1,77,103,59,-1,59,103,104,-1,59,104,53,-1,53,104,105,-1,53,105,54,-1,106,107,108,-1,109,110,111,-1,112,113,114,-1,114,113,115,-1,114,115,116,-1,117,118,119,-1,119,118,120,-1,119,120,121,-1,122,123,124,-1,124,123,125,-1,126,127,128,-1,128,127,129,-1,128,129,130,-1,131,132,104,-1,104,132,133,-1,104,133,105,-1,111,112,109,-1,109,112,114,-1,109,114,134,-1,134,114,135,-1,134,135,136,-1,136,135,137,-1,136,137,138,-1,138,137,139,-1,138,139,140,-1,140,139,141,-1,140,141,87,-1,87,141,96,-1,116,117,114,-1,114,117,119,-1,114,119,135,-1,135,119,142,-1,135,142,137,-1,137,142,143,-1,137,143,139,-1,139,143,144,-1,139,144,141,-1,141,144,145,-1,141,145,96,-1,96,145,97,-1,121,122,119,-1,119,122,124,-1,119,124,142,-1,142,124,146,-1,142,146,143,-1,143,146,147,-1,143,147,144,-1,144,147,148,-1,144,148,145,-1,145,148,149,-1,145,149,97,-1,97,149,99,-1,125,126,124,-1,124,126,128,-1,124,128,146,-1,146,128,150,-1,146,150,147,-1,147,150,151,-1,147,151,148,-1,148,151,152,-1,148,152,149,-1,149,152,153,-1,149,153,99,-1,99,153,98,-1,130,106,128,-1,128,106,108,-1,128,108,150,-1,150,108,154,-1,150,154,151,-1,151,154,155,-1,151,155,152,-1,152,155,156,-1,152,156,153,-1,153,156,157,-1,153,157,98,-1,98,157,89,-1,107,131,108,-1,108,131,104,-1,108,104,154,-1,154,104,103,-1,154,103,155,-1,155,103,102,-1,155,102,156,-1,156,102,101,-1,156,101,157,-1,157,101,100,-1,157,100,89,-1,89,100,88,-1,87,86,158,-1,87,158,140,-1,140,158,159,-1,140,159,138,-1,138,159,160,-1,138,160,136,-1,136,160,161,-1,136,161,134,-1,134,161,162,-1,134,162,109,-1,109,162,163,-1,109,163,110,-1,164,165,166,-1,167,168,169,-1,170,171,172,-1,172,171,173,-1,172,173,174,-1,175,176,177,-1,177,176,178,-1,177,178,179,-1,180,181,182,-1,182,181,183,-1,184,185,186,-1,186,185,187,-1,186,187,188,-1,189,190,162,-1,162,190,191,-1,162,191,163,-1,169,170,167,-1,167,170,172,-1,167,172,192,-1,192,172,193,-1,192,193,194,-1,194,193,195,-1,194,195,196,-1,196,195,197,-1,196,197,198,-1,198,197,199,-1,198,199,90,-1,90,199,91,-1,174,175,172,-1,172,175,177,-1,172,177,193,-1,193,177,200,-1,193,200,195,-1,195,200,201,-1,195,201,197,-1,197,201,202,-1,197,202,199,-1,199,202,203,-1,199,203,91,-1,91,203,92,-1,179,180,177,-1,177,180,182,-1,177,182,200,-1,200,182,204,-1,200,204,201,-1,201,204,205,-1,201,205,202,-1,202,205,206,-1,202,206,203,-1,203,206,207,-1,203,207,92,-1,92,207,93,-1,183,184,182,-1,182,184,186,-1,182,186,204,-1,204,186,208,-1,204,208,205,-1,205,208,209,-1,205,209,206,-1,206,209,210,-1,206,210,207,-1,207,210,211,-1,207,211,93,-1,93,211,94,-1,188,164,186,-1,186,164,166,-1,186,166,208,-1,208,166,212,-1,208,212,209,-1,209,212,213,-1,209,213,210,-1,210,213,214,-1,210,214,211,-1,211,214,215,-1,211,215,94,-1,94,215,95,-1,165,189,166,-1,166,189,162,-1,166,162,212,-1,212,162,161,-1,212,161,213,-1,213,161,160,-1,213,160,214,-1,214,160,159,-1,214,159,215,-1,215,159,158,-1,215,158,95,-1,95,158,86,-1,90,72,74,-1,90,74,198,-1,198,74,75,-1,198,75,196,-1,196,75,70,-1,196,70,194,-1,194,70,68,-1,194,68,192,-1,192,68,67,-1,192,67,167,-1,167,67,76,-1,167,76,168,-1,36,23,25,-1,36,25,216,-1,216,25,26,-1,216,26,217,-1,217,26,11,-1,217,11,218,-1,218,11,9,-1,218,9,219,-1,219,9,8,-1,219,8,220,-1,220,8,7,-1,220,7,221,-1,222,223,224,-1,220,221,225,-1,226,227,228,-1,228,227,229,-1,228,229,230,-1,231,232,233,-1,233,232,234,-1,233,234,235,-1,236,237,238,-1,238,237,239,-1,240,241,242,-1,242,241,243,-1,242,243,244,-1,245,246,247,-1,247,246,248,-1,247,248,249,-1,225,226,220,-1,220,226,228,-1,220,228,219,-1,219,228,250,-1,219,250,218,-1,218,250,251,-1,218,251,217,-1,217,251,252,-1,217,252,216,-1,216,252,253,-1,216,253,36,-1,36,253,38,-1,230,231,228,-1,228,231,233,-1,228,233,250,-1,250,233,254,-1,250,254,251,-1,251,254,255,-1,251,255,252,-1,252,255,256,-1,252,256,253,-1,253,256,257,-1,253,257,38,-1,38,257,39,-1,235,236,233,-1,233,236,238,-1,233,238,254,-1,254,238,258,-1,254,258,255,-1,255,258,259,-1,255,259,256,-1,256,259,260,-1,256,260,257,-1,257,260,261,-1,257,261,39,-1,39,261,40,-1,239,240,238,-1,238,240,242,-1,238,242,258,-1,258,242,262,-1,258,262,259,-1,259,262,263,-1,259,263,260,-1,260,263,264,-1,260,264,261,-1,261,264,265,-1,261,265,40,-1,40,265,41,-1,244,222,242,-1,242,222,224,-1,242,224,262,-1,262,224,266,-1,262,266,263,-1,263,266,267,-1,263,267,264,-1,264,267,268,-1,264,268,265,-1,265,268,269,-1,265,269,41,-1,41,269,42,-1,223,245,224,-1,224,245,247,-1,224,247,266,-1,266,247,270,-1,266,270,267,-1,267,270,271,-1,267,271,268,-1,268,271,272,-1,268,272,269,-1,269,272,273,-1,269,273,42,-1,42,273,37,-1,43,37,273,-1,43,273,274,-1,274,273,272,-1,274,272,275,-1,275,272,271,-1,275,271,276,-1,276,271,270,-1,276,270,277,-1,277,270,247,-1,277,247,278,-1,278,247,249,-1,278,249,279,-1,280,281,282,-1,278,279,283,-1,284,285,286,-1,286,285,287,-1,286,287,288,-1,289,290,291,-1,291,290,292,-1,291,292,293,-1,294,295,296,-1,296,295,297,-1,298,299,300,-1,300,299,301,-1,300,301,302,-1,303,304,305,-1,305,304,306,-1,305,306,307,-1,283,284,278,-1,278,284,286,-1,278,286,277,-1,277,286,308,-1,277,308,276,-1,276,308,309,-1,276,309,275,-1,275,309,310,-1,275,310,274,-1,274,310,311,-1,274,311,43,-1,43,311,45,-1,288,289,286,-1,286,289,291,-1,286,291,308,-1,308,291,312,-1,308,312,309,-1,309,312,313,-1,309,313,310,-1,310,313,314,-1,310,314,311,-1,311,314,315,-1,311,315,45,-1,45,315,46,-1,293,294,291,-1,291,294,296,-1,291,296,312,-1,312,296,316,-1,312,316,313,-1,313,316,317,-1,313,317,314,-1,314,317,318,-1,314,318,315,-1,315,318,319,-1,315,319,46,-1,46,319,47,-1,297,298,296,-1,296,298,300,-1,296,300,316,-1,316,300,320,-1,316,320,317,-1,317,320,321,-1,317,321,318,-1,318,321,322,-1,318,322,319,-1,319,322,323,-1,319,323,47,-1,47,323,48,-1,302,280,300,-1,300,280,282,-1,300,282,320,-1,320,282,324,-1,320,324,321,-1,321,324,325,-1,321,325,322,-1,322,325,326,-1,322,326,323,-1,323,326,327,-1,323,327,48,-1,48,327,49,-1,281,303,282,-1,282,303,305,-1,282,305,324,-1,324,305,328,-1,324,328,325,-1,325,328,329,-1,325,329,326,-1,326,329,330,-1,326,330,327,-1,327,330,331,-1,327,331,49,-1,49,331,44,-1,33,44,331,-1,33,331,31,-1,31,331,330,-1,31,330,29,-1,29,330,329,-1,29,329,27,-1,27,329,328,-1,27,328,16,-1,16,328,305,-1,16,305,13,-1,13,305,307,-1,13,307,14,-1,105,332,54,-1,54,332,55,-1,332,333,55,-1,55,333,334,-1,55,334,62,-1,62,334,335,-1,62,335,64,-1,335,336,64,-1,64,336,337,-1,64,337,65,-1,65,337,338,-1,65,338,339,-1,337,336,340,-1,340,336,335,-1,340,335,341,-1,341,335,334,-1,341,334,342,-1,342,334,333,-1,342,333,332,-1,343,339,344,-1,344,339,338,-1,132,342,133,-1,133,342,332,-1,133,332,105,-1,132,345,342,-1,342,345,346,-1,342,346,341,-1,341,346,347,-1,341,347,340,-1,340,347,348,-1,348,349,340,-1,340,349,344,-1,340,344,337,-1,337,344,338,-1,350,343,351,-1,351,343,344,-1,351,344,352,-1,352,344,349,-1,353,354,355,-1,356,357,358,-1,359,360,361,-1,362,363,364,-1,365,366,367,-1,367,366,362,-1,113,112,356,-1,356,358,113,-1,113,358,368,-1,113,368,115,-1,362,364,367,-1,367,364,369,-1,367,369,370,-1,370,369,371,-1,370,371,372,-1,115,368,116,-1,116,368,373,-1,116,373,117,-1,117,373,374,-1,117,374,118,-1,118,374,375,-1,118,375,120,-1,371,376,372,-1,372,376,377,-1,372,377,378,-1,378,377,379,-1,378,379,380,-1,380,379,381,-1,380,381,382,-1,120,375,121,-1,121,375,383,-1,121,383,122,-1,122,383,384,-1,122,384,123,-1,123,384,385,-1,123,385,125,-1,125,385,386,-1,125,386,126,-1,381,387,382,-1,382,387,388,-1,382,388,389,-1,389,388,390,-1,389,390,391,-1,391,390,392,-1,391,392,393,-1,393,392,394,-1,393,394,355,-1,355,394,395,-1,355,395,353,-1,354,353,396,-1,396,353,397,-1,396,397,398,-1,126,386,127,-1,127,386,399,-1,127,399,129,-1,129,399,400,-1,129,400,130,-1,130,400,401,-1,130,401,106,-1,360,365,361,-1,361,365,367,-1,361,367,402,-1,402,367,370,-1,402,370,403,-1,403,370,372,-1,403,372,404,-1,404,372,378,-1,404,378,405,-1,405,378,380,-1,405,380,406,-1,406,380,382,-1,406,382,407,-1,407,382,389,-1,407,389,408,-1,408,389,391,-1,408,391,409,-1,409,391,393,-1,409,393,410,-1,410,393,355,-1,410,355,411,-1,411,355,354,-1,411,354,412,-1,412,354,396,-1,412,396,413,-1,413,414,412,-1,412,414,401,-1,412,401,411,-1,411,401,400,-1,411,400,410,-1,410,400,399,-1,410,399,409,-1,409,399,386,-1,409,386,408,-1,408,386,385,-1,408,385,407,-1,407,385,384,-1,407,384,406,-1,406,384,383,-1,406,383,405,-1,405,383,375,-1,405,375,404,-1,404,375,374,-1,404,374,403,-1,403,374,373,-1,403,373,402,-1,402,373,368,-1,402,368,361,-1,361,368,358,-1,361,358,359,-1,359,358,357,-1,415,350,416,-1,416,350,351,-1,416,351,352,-1,398,415,396,-1,396,415,416,-1,396,416,413,-1,413,416,352,-1,413,352,349,-1,349,348,413,-1,413,348,347,-1,413,347,414,-1,414,347,346,-1,414,346,345,-1,106,401,107,-1,107,401,414,-1,107,414,131,-1,131,414,345,-1,131,345,132,-1,417,111,110,-1,418,419,420,-1,419,421,422,-1,418,420,423,-1,424,425,426,-1,426,425,427,-1,426,427,428,-1,428,427,417,-1,428,417,429,-1,429,417,110,-1,419,422,420,-1,420,422,363,-1,420,363,362,-1,362,366,420,-1,420,366,425,-1,420,425,423,-1,423,425,424,-1,366,365,425,-1,425,365,360,-1,425,360,427,-1,427,360,359,-1,427,359,417,-1,112,111,356,-1,356,111,417,-1,356,417,357,-1,357,417,359,-1,110,163,429,-1,429,163,430,-1,429,430,428,-1,428,430,431,-1,428,431,426,-1,426,431,432,-1,426,432,424,-1,424,432,433,-1,424,433,423,-1,423,433,434,-1,423,434,418,-1,418,434,435,-1,418,435,419,-1,419,435,436,-1,419,436,421,-1,421,436,437,-1,435,434,438,-1,438,434,433,-1,438,433,439,-1,439,433,432,-1,439,432,440,-1,440,432,431,-1,440,431,430,-1,441,437,442,-1,442,437,436,-1,190,440,191,-1,191,440,430,-1,191,430,163,-1,190,443,440,-1,440,443,444,-1,440,444,439,-1,439,444,445,-1,439,445,438,-1,438,445,446,-1,446,447,438,-1,438,447,442,-1,438,442,435,-1,435,442,436,-1,448,441,449,-1,449,441,442,-1,449,442,450,-1,450,442,447,-1,451,452,453,-1,454,455,456,-1,457,458,459,-1,460,461,462,-1,463,464,465,-1,465,464,460,-1,171,170,454,-1,454,456,171,-1,171,456,466,-1,171,466,173,-1,460,462,465,-1,465,462,467,-1,465,467,468,-1,468,467,469,-1,468,469,470,-1,173,466,174,-1,174,466,471,-1,174,471,175,-1,175,471,472,-1,175,472,176,-1,176,472,473,-1,176,473,178,-1,469,474,470,-1,470,474,475,-1,470,475,476,-1,476,475,477,-1,476,477,478,-1,478,477,479,-1,478,479,480,-1,178,473,179,-1,179,473,481,-1,179,481,180,-1,180,481,482,-1,180,482,181,-1,181,482,483,-1,181,483,183,-1,183,483,484,-1,183,484,184,-1,479,485,480,-1,480,485,486,-1,480,486,487,-1,487,486,488,-1,487,488,489,-1,489,488,490,-1,489,490,491,-1,491,490,492,-1,491,492,453,-1,453,492,493,-1,453,493,451,-1,452,451,494,-1,494,451,495,-1,494,495,496,-1,184,484,185,-1,185,484,497,-1,185,497,187,-1,187,497,498,-1,187,498,188,-1,188,498,499,-1,188,499,164,-1,458,463,459,-1,459,463,465,-1,459,465,500,-1,500,465,468,-1,500,468,501,-1,501,468,470,-1,501,470,502,-1,502,470,476,-1,502,476,503,-1,503,476,478,-1,503,478,504,-1,504,478,480,-1,504,480,505,-1,505,480,487,-1,505,487,506,-1,506,487,489,-1,506,489,507,-1,507,489,491,-1,507,491,508,-1,508,491,453,-1,508,453,509,-1,509,453,452,-1,509,452,510,-1,510,452,494,-1,510,494,511,-1,511,512,510,-1,510,512,499,-1,510,499,509,-1,509,499,498,-1,509,498,508,-1,508,498,497,-1,508,497,507,-1,507,497,484,-1,507,484,506,-1,506,484,483,-1,506,483,505,-1,505,483,482,-1,505,482,504,-1,504,482,481,-1,504,481,503,-1,503,481,473,-1,503,473,502,-1,502,473,472,-1,502,472,501,-1,501,472,471,-1,501,471,500,-1,500,471,466,-1,500,466,459,-1,459,466,456,-1,459,456,457,-1,457,456,455,-1,513,448,514,-1,514,448,449,-1,514,449,450,-1,496,513,494,-1,494,513,514,-1,494,514,511,-1,511,514,450,-1,511,450,447,-1,447,446,511,-1,511,446,445,-1,511,445,512,-1,512,445,444,-1,512,444,443,-1,164,499,165,-1,165,499,512,-1,165,512,189,-1,189,512,443,-1,189,443,190,-1,515,169,168,-1,516,517,518,-1,517,519,520,-1,516,518,521,-1,522,523,524,-1,524,523,525,-1,524,525,526,-1,526,525,515,-1,526,515,527,-1,527,515,168,-1,517,520,518,-1,518,520,461,-1,518,461,460,-1,460,464,518,-1,518,464,523,-1,518,523,521,-1,521,523,522,-1,464,463,523,-1,523,463,458,-1,523,458,525,-1,525,458,457,-1,525,457,515,-1,170,169,454,-1,454,169,515,-1,454,515,455,-1,455,515,457,-1,527,168,76,-1,527,76,526,-1,526,76,58,-1,526,58,524,-1,524,58,522,-1,522,58,66,-1,522,66,521,-1,521,66,52,-1,521,52,516,-1,51,519,52,-1,52,519,517,-1,52,517,516,-1,307,528,14,-1,14,528,15,-1,528,529,15,-1,15,529,530,-1,15,530,19,-1,19,530,531,-1,19,531,21,-1,531,532,21,-1,21,532,533,-1,21,533,22,-1,22,533,534,-1,22,534,535,-1,533,532,536,-1,536,532,531,-1,536,531,537,-1,537,531,530,-1,537,530,538,-1,538,530,529,-1,538,529,528,-1,539,535,540,-1,540,535,534,-1,304,538,306,-1,306,538,528,-1,306,528,307,-1,304,541,538,-1,538,541,542,-1,538,542,537,-1,537,542,543,-1,537,543,536,-1,536,543,544,-1,544,545,536,-1,536,545,540,-1,536,540,533,-1,533,540,534,-1,546,539,547,-1,547,539,540,-1,547,540,548,-1,548,540,545,-1,549,550,551,-1,552,553,554,-1,555,556,557,-1,558,559,560,-1,561,562,563,-1,563,562,558,-1,285,284,552,-1,552,554,285,-1,285,554,564,-1,285,564,287,-1,558,560,563,-1,563,560,565,-1,563,565,566,-1,566,565,567,-1,566,567,568,-1,287,564,288,-1,288,564,569,-1,288,569,289,-1,289,569,570,-1,289,570,290,-1,290,570,571,-1,290,571,292,-1,567,572,568,-1,568,572,573,-1,568,573,574,-1,574,573,575,-1,574,575,576,-1,576,575,577,-1,576,577,578,-1,292,571,293,-1,293,571,579,-1,293,579,294,-1,294,579,580,-1,294,580,295,-1,295,580,581,-1,295,581,297,-1,297,581,582,-1,297,582,298,-1,577,583,578,-1,578,583,584,-1,578,584,585,-1,585,584,586,-1,585,586,587,-1,587,586,588,-1,587,588,589,-1,589,588,590,-1,589,590,551,-1,551,590,591,-1,551,591,549,-1,550,549,592,-1,592,549,593,-1,592,593,594,-1,298,582,299,-1,299,582,595,-1,299,595,301,-1,301,595,596,-1,301,596,302,-1,302,596,597,-1,302,597,280,-1,556,561,557,-1,557,561,563,-1,557,563,598,-1,598,563,566,-1,598,566,599,-1,599,566,568,-1,599,568,600,-1,600,568,574,-1,600,574,601,-1,601,574,576,-1,601,576,602,-1,602,576,578,-1,602,578,603,-1,603,578,585,-1,603,585,604,-1,604,585,587,-1,604,587,605,-1,605,587,589,-1,605,589,606,-1,606,589,551,-1,606,551,607,-1,607,551,550,-1,607,550,608,-1,608,550,592,-1,608,592,609,-1,609,610,608,-1,608,610,597,-1,608,597,607,-1,607,597,596,-1,607,596,606,-1,606,596,595,-1,606,595,605,-1,605,595,582,-1,605,582,604,-1,604,582,581,-1,604,581,603,-1,603,581,580,-1,603,580,602,-1,602,580,579,-1,602,579,601,-1,601,579,571,-1,601,571,600,-1,600,571,570,-1,600,570,599,-1,599,570,569,-1,599,569,598,-1,598,569,564,-1,598,564,557,-1,557,564,554,-1,557,554,555,-1,555,554,553,-1,611,546,612,-1,612,546,547,-1,612,547,548,-1,594,611,592,-1,592,611,612,-1,592,612,609,-1,609,612,548,-1,609,548,545,-1,545,544,609,-1,609,544,543,-1,609,543,610,-1,610,543,542,-1,610,542,541,-1,280,597,281,-1,281,597,610,-1,281,610,303,-1,303,610,541,-1,303,541,304,-1,613,283,279,-1,614,615,616,-1,615,617,618,-1,614,616,619,-1,620,621,622,-1,622,621,623,-1,622,623,624,-1,624,623,613,-1,624,613,625,-1,625,613,279,-1,615,618,616,-1,616,618,559,-1,616,559,558,-1,558,562,616,-1,616,562,621,-1,616,621,619,-1,619,621,620,-1,562,561,621,-1,621,561,556,-1,621,556,623,-1,623,556,555,-1,623,555,613,-1,284,283,552,-1,552,283,613,-1,552,613,553,-1,553,613,555,-1,279,249,625,-1,625,249,626,-1,625,626,624,-1,624,626,627,-1,624,627,622,-1,622,627,628,-1,622,628,620,-1,620,628,629,-1,620,629,619,-1,619,629,630,-1,619,630,614,-1,614,630,631,-1,614,631,615,-1,615,631,632,-1,615,632,617,-1,617,632,633,-1,631,630,634,-1,634,630,629,-1,634,629,635,-1,635,629,628,-1,635,628,636,-1,636,628,627,-1,636,627,626,-1,637,633,638,-1,638,633,632,-1,246,636,248,-1,248,636,626,-1,248,626,249,-1,246,639,636,-1,636,639,640,-1,636,640,635,-1,635,640,641,-1,635,641,634,-1,634,641,642,-1,642,643,634,-1,634,643,638,-1,634,638,631,-1,631,638,632,-1,644,637,645,-1,645,637,638,-1,645,638,646,-1,646,638,643,-1,647,648,649,-1,650,651,652,-1,653,654,655,-1,656,657,658,-1,659,660,661,-1,661,660,656,-1,227,226,650,-1,650,652,227,-1,227,652,662,-1,227,662,229,-1,656,658,661,-1,661,658,663,-1,661,663,664,-1,664,663,665,-1,664,665,666,-1,229,662,230,-1,230,662,667,-1,230,667,231,-1,231,667,668,-1,231,668,232,-1,232,668,669,-1,232,669,234,-1,665,670,666,-1,666,670,671,-1,666,671,672,-1,672,671,673,-1,672,673,674,-1,674,673,675,-1,674,675,676,-1,234,669,235,-1,235,669,677,-1,235,677,236,-1,236,677,678,-1,236,678,237,-1,237,678,679,-1,237,679,239,-1,239,679,680,-1,239,680,240,-1,675,681,676,-1,676,681,682,-1,676,682,683,-1,683,682,684,-1,683,684,685,-1,685,684,686,-1,685,686,687,-1,687,686,688,-1,687,688,649,-1,649,688,689,-1,649,689,647,-1,648,647,690,-1,690,647,691,-1,690,691,692,-1,240,680,241,-1,241,680,693,-1,241,693,243,-1,243,693,694,-1,243,694,244,-1,244,694,695,-1,244,695,222,-1,654,659,655,-1,655,659,661,-1,655,661,696,-1,696,661,664,-1,696,664,697,-1,697,664,666,-1,697,666,698,-1,698,666,672,-1,698,672,699,-1,699,672,674,-1,699,674,700,-1,700,674,676,-1,700,676,701,-1,701,676,683,-1,701,683,702,-1,702,683,685,-1,702,685,703,-1,703,685,687,-1,703,687,704,-1,704,687,649,-1,704,649,705,-1,705,649,648,-1,705,648,706,-1,706,648,690,-1,706,690,707,-1,707,708,706,-1,706,708,695,-1,706,695,705,-1,705,695,694,-1,705,694,704,-1,704,694,693,-1,704,693,703,-1,703,693,680,-1,703,680,702,-1,702,680,679,-1,702,679,701,-1,701,679,678,-1,701,678,700,-1,700,678,677,-1,700,677,699,-1,699,677,669,-1,699,669,698,-1,698,669,668,-1,698,668,697,-1,697,668,667,-1,697,667,696,-1,696,667,662,-1,696,662,655,-1,655,662,652,-1,655,652,653,-1,653,652,651,-1,709,644,710,-1,710,644,645,-1,710,645,646,-1,692,709,690,-1,690,709,710,-1,690,710,707,-1,707,710,646,-1,707,646,643,-1,643,642,707,-1,707,642,641,-1,707,641,708,-1,708,641,640,-1,708,640,639,-1,222,695,223,-1,223,695,708,-1,223,708,245,-1,245,708,639,-1,245,639,246,-1,711,225,221,-1,712,713,714,-1,713,715,716,-1,712,714,717,-1,718,719,720,-1,720,719,721,-1,720,721,722,-1,722,721,711,-1,722,711,723,-1,723,711,221,-1,713,716,714,-1,714,716,657,-1,714,657,656,-1,656,660,714,-1,714,660,719,-1,714,719,717,-1,717,719,718,-1,660,659,719,-1,719,659,654,-1,719,654,721,-1,721,654,653,-1,721,653,711,-1,226,225,650,-1,650,225,711,-1,650,711,651,-1,651,711,653,-1,723,221,7,-1,723,7,722,-1,722,7,6,-1,722,6,720,-1,720,6,718,-1,718,6,4,-1,718,4,717,-1,717,4,2,-1,717,2,712,-1,1,715,2,-1,2,715,713,-1,2,713,712,-1,
        ]
    }
}
Shape{
    appearance Appearance {
        material  Material 	{
            diffuseColor 1.0 1.0 1.0
            specularColor 0.5019607843137255 0.5019607843137255 0.5019607843137255
            ambientIntensity 1.0
            transparency 0.0
            shininess 0.5
        }
    }
    geometry IndexedFaceSet {
        ccw TRUE
        solid FALSE
        coord DEF co Coordinate {
            point [
                0.63 0.0547 0.2616, 0.63 0.0547 0.2571, 0.6299 0.0547 0.2616, 0.6299 0.0547 0.2571, 0.63 0.0387 0.2616, 0.6299 0.0387 0.2616, 0.63 0.0387 0.2971, 0.6299 0.0387 0.2971, 0.63 0.0336 0.2971, 0.6299 0.0336 0.2971, 0.63 0.0336 0.2571, 0.6299 0.0336 0.2571, 0.6299 0.0863 0.2587, 0.63 0.0863 0.2587, 0.63 0.0856 0.2584, 0.63 0.0813 0.257, 0.63 0.0752 0.2564, 0.6299 0.0787 0.2567, 0.6299 0.0752 0.2564, 0.6299 0.0813 0.257, 0.6299 0.0846 0.2581, 0.6299 0.0856 0.2584, 0.63 0.0863 0.2637, 0.6299 0.0863 0.2637, 0.6299 0.0846 0.2629, 0.63 0.0824 0.2619, 0.6299 0.0824 0.2619, 0.6299 0.0778 0.2611, 0.63 0.0778 0.2611, 0.6299 0.0759 0.261, 0.63 0.0759 0.261, 0.6299 0.0719 0.2615, 0.63 0.0719 0.2615, 0.6299 0.0691 0.2626, 0.63 0.0691 0.2626, 0.6299 0.0664 0.2645, 0.63 0.0664 0.2645, 0.6299 0.0657 0.2652, 0.63 0.0657 0.2652, 0.6299 0.0637 0.2679, 0.63 0.0637 0.2679, 0.6299 0.0624 0.2712, 0.63 0.0624 0.2712, 0.6299 0.0618 0.2752, 0.63 0.0618 0.2752, 0.6299 0.0617 0.2766, 0.63 0.0617 0.2766, 0.6299 0.0624 0.2822, 0.63 0.0624 0.2822, 0.6299 0.0638 0.2857, 0.63 0.0638 0.2857, 0.6299 0.0659 0.2887, 0.63 0.0659 0.2887, 0.6299 0.0687 0.2909, 0.63 0.0687 0.2909, 0.6299 0.0718 0.2924, 0.63 0.0718 0.2924, 0.6299 0.0753 0.2931, 0.63 0.0753 0.2931, 0.6299 0.0768 0.2931, 0.63 0.0768 0.2931, 0.6299 0.0863 0.2907, 0.63 0.0863 0.2907, 0.63 0.0858 0.291, 0.6299 0.0818 0.2925, 0.63 0.0818 0.2925, 0.6299 0.0846 0.2915, 0.6299 0.0858 0.291, 0.63 0.0863 0.2961, 0.6299 0.0863 0.2961, 0.6299 0.0768 0.2978, 0.63 0.0768 0.2978, 0.63 0.0769 0.2978, 0.6299 0.0846 0.2966, 0.63 0.0821 0.2974, 0.6299 0.0821 0.2974, 0.6299 0.081 0.2974, 0.6299 0.0769 0.2978, 0.6299 0.074 0.2974, 0.63 0.071 0.2971, 0.6299 0.071 0.2971, 0.6299 0.0668 0.2954, 0.63 0.0668 0.2954, 0.6299 0.063 0.2928, 0.63 0.063 0.2928, 0.6299 0.0621 0.2919, 0.63 0.0621 0.2919, 0.6299 0.0592 0.2881, 0.63 0.0592 0.2881, 0.6299 0.0581 0.2856, 0.63 0.0573 0.2836, 0.6299 0.0573 0.2836, 0.6299 0.0564 0.2784, 0.63 0.0564 0.2784, 0.6299 0.0563 0.2763, 0.63 0.0563 0.2763, 0.6299 0.057 0.2704, 0.63 0.057 0.2704, 0.6299 0.0581 0.2672, 0.63 0.0585 0.2661, 0.6299 0.0585 0.2661, 0.6299 0.0608 0.2626, 0.63 0.0608 0.2626, 0.6299 0.0614 0.2619, 0.63 0.0614 0.2619, 0.63 0.0728 0.2565, 0.6299 0.0647 0.2592, 0.63 0.0647 0.2592, 0.6299 0.0684 0.2574, 0.63 0.0684 0.2574, 0.6299 0.0717 0.2567, 0.6299 0.0728 0.2565, 0.63 0.1158 0.2616, 0.63 0.1158 0.2571, 0.6299 0.1158 0.2616, 0.6299 0.1158 0.2571, 0.6299 0.0995 0.2616, 0.63 0.0995 0.2616, 0.6299 0.1103 0.2616, 0.63 0.0995 0.2751, 0.6299 0.0995 0.2751, 0.6299 0.1138 0.2751, 0.63 0.1138 0.2751, 0.6299 0.1103 0.2751, 0.63 0.1138 0.2797, 0.6299 0.1138 0.2797, 0.6299 0.0995 0.2797, 0.63 0.0995 0.2797, 0.6299 0.1103 0.2797, 0.63 0.0995 0.2925, 0.6299 0.0995 0.2925, 0.6299 0.1149 0.2925, 0.63 0.1149 0.2925, 0.6299 0.1103 0.2925, 0.63 0.1149 0.2971, 0.6299 0.1149 0.2971, 0.6299 0.0943 0.2971, 0.63 0.0943 0.2971, 0.6299 0.1103 0.2971, 0.63 0.0943 0.2571, 0.6299 0.0943 0.2571, 0.6299 0.1103 0.2571, 0.63 0.1483 0.2683, 0.63 0.1463 0.2658, 0.63 0.1499 0.2627, 0.63 0.1455 0.2651, 0.63 0.1458 0.2597, 0.63 0.1429 0.2634, 0.63 0.1413 0.2579, 0.63 0.1395 0.2622, 0.63 0.1344 0.2571, 0.63 0.1344 0.2616, 0.63 0.1234 0.2571, 0.63 0.1286 0.2616, 0.63 0.1234 0.2971, 0.63 0.1286 0.2925, 0.63 0.1348 0.2971, 0.63 0.1346 0.2925, 0.63 0.1409 0.2964, 0.63 0.1398 0.2919, 0.63 0.1458 0.2947, 0.63 0.1432 0.2907, 0.63 0.1499 0.2918, 0.63 0.1462 0.2887, 0.63 0.1513 0.2905, 0.63 0.1475 0.2874, 0.63 0.1538 0.287, 0.63 0.149 0.2851, 0.63 0.1553 0.2832, 0.63 0.1501 0.2821, 0.63 0.156 0.2776, 0.63 0.1506 0.2775, 0.63 0.1559 0.2751, 0.63 0.1504 0.2749, 0.63 0.1549 0.2704, 0.63 0.1496 0.2713, 0.63 0.1529 0.2662, 0.6299 0.1344 0.2571, 0.6299 0.1234 0.2571, 0.6299 0.1413 0.2579, 0.6299 0.1458 0.2597, 0.6299 0.1499 0.2627, 0.6299 0.1529 0.2662, 0.6299 0.1549 0.2704, 0.6299 0.1559 0.2751, 0.6299 0.156 0.2776, 0.6299 0.1553 0.2832, 0.6299 0.1538 0.287, 0.6299 0.1513 0.2905, 0.6299 0.1499 0.2918, 0.6299 0.1458 0.2947, 0.6299 0.1409 0.2964, 0.6299 0.1348 0.2971, 0.6299 0.1234 0.2971, 0.6299 0.1346 0.2925, 0.6299 0.1286 0.2925, 0.6299 0.1286 0.2616, 0.6299 0.1344 0.2616, 0.6299 0.1463 0.2658, 0.6299 0.1455 0.2651, 0.6299 0.1429 0.2634, 0.6299 0.1395 0.2622, 0.6299 0.1506 0.2775, 0.6299 0.1504 0.2749, 0.6299 0.1496 0.2713, 0.6299 0.1483 0.2683, 0.6299 0.1462 0.2887, 0.6299 0.1475 0.2874, 0.6299 0.149 0.2851, 0.6299 0.1501 0.2821, 0.6299 0.1398 0.2919, 0.6299 0.1432 0.2907
            ]
        }
        coordIndex [
            0,1,2,-1,2,1,3,-1,4,0,5,-1,5,0,2,-1,6,4,7,-1,7,4,5,-1,8,6,9,-1,9,6,7,-1,10,8,11,-1,11,8,9,-1,1,10,3,-1,3,10,11,-1,6,8,4,-1,4,8,10,-1,4,10,0,-1,0,10,1,-1,12,13,14,-1,15,16,17,-1,17,16,18,-1,17,19,15,-1,15,19,20,-1,15,20,14,-1,14,20,21,-1,14,21,12,-1,22,13,23,-1,23,13,12,-1,22,23,24,-1,22,24,25,-1,24,26,25,-1,25,26,27,-1,25,27,28,-1,28,27,29,-1,28,29,30,-1,30,29,31,-1,30,31,32,-1,32,31,33,-1,32,33,34,-1,34,33,35,-1,34,35,36,-1,36,35,37,-1,36,37,38,-1,38,37,39,-1,38,39,40,-1,40,39,41,-1,40,41,42,-1,42,41,43,-1,42,43,44,-1,44,43,45,-1,44,45,46,-1,46,45,47,-1,46,47,48,-1,48,47,49,-1,48,49,50,-1,50,49,51,-1,50,51,52,-1,52,51,53,-1,52,53,54,-1,54,53,55,-1,54,55,56,-1,56,55,57,-1,56,57,58,-1,58,57,59,-1,58,59,60,-1,61,62,63,-1,60,59,64,-1,60,64,65,-1,65,64,66,-1,65,66,63,-1,63,66,67,-1,63,67,61,-1,68,62,69,-1,69,62,61,-1,70,71,72,-1,68,69,73,-1,68,73,74,-1,73,75,74,-1,74,75,76,-1,74,76,72,-1,72,76,77,-1,72,77,70,-1,71,70,78,-1,71,78,79,-1,78,80,79,-1,79,80,81,-1,79,81,82,-1,82,81,83,-1,82,83,84,-1,84,83,85,-1,84,85,86,-1,86,85,87,-1,86,87,88,-1,88,87,89,-1,88,89,90,-1,89,91,90,-1,90,91,92,-1,90,92,93,-1,93,92,94,-1,93,94,95,-1,95,94,96,-1,95,96,97,-1,97,96,98,-1,97,98,99,-1,98,100,99,-1,99,100,101,-1,99,101,102,-1,102,101,103,-1,102,103,104,-1,18,16,105,-1,104,103,106,-1,104,106,107,-1,107,106,108,-1,107,108,109,-1,109,108,110,-1,109,110,105,-1,105,110,111,-1,105,111,18,-1,63,62,68,-1,54,84,52,-1,52,84,86,-1,52,86,50,-1,50,86,88,-1,50,88,48,-1,63,68,65,-1,65,68,74,-1,65,74,60,-1,60,74,72,-1,60,72,58,-1,58,72,71,-1,58,71,56,-1,56,71,79,-1,56,79,54,-1,54,79,82,-1,54,82,84,-1,13,22,14,-1,14,22,25,-1,14,25,15,-1,15,25,28,-1,15,28,16,-1,16,28,30,-1,16,30,105,-1,105,30,32,-1,105,32,109,-1,109,32,34,-1,109,34,107,-1,107,34,36,-1,107,36,104,-1,104,36,38,-1,104,38,102,-1,102,38,40,-1,102,40,99,-1,95,46,93,-1,93,46,48,-1,93,48,90,-1,90,48,88,-1,99,40,97,-1,97,40,42,-1,97,42,95,-1,95,42,44,-1,95,44,46,-1,112,113,114,-1,114,113,115,-1,116,117,118,-1,118,117,112,-1,118,112,114,-1,119,117,120,-1,120,117,116,-1,121,122,123,-1,123,122,119,-1,123,119,120,-1,124,122,125,-1,125,122,121,-1,126,127,128,-1,128,127,124,-1,128,124,125,-1,129,127,130,-1,130,127,126,-1,131,132,133,-1,133,132,129,-1,133,129,130,-1,134,132,135,-1,135,132,131,-1,136,137,138,-1,138,137,134,-1,138,134,135,-1,139,137,140,-1,140,137,136,-1,115,113,141,-1,141,113,139,-1,141,139,140,-1,139,113,112,-1,112,117,139,-1,139,117,119,-1,139,119,137,-1,132,134,129,-1,129,134,137,-1,129,137,127,-1,127,137,119,-1,127,119,124,-1,124,119,122,-1,142,143,144,-1,144,143,145,-1,144,145,146,-1,146,145,147,-1,146,147,148,-1,148,147,149,-1,148,149,150,-1,150,149,151,-1,150,151,152,-1,152,151,153,-1,152,153,154,-1,154,153,155,-1,154,155,156,-1,156,155,157,-1,156,157,158,-1,158,157,159,-1,158,159,160,-1,160,159,161,-1,160,161,162,-1,162,161,163,-1,162,163,164,-1,164,163,165,-1,164,165,166,-1,166,165,167,-1,166,167,168,-1,168,167,169,-1,168,169,170,-1,170,169,171,-1,170,171,172,-1,172,171,173,-1,172,173,174,-1,174,173,175,-1,174,175,176,-1,176,175,142,-1,176,142,144,-1,150,152,177,-1,177,152,178,-1,150,177,179,-1,150,179,148,-1,148,179,180,-1,148,180,146,-1,146,180,181,-1,146,181,144,-1,144,181,182,-1,144,182,176,-1,176,182,183,-1,176,183,174,-1,174,183,184,-1,174,184,172,-1,172,184,185,-1,172,185,170,-1,170,185,186,-1,170,186,168,-1,168,186,187,-1,168,187,166,-1,166,187,188,-1,166,188,164,-1,164,188,189,-1,164,189,162,-1,162,189,190,-1,162,190,160,-1,160,190,191,-1,160,191,158,-1,158,191,192,-1,158,192,156,-1,154,156,193,-1,193,156,192,-1,152,154,178,-1,178,154,193,-1,157,155,194,-1,194,155,195,-1,155,153,195,-1,195,153,196,-1,153,151,196,-1,196,151,197,-1,143,198,199,-1,143,199,145,-1,145,199,200,-1,145,200,147,-1,147,200,201,-1,147,201,149,-1,149,201,197,-1,149,197,151,-1,171,202,203,-1,171,203,173,-1,173,203,204,-1,173,204,175,-1,175,204,205,-1,175,205,142,-1,142,205,198,-1,142,198,143,-1,163,206,207,-1,163,207,165,-1,165,207,208,-1,165,208,167,-1,167,208,209,-1,167,209,169,-1,169,209,202,-1,169,202,171,-1,157,194,210,-1,157,210,159,-1,159,210,211,-1,159,211,161,-1,161,211,206,-1,161,206,163,-1,
        ]
    }
}
Shape{
    appearance Appearance {
        material  Material 	{
            diffuseColor 0.2235294117647059 0.2235294117647059 0.2235294117647059
            specularColor 0.11372549019607843 0.11372549019607843 0.11372549019607843
            ambientIntensity 0.2235
            transparency 0.0
            shininess 0.5
        }
    }
    geometry IndexedFaceSet {
        ccw TRUE
        solid FALSE
        coord DEF co Coordinate {
            point [
                0.6299 0.1286 0.2925, 0.6299 0.1286 0.2616, 0.6299 0.1346 0.2925, 0.6299 0.1344 0.2616, 0.6299 0.1395 0.2622, 0.6299 0.1429 0.2634, 0.6299 0.1455 0.2651, 0.6299 0.1463 0.2658, 0.6299 0.1483 0.2683, 0.6299 0.1496 0.2713, 0.6299 0.1504 0.2749, 0.6299 0.1506 0.2775, 0.6299 0.1501 0.2821, 0.6299 0.149 0.2851, 0.6299 0.1475 0.2874, 0.6299 0.1462 0.2887, 0.6299 0.1398 0.2919, 0.6299 0.1432 0.2907
            ]
        }
        coordIndex [
            0,1,2,-1,2,1,3,-1,2,3,4,-1,4,5,2,-1,2,5,6,-1,2,6,7,-1,7,8,2,-1,2,8,9,-1,2,9,10,-1,10,11,2,-1,2,11,12,-1,2,12,13,-1,13,14,2,-1,2,14,15,-1,2,15,16,-1,16,15,17,-1,
        ]
    }
}
Shape{
    appearance Appearance {
        material  Material 	{
            diffuseColor 1.0 1.0 1.0
            specularColor 0.5019607843137255 0.5019607843137255 0.5019607843137255
            ambientIntensity 1.0
            transparency 0.0
            shininess 0.5
        }
    }
    geometry IndexedFaceSet {
        ccw TRUE
        solid FALSE
        coord DEF co Coordinate {
            point [
                0.63 0.1694 0.2725, 0.63 0.1678 0.268, 0.63 0.1828 0.2725, 0.63 0.1844 0.268, 0.63 0.1754 0.2892, 0.63 0.1735 0.2971, 0.63 0.1582 0.2571, 0.63 0.1639 0.2571, 0.63 0.1757 0.2904, 0.63 0.176 0.292, 0.63 0.179 0.2971, 0.63 0.1762 0.292, 0.63 0.1765 0.2903, 0.63 0.1768 0.2892, 0.63 0.1942 0.2571, 0.63 0.1885 0.2571, 0.6299 0.179 0.2971, 0.6299 0.1942 0.2571, 0.6299 0.1735 0.2971, 0.6299 0.1582 0.2571, 0.6299 0.1697 0.2874, 0.6299 0.1639 0.2571, 0.6299 0.1678 0.268, 0.6299 0.1844 0.268, 0.6299 0.1697 0.268, 0.6299 0.1885 0.2571, 0.6299 0.1694 0.2725, 0.6299 0.1828 0.2725, 0.6299 0.1768 0.2892, 0.6299 0.1762 0.292, 0.6299 0.1765 0.2903, 0.6299 0.176 0.292, 0.6299 0.1754 0.2892, 0.6299 0.1757 0.2904
            ]
        }
        coordIndex [
            0,1,2,-1,2,1,3,-1,4,5,0,-1,0,5,6,-1,0,6,1,-1,1,6,7,-1,4,8,5,-1,5,8,9,-1,5,9,10,-1,10,9,11,-1,10,11,12,-1,12,13,10,-1,10,13,2,-1,10,2,14,-1,14,2,3,-1,14,3,15,-1,10,14,16,-1,16,14,17,-1,5,10,18,-1,18,10,16,-1,19,6,20,-1,20,6,5,-1,20,5,18,-1,7,6,21,-1,21,6,19,-1,1,7,22,-1,22,7,21,-1,23,3,24,-1,24,3,1,-1,24,1,22,-1,15,3,25,-1,25,3,23,-1,14,15,17,-1,17,15,25,-1,0,2,26,-1,26,2,27,-1,2,13,27,-1,27,13,28,-1,11,29,30,-1,11,30,12,-1,12,30,28,-1,12,28,13,-1,11,9,29,-1,29,9,31,-1,4,32,33,-1,4,33,8,-1,8,33,31,-1,8,31,9,-1,4,0,32,-1,32,0,26,-1,
        ]
    }
}
Shape{
    appearance Appearance {
        material  Material 	{
            diffuseColor 0.2235294117647059 0.2235294117647059 0.2235294117647059
            specularColor 0.11372549019607843 0.11372549019607843 0.11372549019607843
            ambientIntensity 0.2235
            transparency 0.0
            shininess 0.5
        }
    }
    geometry IndexedFaceSet {
        ccw TRUE
        solid FALSE
        coord DEF co Coordinate {
            point [
                0.6299 0.1762 0.292, 0.6299 0.176 0.292, 0.6299 0.1765 0.2903, 0.6299 0.1757 0.2904, 0.6299 0.1768 0.2892, 0.6299 0.1754 0.2892, 0.6299 0.1828 0.2725, 0.6299 0.1694 0.2725
            ]
        }
        coordIndex [
            0,1,2,-1,2,1,3,-1,2,3,4,-1,4,3,5,-1,4,5,6,-1,6,5,7,-1,
        ]
    }
}
Shape{
    appearance Appearance {
        material  Material 	{
            diffuseColor 1.0 1.0 1.0
            specularColor 0.5019607843137255 0.5019607843137255 0.5019607843137255
            ambientIntensity 1.0
            transparency 0.0
            shininess 0.5
        }
    }
    geometry IndexedFaceSet {
        ccw TRUE
        solid FALSE
        coord DEF co Coordinate {
            point [
                0.63 0.0551 0.1981, 0.63 0.0551 0.1936, 0.6299 0.0551 0.1981, 0.6299 0.0551 0.1936, 0.63 0.0387 0.1981, 0.6299 0.0387 0.1981, 0.63 0.0387 0.2116, 0.6299 0.0387 0.2116, 0.63 0.053 0.2116, 0.6299 0.053 0.2116, 0.63 0.053 0.2162, 0.6299 0.053 0.2162, 0.63 0.0387 0.2162, 0.6299 0.0387 0.2162, 0.63 0.0387 0.229, 0.6299 0.0387 0.229, 0.63 0.0542 0.229, 0.6299 0.0542 0.229, 0.63 0.0542 0.2336, 0.6299 0.0542 0.2336, 0.63 0.0336 0.2336, 0.6299 0.0336 0.2336, 0.63 0.0336 0.1936, 0.6299 0.0336 0.1936, 0.63 0.0829 0.212, 0.63 0.0779 0.2079, 0.63 0.0779 0.2052, 0.63 0.0777 0.198, 0.63 0.0779 0.198, 0.63 0.0776 0.2027, 0.63 0.0656 0.2096, 0.63 0.0634 0.2085, 0.63 0.0663 0.2053, 0.63 0.0779 0.1936, 0.63 0.0829 0.1936, 0.63 0.066 0.1987, 0.63 0.0623 0.1951, 0.63 0.0664 0.1983, 0.63 0.064 0.194, 0.63 0.0674 0.1976, 0.63 0.0659 0.1933, 0.63 0.0686 0.1972, 0.63 0.0682 0.1929, 0.63 0.069 0.1929, 0.63 0.0703 0.197, 0.63 0.0714 0.1931, 0.63 0.0723 0.1972, 0.63 0.0735 0.1938, 0.63 0.0738 0.1978, 0.63 0.0753 0.195, 0.63 0.0752 0.1988, 0.63 0.0769 0.1967, 0.63 0.0757 0.1993, 0.63 0.0769 0.2009, 0.63 0.0657 0.2045, 0.63 0.0619 0.2072, 0.63 0.0653 0.2036, 0.63 0.0609 0.2057, 0.63 0.065 0.2024, 0.63 0.067 0.2058, 0.63 0.0682 0.2063, 0.63 0.0694 0.2106, 0.63 0.0712 0.207, 0.63 0.0779 0.2117, 0.63 0.0627 0.2202, 0.63 0.0627 0.2153, 0.63 0.0637 0.2207, 0.63 0.0662 0.2175, 0.63 0.0674 0.2222, 0.63 0.0693 0.2185, 0.63 0.0725 0.2228, 0.63 0.0721 0.2187, 0.63 0.0755 0.2225, 0.63 0.0738 0.2186, 0.63 0.0776 0.2219, 0.63 0.0749 0.2181, 0.63 0.0793 0.221, 0.63 0.0758 0.2176, 0.63 0.0806 0.2197, 0.63 0.0766 0.2168, 0.63 0.0817 0.2181, 0.63 0.0772 0.2157, 0.63 0.0825 0.2158, 0.63 0.0777 0.2139, 0.63 0.0602 0.204, 0.63 0.0599 0.2018, 0.63 0.065 0.2016, 0.63 0.0599 0.2012, 0.63 0.0651 0.2005, 0.63 0.0601 0.1989, 0.63 0.0654 0.1996, 0.63 0.0608 0.1972, 0.63 0.0618 0.1957, 0.6299 0.0725 0.2228, 0.6299 0.0674 0.2222, 0.6299 0.0637 0.2207, 0.6299 0.0627 0.2202, 0.6299 0.0627 0.2153, 0.6299 0.0662 0.2175, 0.6299 0.0693 0.2185, 0.6299 0.0721 0.2187, 0.6299 0.0738 0.2186, 0.6299 0.0749 0.2181, 0.6299 0.0758 0.2176, 0.6299 0.0766 0.2168, 0.6299 0.0772 0.2157, 0.6299 0.0777 0.2139, 0.6299 0.0779 0.2117, 0.6299 0.0694 0.2106, 0.6299 0.0656 0.2096, 0.6299 0.0634 0.2085, 0.6299 0.0619 0.2072, 0.6299 0.0609 0.2057, 0.6299 0.0602 0.204, 0.6299 0.0599 0.2018, 0.6299 0.0599 0.2012, 0.6299 0.0601 0.1989, 0.6299 0.0608 0.1972, 0.6299 0.0618 0.1957, 0.6299 0.0623 0.1951, 0.6299 0.069 0.1929, 0.6299 0.064 0.194, 0.6299 0.0659 0.1933, 0.6299 0.0661 0.1932, 0.6299 0.0682 0.1929, 0.6299 0.0714 0.1931, 0.6299 0.0716 0.1932, 0.6299 0.0735 0.1938, 0.6299 0.0753 0.195, 0.6299 0.0769 0.1967, 0.6299 0.0777 0.198, 0.6299 0.0779 0.198, 0.6299 0.0779 0.1936, 0.6299 0.0829 0.1936, 0.6299 0.0829 0.212, 0.6299 0.0825 0.2158, 0.6299 0.0817 0.2181, 0.6299 0.0806 0.2197, 0.6299 0.0793 0.221, 0.6299 0.0776 0.2219, 0.6299 0.0755 0.2225, 0.6299 0.0663 0.2053, 0.6299 0.067 0.2058, 0.6299 0.0682 0.2063, 0.6299 0.0712 0.207, 0.6299 0.065 0.2016, 0.6299 0.065 0.2024, 0.6299 0.0653 0.2036, 0.6299 0.0657 0.2045, 0.6299 0.0664 0.1983, 0.6299 0.066 0.1987, 0.6299 0.0654 0.1996, 0.6299 0.0651 0.2005, 0.6299 0.0703 0.197, 0.6299 0.0686 0.1972, 0.6299 0.0674 0.1976, 0.6299 0.0757 0.1993, 0.6299 0.0752 0.1988, 0.6299 0.0738 0.1978, 0.6299 0.0723 0.1972, 0.6299 0.0779 0.2052, 0.6299 0.0776 0.2027, 0.6299 0.0769 0.2009, 0.6299 0.0779 0.2079
            ]
        }
        coordIndex [
            0,1,2,-1,2,1,3,-1,4,0,5,-1,5,0,2,-1,6,4,7,-1,7,4,5,-1,8,6,9,-1,9,6,7,-1,10,8,11,-1,11,8,9,-1,12,10,13,-1,13,10,11,-1,14,12,15,-1,15,12,13,-1,16,14,17,-1,17,14,15,-1,18,16,19,-1,19,16,17,-1,20,18,21,-1,21,18,19,-1,22,20,23,-1,23,20,21,-1,1,22,3,-1,3,22,23,-1,22,1,0,-1,0,4,22,-1,22,4,6,-1,22,6,20,-1,16,18,14,-1,14,18,20,-1,14,20,12,-1,12,20,6,-1,12,6,10,-1,10,6,8,-1,24,25,26,-1,27,28,29,-1,30,31,32,-1,33,34,28,-1,28,34,24,-1,28,24,29,-1,29,24,26,-1,35,36,37,-1,37,36,38,-1,37,38,39,-1,39,38,40,-1,39,40,41,-1,40,42,41,-1,41,42,43,-1,41,43,44,-1,44,43,45,-1,44,45,46,-1,46,45,47,-1,46,47,48,-1,48,47,49,-1,48,49,50,-1,50,49,51,-1,50,51,52,-1,52,51,27,-1,52,27,53,-1,53,27,29,-1,32,31,54,-1,54,31,55,-1,54,55,56,-1,56,55,57,-1,56,57,58,-1,32,59,30,-1,30,59,60,-1,30,60,61,-1,61,60,62,-1,61,62,63,-1,64,65,66,-1,66,65,67,-1,66,67,68,-1,68,67,69,-1,68,69,70,-1,70,69,71,-1,70,71,72,-1,72,71,73,-1,72,73,74,-1,74,73,75,-1,74,75,76,-1,76,75,77,-1,76,77,78,-1,78,77,79,-1,78,79,80,-1,80,79,81,-1,80,81,82,-1,82,81,83,-1,82,83,24,-1,24,83,63,-1,24,63,25,-1,25,63,62,-1,57,84,58,-1,58,84,85,-1,58,85,86,-1,86,85,87,-1,86,87,88,-1,88,87,89,-1,88,89,90,-1,90,89,91,-1,90,91,35,-1,35,91,92,-1,35,92,36,-1,70,93,94,-1,70,94,68,-1,68,94,95,-1,68,95,66,-1,66,95,96,-1,66,96,64,-1,65,64,97,-1,97,64,96,-1,65,97,98,-1,65,98,67,-1,67,98,99,-1,67,99,69,-1,69,99,100,-1,69,100,71,-1,71,100,101,-1,71,101,73,-1,73,101,102,-1,73,102,75,-1,75,102,103,-1,75,103,77,-1,77,103,104,-1,77,104,79,-1,79,104,105,-1,79,105,81,-1,81,105,106,-1,81,106,83,-1,83,106,107,-1,83,107,63,-1,61,63,108,-1,108,63,107,-1,61,108,109,-1,61,109,30,-1,30,109,110,-1,30,110,31,-1,31,110,111,-1,31,111,55,-1,55,111,112,-1,55,112,57,-1,57,112,113,-1,57,113,84,-1,84,113,114,-1,84,114,85,-1,85,114,115,-1,85,115,87,-1,87,115,116,-1,87,116,89,-1,89,116,117,-1,89,117,91,-1,91,117,118,-1,91,118,92,-1,92,118,119,-1,92,119,36,-1,120,43,42,-1,36,119,121,-1,36,121,38,-1,38,121,122,-1,38,122,40,-1,40,122,123,-1,40,123,42,-1,42,123,124,-1,42,124,120,-1,43,120,125,-1,43,125,45,-1,45,125,126,-1,45,126,47,-1,126,127,47,-1,47,127,128,-1,47,128,49,-1,49,128,129,-1,49,129,51,-1,51,129,130,-1,51,130,27,-1,28,27,131,-1,131,27,130,-1,33,28,132,-1,132,28,131,-1,34,33,133,-1,133,33,132,-1,24,34,134,-1,134,34,133,-1,24,134,135,-1,24,135,82,-1,82,135,136,-1,82,136,80,-1,80,136,137,-1,80,137,78,-1,78,137,138,-1,78,138,76,-1,76,138,139,-1,76,139,74,-1,74,139,140,-1,74,140,72,-1,72,140,93,-1,72,93,70,-1,32,141,142,-1,32,142,59,-1,59,142,143,-1,59,143,60,-1,60,143,144,-1,60,144,62,-1,86,145,146,-1,86,146,58,-1,58,146,147,-1,58,147,56,-1,56,147,148,-1,56,148,54,-1,54,148,141,-1,54,141,32,-1,37,149,150,-1,37,150,35,-1,35,150,151,-1,35,151,90,-1,90,151,152,-1,90,152,88,-1,88,152,145,-1,88,145,86,-1,44,153,154,-1,44,154,41,-1,41,154,155,-1,41,155,39,-1,39,155,149,-1,39,149,37,-1,52,156,157,-1,52,157,50,-1,50,157,158,-1,50,158,48,-1,48,158,159,-1,48,159,46,-1,46,159,153,-1,46,153,44,-1,26,160,161,-1,26,161,29,-1,29,161,162,-1,29,162,53,-1,53,162,156,-1,53,156,52,-1,26,25,160,-1,160,25,163,-1,25,62,163,-1,163,62,144,-1,
        ]
    }
}
Shape{
    appearance Appearance {
        material  Material 	{
            diffuseColor 0.2235294117647059 0.2235294117647059 0.2235294117647059
            specularColor 0.11372549019607843 0.11372549019607843 0.11372549019607843
            ambientIntensity 0.2235
            transparency 0.0
            shininess 0.5
        }
    }
    geometry IndexedFaceSet {
        ccw TRUE
        solid FALSE
        coord DEF co Coordinate {
            point [
                0.6299 0.0779 0.2052, 0.6299 0.0779 0.2079, 0.6299 0.0712 0.207, 0.6299 0.0752 0.1988, 0.6299 0.0757 0.1993, 0.6299 0.0723 0.1972, 0.6299 0.0682 0.2063, 0.6299 0.067 0.2058, 0.6299 0.0738 0.1978, 0.6299 0.0769 0.2009, 0.6299 0.0776 0.2027, 0.6299 0.0653 0.2036, 0.6299 0.065 0.2024, 0.6299 0.065 0.2016, 0.6299 0.0651 0.2005, 0.6299 0.0674 0.1976, 0.6299 0.0686 0.1972, 0.6299 0.0664 0.1983, 0.6299 0.0703 0.197, 0.6299 0.0663 0.2053, 0.6299 0.0657 0.2045, 0.6299 0.0654 0.1996, 0.6299 0.066 0.1987
            ]
        }
        coordIndex [
            0,1,2,-1,3,4,2,-1,5,6,7,-1,6,5,2,-1,2,5,8,-1,2,8,3,-1,4,9,2,-1,2,9,10,-1,2,10,0,-1,11,12,5,-1,5,12,13,-1,5,13,14,-1,15,16,17,-1,17,16,18,-1,17,18,5,-1,7,19,5,-1,5,19,20,-1,5,20,11,-1,14,21,5,-1,5,21,22,-1,5,22,17,-1,
        ]
    }
}
Shape{
    appearance Appearance {
        material  Material 	{
            diffuseColor 1.0 1.0 1.0
            specularColor 0.5019607843137255 0.5019607843137255 0.5019607843137255
            ambientIntensity 1.0
            transparency 0.0
            shininess 0.5
        }
    }
    geometry IndexedFaceSet {
        ccw TRUE
        solid FALSE
        coord DEF co Coordinate {
            point [
                0.6299 0.0897 0.1997, 0.63 0.0897 0.1997, 0.63 0.0915 0.1986, 0.63 0.0979 0.197, 0.6299 0.0979 0.197, 0.6299 0.0946 0.1974, 0.63 0.0946 0.1974, 0.6299 0.092 0.1984, 0.6299 0.0915 0.1986, 0.63 0.0897 0.1946, 0.6299 0.0897 0.1946, 0.63 0.0932 0.1933, 0.6299 0.092 0.1938, 0.6299 0.0974 0.1929, 0.63 0.0974 0.1929, 0.6299 0.0942 0.1932, 0.6299 0.0932 0.1933, 0.63 0.102 0.1934, 0.6299 0.1002 0.1932, 0.6299 0.102 0.1934, 0.6299 0.1046 0.1945, 0.63 0.1046 0.1945, 0.6299 0.1057 0.1952, 0.63 0.1057 0.1952, 0.6299 0.1073 0.1965, 0.63 0.1073 0.1965, 0.6299 0.1082 0.1979, 0.63 0.1082 0.1979, 0.6299 0.1088 0.1995, 0.63 0.1088 0.1995, 0.6299 0.109 0.2013, 0.63 0.109 0.2013, 0.6299 0.1087 0.2034, 0.63 0.1087 0.2034, 0.6299 0.1082 0.2048, 0.63 0.1082 0.2048, 0.6299 0.1073 0.2061, 0.63 0.1073 0.2061, 0.6299 0.1061 0.2071, 0.63 0.1061 0.2071, 0.6299 0.1028 0.209, 0.63 0.1028 0.209, 0.6299 0.1008 0.2098, 0.63 0.1008 0.2098, 0.6299 0.0977 0.2111, 0.63 0.0977 0.2111, 0.6299 0.096 0.2122, 0.63 0.096 0.2122, 0.6299 0.0955 0.2128, 0.63 0.0955 0.2128, 0.6299 0.0951 0.2134, 0.63 0.0951 0.2134, 0.6299 0.0949 0.2142, 0.63 0.0949 0.2142, 0.6299 0.0949 0.2149, 0.63 0.0949 0.2149, 0.6299 0.095 0.2157, 0.63 0.095 0.2157, 0.6299 0.0952 0.2164, 0.63 0.0952 0.2164, 0.6299 0.0956 0.217, 0.63 0.0956 0.217, 0.6299 0.0964 0.2177, 0.63 0.0964 0.2177, 0.6299 0.0975 0.2183, 0.63 0.0975 0.2183, 0.6299 0.0989 0.2186, 0.63 0.0989 0.2186, 0.6299 0.1003 0.2187, 0.63 0.1003 0.2187, 0.6299 0.1038 0.2183, 0.63 0.1038 0.2183, 0.6299 0.1067 0.2172, 0.63 0.1067 0.2172, 0.6299 0.1076 0.2167, 0.63 0.1076 0.2167, 0.63 0.1076 0.2215, 0.6299 0.1076 0.2215, 0.6299 0.1043 0.2225, 0.63 0.1043 0.2225, 0.6299 0.1008 0.2228, 0.63 0.1008 0.2228, 0.6299 0.0968 0.2223, 0.63 0.0968 0.2223, 0.6299 0.0941 0.2213, 0.63 0.0941 0.2213, 0.6299 0.0929 0.2205, 0.63 0.0929 0.2205, 0.63 0.0913 0.2191, 0.6299 0.092 0.2197, 0.6299 0.0913 0.2191, 0.6299 0.0904 0.2177, 0.63 0.0904 0.2177, 0.6299 0.0899 0.2161, 0.63 0.0899 0.2161, 0.6299 0.0897 0.2144, 0.63 0.0897 0.2144, 0.6299 0.0899 0.2124, 0.63 0.0899 0.2124, 0.6299 0.0905 0.2109, 0.63 0.0905 0.2109, 0.6299 0.0911 0.2099, 0.63 0.0911 0.2099, 0.6299 0.0973 0.2061, 0.63 0.0973 0.2061, 0.63 0.0943 0.2075, 0.6299 0.0919 0.2091, 0.63 0.0919 0.2091, 0.6299 0.092 0.209, 0.6299 0.0943 0.2075, 0.6299 0.1006 0.2048, 0.63 0.1006 0.2048, 0.6299 0.1025 0.2036, 0.63 0.1025 0.2036, 0.6299 0.1032 0.2029, 0.63 0.1032 0.2029, 0.6299 0.1035 0.2023, 0.63 0.1035 0.2023, 0.6299 0.1038 0.2015, 0.63 0.1038 0.2015, 0.6299 0.1038 0.2009, 0.63 0.1038 0.2009, 0.6299 0.1037 0.1999, 0.63 0.1037 0.1999, 0.6299 0.1035 0.1992, 0.63 0.1035 0.1992, 0.6299 0.103 0.1985, 0.63 0.103 0.1985, 0.6299 0.1025 0.198, 0.63 0.1025 0.198, 0.6299 0.102 0.1977, 0.63 0.102 0.1977, 0.6299 0.1007 0.1973, 0.63 0.1007 0.1973, 0.6299 0.0981 0.197, 0.63 0.0981 0.197, 0.63 0.1338 0.2222, 0.63 0.139 0.2222, 0.6299 0.1338 0.2222, 0.6299 0.139 0.2222, 0.63 0.126 0.2006, 0.6299 0.126 0.2006, 0.6299 0.1256 0.1993, 0.63 0.1256 0.1993, 0.6299 0.1254 0.1983, 0.63 0.1254 0.1983, 0.63 0.1253 0.1983, 0.6299 0.1253 0.1983, 0.63 0.1247 0.2007, 0.6299 0.1247 0.2007, 0.6299 0.1172 0.2222, 0.63 0.1172 0.2222, 0.6299 0.1196 0.2152, 0.63 0.1116 0.2222, 0.6299 0.1116 0.2222, 0.6299 0.1228 0.1936, 0.63 0.1228 0.1936, 0.6299 0.1196 0.2017, 0.6299 0.1206 0.1884, 0.63 0.1206 0.1884, 0.6299 0.1226 0.1932, 0.63 0.1195 0.1865, 0.6299 0.1196 0.1867, 0.6299 0.1195 0.1865, 0.6299 0.1185 0.1854, 0.63 0.1185 0.1854, 0.6299 0.1175 0.1848, 0.63 0.1175 0.1848, 0.6299 0.1164 0.1845, 0.63 0.1164 0.1845, 0.6299 0.1155 0.1844, 0.63 0.1155 0.1844, 0.6299 0.1136 0.1846, 0.63 0.1136 0.1846, 0.6299 0.1126 0.185, 0.63 0.1126 0.185, 0.63 0.1126 0.1805, 0.6299 0.1126 0.1805, 0.6299 0.1147 0.1801, 0.63 0.1147 0.1801, 0.6299 0.1159 0.1801, 0.63 0.1159 0.1801, 0.6299 0.1179 0.1803, 0.63 0.1179 0.1803, 0.6299 0.1196 0.181, 0.63 0.1199 0.1811, 0.6299 0.1199 0.1811, 0.6299 0.1217 0.1824, 0.63 0.1217 0.1824, 0.6299 0.1218 0.1825, 0.63 0.1218 0.1825, 0.6299 0.1236 0.1846, 0.63 0.1236 0.1846, 0.6299 0.1261 0.1892, 0.63 0.1261 0.1892, 0.6299 0.1276 0.1932, 0.63 0.166 0.1981, 0.63 0.166 0.1936, 0.6299 0.166 0.1981, 0.6299 0.166 0.1936, 0.6299 0.1496 0.1981, 0.63 0.1496 0.1981, 0.6299 0.1571 0.1981, 0.63 0.1496 0.2116, 0.6299 0.1496 0.2116, 0.6299 0.1639 0.2116, 0.63 0.1639 0.2116, 0.6299 0.1571 0.2116, 0.63 0.1639 0.2162, 0.6299 0.1639 0.2162, 0.6299 0.1496 0.2162, 0.63 0.1496 0.2162, 0.6299 0.1571 0.2162, 0.63 0.1496 0.229, 0.6299 0.1496 0.229, 0.6299 0.1651 0.229, 0.63 0.1651 0.229, 0.6299 0.1571 0.229, 0.63 0.1651 0.2336, 0.6299 0.1651 0.2336, 0.6299 0.1444 0.2336, 0.63 0.1444 0.2336, 0.6299 0.1571 0.2336, 0.63 0.1444 0.1936, 0.6299 0.1444 0.1936, 0.6299 0.1571 0.1936, 0.63 0.1984 0.2048, 0.63 0.1964 0.2023, 0.63 0.2001 0.1992, 0.63 0.1957 0.2016, 0.63 0.196 0.1962, 0.63 0.193 0.1999, 0.63 0.1914 0.1944, 0.63 0.1896 0.1987, 0.63 0.1845 0.1936, 0.63 0.1845 0.1981, 0.63 0.1735 0.1936, 0.63 0.1787 0.1981, 0.63 0.1735 0.2336, 0.63 0.1787 0.229, 0.63 0.1849 0.2336, 0.63 0.1847 0.229, 0.63 0.1911 0.2329, 0.63 0.1899 0.2284, 0.63 0.1959 0.2312, 0.63 0.1934 0.2272, 0.63 0.2001 0.2283, 0.63 0.1963 0.2252, 0.63 0.2015 0.227, 0.63 0.1976 0.2239, 0.63 0.204 0.2235, 0.63 0.1991 0.2216, 0.63 0.2054 0.2197, 0.63 0.2002 0.2186, 0.63 0.2061 0.2141, 0.63 0.2007 0.2139, 0.63 0.206 0.2116, 0.63 0.2006 0.2114, 0.63 0.205 0.2069, 0.63 0.1998 0.2078, 0.63 0.2031 0.2027, 0.6299 0.1845 0.1936, 0.6299 0.1735 0.1936, 0.6299 0.1914 0.1944, 0.6299 0.196 0.1962, 0.6299 0.2001 0.1992, 0.6299 0.2031 0.2027, 0.6299 0.205 0.2069, 0.6299 0.206 0.2116, 0.6299 0.2061 0.2141, 0.6299 0.2054 0.2197, 0.6299 0.204 0.2235, 0.6299 0.2015 0.227, 0.6299 0.2001 0.2283, 0.6299 0.1959 0.2312, 0.6299 0.1911 0.2329, 0.6299 0.1849 0.2336, 0.6299 0.1735 0.2336, 0.6299 0.1847 0.229, 0.6299 0.1787 0.229, 0.6299 0.1787 0.1981, 0.6299 0.1845 0.1981, 0.6299 0.1964 0.2023, 0.6299 0.1957 0.2016, 0.6299 0.193 0.1999, 0.6299 0.1896 0.1987, 0.6299 0.2007 0.2139, 0.6299 0.2006 0.2114, 0.6299 0.1998 0.2078, 0.6299 0.1984 0.2048, 0.6299 0.1963 0.2252, 0.6299 0.1976 0.2239, 0.6299 0.1991 0.2216, 0.6299 0.2002 0.2186, 0.6299 0.1899 0.2284, 0.6299 0.1934 0.2272
            ]
        }
        coordIndex [
            0,1,2,-1,3,4,5,-1,3,5,6,-1,6,5,7,-1,6,7,2,-1,2,7,8,-1,2,8,0,-1,9,1,10,-1,10,1,0,-1,11,9,12,-1,12,9,10,-1,13,14,15,-1,15,14,11,-1,15,11,16,-1,16,11,12,-1,17,14,18,-1,18,14,13,-1,18,19,17,-1,17,19,20,-1,17,20,21,-1,21,20,22,-1,21,22,23,-1,23,22,24,-1,23,24,25,-1,25,24,26,-1,25,26,27,-1,27,26,28,-1,27,28,29,-1,29,28,30,-1,29,30,31,-1,31,30,32,-1,31,32,33,-1,33,32,34,-1,33,34,35,-1,35,34,36,-1,35,36,37,-1,37,36,38,-1,37,38,39,-1,39,38,40,-1,39,40,41,-1,41,40,42,-1,41,42,43,-1,43,42,44,-1,43,44,45,-1,45,44,46,-1,45,46,47,-1,47,46,48,-1,47,48,49,-1,49,48,50,-1,49,50,51,-1,51,50,52,-1,51,52,53,-1,53,52,54,-1,53,54,55,-1,55,54,56,-1,55,56,57,-1,57,56,58,-1,57,58,59,-1,59,58,60,-1,59,60,61,-1,61,60,62,-1,61,62,63,-1,63,62,64,-1,63,64,65,-1,65,64,66,-1,65,66,67,-1,67,66,68,-1,67,68,69,-1,69,68,70,-1,69,70,71,-1,71,70,72,-1,71,72,73,-1,73,72,74,-1,73,74,75,-1,76,75,77,-1,77,75,74,-1,76,77,78,-1,76,78,79,-1,79,78,80,-1,79,80,81,-1,81,80,82,-1,81,82,83,-1,83,82,84,-1,83,84,85,-1,85,84,86,-1,85,86,87,-1,88,87,89,-1,89,87,86,-1,89,90,88,-1,88,90,91,-1,88,91,92,-1,92,91,93,-1,92,93,94,-1,94,93,95,-1,94,95,96,-1,96,95,97,-1,96,97,98,-1,98,97,99,-1,98,99,100,-1,100,99,101,-1,100,101,102,-1,103,104,105,-1,102,101,106,-1,102,106,107,-1,107,106,108,-1,107,108,105,-1,105,108,109,-1,105,109,103,-1,104,103,110,-1,104,110,111,-1,111,110,112,-1,111,112,113,-1,113,112,114,-1,113,114,115,-1,115,114,116,-1,115,116,117,-1,117,116,118,-1,117,118,119,-1,119,118,120,-1,119,120,121,-1,121,120,122,-1,121,122,123,-1,123,122,124,-1,123,124,125,-1,125,124,126,-1,125,126,127,-1,127,126,128,-1,127,128,129,-1,129,128,130,-1,129,130,131,-1,131,130,132,-1,131,132,133,-1,133,132,134,-1,133,134,135,-1,135,134,4,-1,135,4,3,-1,59,61,87,-1,87,61,85,-1,85,61,63,-1,85,63,83,-1,125,25,27,-1,111,43,104,-1,104,43,45,-1,125,27,123,-1,123,27,29,-1,123,29,121,-1,121,29,31,-1,121,31,119,-1,119,31,33,-1,119,33,117,-1,117,33,35,-1,117,35,115,-1,115,35,37,-1,115,37,113,-1,113,37,39,-1,113,39,111,-1,111,39,41,-1,111,41,43,-1,25,125,23,-1,23,125,127,-1,23,127,21,-1,14,3,11,-1,11,3,6,-1,11,6,9,-1,9,6,2,-1,9,2,1,-1,63,65,83,-1,83,65,67,-1,83,67,81,-1,81,67,69,-1,81,69,79,-1,79,69,71,-1,79,71,76,-1,76,71,73,-1,76,73,75,-1,127,129,21,-1,21,129,131,-1,21,131,17,-1,17,131,133,-1,17,133,14,-1,14,133,135,-1,14,135,3,-1,87,88,59,-1,59,88,92,-1,59,92,57,-1,57,92,94,-1,57,94,55,-1,55,94,96,-1,55,96,53,-1,53,96,98,-1,53,98,51,-1,51,98,100,-1,51,100,49,-1,49,100,102,-1,49,102,47,-1,47,102,107,-1,47,107,45,-1,45,107,105,-1,45,105,104,-1,136,137,138,-1,138,137,139,-1,140,136,141,-1,141,136,138,-1,140,141,142,-1,140,142,143,-1,143,142,144,-1,143,144,145,-1,146,145,147,-1,147,145,144,-1,148,146,149,-1,149,146,147,-1,150,151,152,-1,152,151,148,-1,152,148,149,-1,153,151,154,-1,154,151,150,-1,155,156,157,-1,157,156,153,-1,157,153,154,-1,158,159,160,-1,160,159,156,-1,160,156,155,-1,161,159,162,-1,162,159,158,-1,162,163,161,-1,161,163,164,-1,161,164,165,-1,165,164,166,-1,165,166,167,-1,167,166,168,-1,167,168,169,-1,169,168,170,-1,169,170,171,-1,171,170,172,-1,171,172,173,-1,173,172,174,-1,173,174,175,-1,176,175,177,-1,177,175,174,-1,176,177,178,-1,176,178,179,-1,179,178,180,-1,179,180,181,-1,181,180,182,-1,181,182,183,-1,183,182,184,-1,183,184,185,-1,184,186,185,-1,185,186,187,-1,185,187,188,-1,188,187,189,-1,188,189,190,-1,190,189,191,-1,190,191,192,-1,192,191,193,-1,192,193,194,-1,139,137,195,-1,195,137,194,-1,195,194,193,-1,143,145,194,-1,137,136,194,-1,194,136,140,-1,194,140,143,-1,151,153,148,-1,148,153,156,-1,148,156,146,-1,145,146,194,-1,194,146,156,-1,194,156,192,-1,156,159,192,-1,192,159,161,-1,192,161,190,-1,190,161,165,-1,175,176,173,-1,173,176,179,-1,173,179,171,-1,171,179,181,-1,171,181,169,-1,169,181,183,-1,169,183,167,-1,167,183,185,-1,167,185,165,-1,165,185,188,-1,165,188,190,-1,196,197,198,-1,198,197,199,-1,200,201,202,-1,202,201,196,-1,202,196,198,-1,203,201,204,-1,204,201,200,-1,205,206,207,-1,207,206,203,-1,207,203,204,-1,208,206,209,-1,209,206,205,-1,210,211,212,-1,212,211,208,-1,212,208,209,-1,213,211,214,-1,214,211,210,-1,215,216,217,-1,217,216,213,-1,217,213,214,-1,218,216,219,-1,219,216,215,-1,220,221,222,-1,222,221,218,-1,222,218,219,-1,223,221,224,-1,224,221,220,-1,199,197,225,-1,225,197,223,-1,225,223,224,-1,216,218,213,-1,213,218,221,-1,213,221,211,-1,197,196,223,-1,223,196,201,-1,223,201,203,-1,206,208,203,-1,203,208,211,-1,203,211,223,-1,223,211,221,-1,226,227,228,-1,228,227,229,-1,228,229,230,-1,230,229,231,-1,230,231,232,-1,232,231,233,-1,232,233,234,-1,234,233,235,-1,234,235,236,-1,236,235,237,-1,236,237,238,-1,238,237,239,-1,238,239,240,-1,240,239,241,-1,240,241,242,-1,242,241,243,-1,242,243,244,-1,244,243,245,-1,244,245,246,-1,246,245,247,-1,246,247,248,-1,248,247,249,-1,248,249,250,-1,250,249,251,-1,250,251,252,-1,252,251,253,-1,252,253,254,-1,254,253,255,-1,254,255,256,-1,256,255,257,-1,256,257,258,-1,258,257,259,-1,258,259,260,-1,260,259,226,-1,260,226,228,-1,234,236,261,-1,261,236,262,-1,234,261,263,-1,234,263,232,-1,232,263,264,-1,232,264,230,-1,230,264,265,-1,230,265,228,-1,228,265,266,-1,228,266,260,-1,260,266,267,-1,260,267,258,-1,258,267,268,-1,258,268,256,-1,256,268,269,-1,256,269,254,-1,254,269,270,-1,254,270,252,-1,252,270,271,-1,252,271,250,-1,250,271,272,-1,250,272,248,-1,248,272,273,-1,248,273,246,-1,246,273,274,-1,246,274,244,-1,244,274,275,-1,244,275,242,-1,242,275,276,-1,242,276,240,-1,238,240,277,-1,277,240,276,-1,236,238,262,-1,262,238,277,-1,241,239,278,-1,278,239,279,-1,239,237,279,-1,279,237,280,-1,237,235,280,-1,280,235,281,-1,227,282,283,-1,227,283,229,-1,229,283,284,-1,229,284,231,-1,231,284,285,-1,231,285,233,-1,233,285,281,-1,233,281,235,-1,255,286,287,-1,255,287,257,-1,257,287,288,-1,257,288,259,-1,259,288,289,-1,259,289,226,-1,226,289,282,-1,226,282,227,-1,247,290,291,-1,247,291,249,-1,249,291,292,-1,249,292,251,-1,251,292,293,-1,251,293,253,-1,253,293,286,-1,253,286,255,-1,241,278,294,-1,241,294,243,-1,243,294,295,-1,243,295,245,-1,245,295,290,-1,245,290,247,-1,
        ]
    }
}
Shape{
    appearance Appearance {
        material  Material 	{
            diffuseColor 0.2235294117647059 0.2235294117647059 0.2235294117647059
            specularColor 0.11372549019607843 0.11372549019607843 0.11372549019607843
            ambientIntensity 0.2235
            transparency 0.0
            shininess 0.5
        }
    }
    geometry IndexedFaceSet {
        ccw TRUE
        solid FALSE
        coord DEF co Coordinate {
            point [
                0.6299 0.1787 0.229, 0.6299 0.1787 0.1981, 0.6299 0.1847 0.229, 0.6299 0.1845 0.1981, 0.6299 0.1896 0.1987, 0.6299 0.193 0.1999, 0.6299 0.1957 0.2016, 0.6299 0.1964 0.2023, 0.6299 0.1984 0.2048, 0.6299 0.1998 0.2078, 0.6299 0.2006 0.2114, 0.6299 0.2007 0.2139, 0.6299 0.2002 0.2186, 0.6299 0.1991 0.2216, 0.6299 0.1976 0.2239, 0.6299 0.1963 0.2252, 0.6299 0.1899 0.2284, 0.6299 0.1934 0.2272
            ]
        }
        coordIndex [
            0,1,2,-1,2,1,3,-1,2,3,4,-1,4,5,2,-1,2,5,6,-1,2,6,7,-1,7,8,2,-1,2,8,9,-1,2,9,10,-1,10,11,2,-1,2,11,12,-1,2,12,13,-1,13,14,2,-1,2,14,15,-1,2,15,16,-1,16,15,17,-1,
        ]
    }
}
Shape{
    appearance Appearance {
        material  Material 	{
            diffuseColor 1.0 1.0 1.0
            specularColor 0.5019607843137255 0.5019607843137255 0.5019607843137255
            ambientIntensity 1.0
            transparency 0.0
            shininess 0.5
        }
    }
    geometry IndexedFaceSet {
        ccw TRUE
        solid FALSE
        coord DEF co Coordinate {
            point [
                0.63 0.2195 0.209, 0.63 0.2179 0.2045, 0.63 0.233 0.209, 0.63 0.2346 0.2045, 0.63 0.2255 0.2257, 0.63 0.2236 0.2336, 0.63 0.2083 0.1936, 0.63 0.2141 0.1936, 0.63 0.2259 0.2269, 0.63 0.2262 0.2285, 0.63 0.2291 0.2336, 0.63 0.2263 0.2285, 0.63 0.2266 0.2268, 0.63 0.2269 0.2257, 0.63 0.2444 0.1936, 0.63 0.2387 0.1936, 0.6299 0.2291 0.2336, 0.6299 0.2444 0.1936, 0.6299 0.2236 0.2336, 0.6299 0.2083 0.1936, 0.6299 0.2141 0.1936, 0.6299 0.2179 0.2045, 0.6299 0.2346 0.2045, 0.6299 0.2387 0.1936, 0.6299 0.2195 0.209, 0.6299 0.233 0.209, 0.6299 0.2269 0.2257, 0.6299 0.2263 0.2285, 0.6299 0.2266 0.2268, 0.6299 0.2262 0.2285, 0.6299 0.2255 0.2257, 0.6299 0.2259 0.2269
            ]
        }
        coordIndex [
            0,1,2,-1,2,1,3,-1,4,5,0,-1,0,5,6,-1,0,6,1,-1,1,6,7,-1,4,8,5,-1,5,8,9,-1,5,9,10,-1,10,9,11,-1,10,11,12,-1,12,13,10,-1,10,13,2,-1,10,2,14,-1,14,2,3,-1,14,3,15,-1,10,14,16,-1,16,14,17,-1,5,10,18,-1,18,10,16,-1,6,5,19,-1,19,5,18,-1,7,6,20,-1,20,6,19,-1,1,7,21,-1,21,7,20,-1,3,1,22,-1,22,1,21,-1,15,3,23,-1,23,3,22,-1,14,15,17,-1,17,15,23,-1,0,2,24,-1,24,2,25,-1,2,13,25,-1,25,13,26,-1,11,27,28,-1,11,28,12,-1,12,28,26,-1,12,26,13,-1,11,9,27,-1,27,9,29,-1,4,30,31,-1,4,31,8,-1,8,31,29,-1,8,29,9,-1,4,0,30,-1,30,0,24,-1,
        ]
    }
}
Shape{
    appearance Appearance {
        material  Material 	{
            diffuseColor 0.2235294117647059 0.2235294117647059 0.2235294117647059
            specularColor 0.11372549019607843 0.11372549019607843 0.11372549019607843
            ambientIntensity 0.2235
            transparency 0.0
            shininess 0.5
        }
    }
    geometry IndexedFaceSet {
        ccw TRUE
        solid FALSE
        coord DEF co Coordinate {
            point [
                0.6299 0.2263 0.2285, 0.6299 0.2262 0.2285, 0.6299 0.2266 0.2268, 0.6299 0.2259 0.2269, 0.6299 0.2269 0.2257, 0.6299 0.2255 0.2257, 0.6299 0.233 0.209, 0.6299 0.2195 0.209
            ]
        }
        coordIndex [
            0,1,2,-1,2,1,3,-1,2,3,4,-1,4,3,5,-1,4,5,6,-1,6,5,7,-1,
        ]
    }
}
Shape{
    appearance Appearance {
        material  Material 	{
            diffuseColor 1.0 1.0 1.0
            specularColor 0.5019607843137255 0.5019607843137255 0.5019607843137255
            ambientIntensity 1.0
            transparency 0.0
            shininess 0.5
        }
    }
    geometry IndexedFaceSet {
        ccw TRUE
        solid FALSE
        coord DEF co Coordinate {
            point [
                0.63 -0.1433 0.1879, 0.63 -0.139 0.1827, 0.63 -0.1458 0.2131, 0.63 -0.0958 0.1868, 0.63 -0.0924 0.1932, 0.63 -0.0907 0.2002, 0.63 -0.1267 0.1945, 0.63 -0.1244 0.1929, 0.63 -0.1335 0.1785, 0.63 -0.1217 0.192, 0.63 -0.0507 0.227, 0.63 -0.0596 0.2421, 0.63 -0.0906 0.2059, 0.63 -0.0977 0.2222, 0.63 -0.0906 0.2031, 0.63 -0.1058 0.1779, 0.63 -0.1002 0.1819, 0.63 -0.109 0.2068, 0.63 -0.1083 0.2042, 0.63 -0.1083 0.2014, 0.63 -0.109 0.1987, 0.63 -0.1104 0.1963, 0.63 -0.152 0.2169, 0.63 -0.1514 0.1957, 0.63 -0.1461 0.194, 0.63 -0.0414 0.2552, 0.63 -0.0391 0.2552, 0.63 -0.0274 0.2706, 0.63 -0.0337 0.2545, 0.63 -0.0254 0.2699, 0.63 -0.0287 0.2526, 0.63 -0.017 0.2655, 0.63 -0.0094 0.2589, 0.63 -0.1214 0.2646, 0.63 -0.1193 0.2634, 0.63 -0.1282 0.2842, 0.63 -0.1155 0.2717, 0.63 -0.1223 0.291, 0.63 -0.1093 0.2794, 0.63 -0.1156 0.2968, 0.63 -0.1014 0.2854, 0.63 -0.1087 0.301, 0.63 -0.1285 0.1965, 0.63 -0.1297 0.1989, 0.63 -0.1304 0.2015, 0.63 -0.0536 0.1936, 0.63 -0.0525 0.1934, 0.63 -0.0502 0.2108, 0.63 -0.0956 0.3061, 0.63 -0.0922 0.2893, 0.63 -0.0815 0.3079, 0.63 -0.0428 0.293, 0.63 -0.0521 0.2782, 0.63 -0.0335 0.2823, 0.63 -0.0462 0.2701, 0.63 -0.0424 0.2606, 0.63 -0.1571 0.2221, 0.63 -0.1689 0.2077, 0.63 -0.1615 0.2011, 0.63 -0.1621 0.2461, 0.63 -0.1807 0.2424, 0.63 -0.1629 0.2393, 0.63 -0.1808 0.2387, 0.63 -0.1626 0.2349, 0.63 -0.1798 0.2291, 0.63 -0.1605 0.2279, 0.63 -0.1761 0.2184, 0.63 -0.1702 0.2092, 0.63 -0.1269 0.1757, 0.63 -0.1202 0.1747, 0.63 -0.1193 0.1917, 0.63 -0.1191 0.1746, 0.63 -0.117 0.192, 0.63 -0.1122 0.1755, 0.63 -0.1145 0.1928, 0.63 -0.1123 0.1943, 0.63 -0.0243 0.2495, 0.63 -0.021 0.2458, 0.63 -0.0037 0.2507, 0.63 -0.0183 0.2409, 0.63 -0.0004 0.242, 0.63 -0.017 0.2354, 0.63 0.0008 0.2333, 0.63 -0.0169 0.233, 0.63 -0.0374 0.2108, 0.63 -0.0357 0.1934, 0.63 -0.0323 0.2118, 0.63 -0.0269 0.1952, 0.63 -0.0273 0.2141, 0.63 -0.0181 0.1993, 0.63 -0.0231 0.2175, 0.63 -0.0107 0.2053, 0.63 -0.0226 0.2179, 0.63 -0.0098 0.2062, 0.63 -0.0195 0.2224, 0.63 -0.0045 0.2134, 0.63 -0.0176 0.2275, 0.63 -0.0007 0.2224, 0.63 0.0007 0.2317, 0.63 -0.1278 0.2669, 0.63 -0.1314 0.2846, 0.63 -0.1344 0.2677, 0.63 -0.1347 0.2848, 0.63 -0.1373 0.2676, 0.63 -0.1444 0.2838, 0.63 -0.1444 0.2659, 0.63 -0.155 0.2801, 0.63 -0.1507 0.2626, 0.63 -0.1646 0.2738, 0.63 -0.1557 0.2581, 0.63 -0.1675 0.2711, 0.63 -0.1596 0.2525, 0.63 -0.1735 0.2637, 0.63 -0.1784 0.2536, 0.63 -0.0827 0.2907, 0.63 -0.0812 0.2908, 0.63 -0.0698 0.3066, 0.63 -0.0723 0.2898, 0.63 -0.0555 0.3016, 0.63 -0.0634 0.2865, 0.63 -0.0553 0.2812, 0.63 -0.1304 0.2041, 0.63 -0.1297 0.2069, 0.63 -0.1427 0.2192, 0.63 -0.1283 0.2093, 0.63 -0.138 0.2246, 0.63 -0.1264 0.2113, 0.63 -0.1321 0.2286, 0.63 -0.1242 0.2128, 0.63 -0.1258 0.231, 0.63 -0.1216 0.2137, 0.63 -0.1191 0.2319, 0.63 -0.1193 0.2139, 0.63 -0.1156 0.2316, 0.63 -0.117 0.2137, 0.63 -0.1087 0.2299, 0.63 -0.1144 0.2127, 0.63 -0.1027 0.2267, 0.63 -0.1121 0.2112, 0.63 -0.1102 0.2092, 0.63 -0.0607 0.2031, 0.63 -0.0607 0.2022, 0.63 -0.0516 0.2111, 0.63 -0.0605 0.2003, 0.63 -0.0598 0.1983, 0.63 -0.0586 0.1965, 0.63 -0.0574 0.1954, 0.63 -0.0508 0.2109, 0.63 -0.0555 0.1942, 0.63 -0.0519 0.2111, 0.63 -0.0539 0.2108, 0.63 -0.0559 0.2101, 0.63 -0.0576 0.2089, 0.63 -0.0591 0.2073, 0.63 -0.0602 0.2053, 0.6299 0.0008 0.2333, 0.6299 -0.0004 0.242, 0.6299 -0.0079 0.2567, 0.6299 -0.0015 0.245, 0.6299 -0.0037 0.2507, 0.6299 -0.0094 0.2589, 0.6299 -0.017 0.2655, 0.6299 -0.0254 0.2699, 0.6299 -0.0274 0.2706, 0.6299 -0.0335 0.2823, 0.6299 -0.0428 0.293, 0.6299 -0.0493 0.2974, 0.6299 -0.0555 0.3016, 0.6299 -0.0698 0.3066, 0.6299 -0.0815 0.3079, 0.6299 -0.1156 0.2968, 0.6299 -0.1145 0.2974, 0.6299 -0.1087 0.301, 0.6299 -0.0956 0.3061, 0.6299 -0.1223 0.291, 0.6299 -0.1282 0.2842, 0.6299 -0.1314 0.2846, 0.6299 -0.1347 0.2848, 0.6299 -0.1444 0.2838, 0.6299 -0.155 0.2801, 0.6299 -0.1646 0.2738, 0.6299 -0.1675 0.2711, 0.6299 -0.1808 0.2387, 0.6299 -0.1735 0.2637, 0.6299 -0.1768 0.2567, 0.6299 -0.1784 0.2536, 0.6299 -0.1801 0.245, 0.6299 -0.1807 0.2424, 0.6299 -0.1798 0.2291, 0.6299 -0.1761 0.2184, 0.6299 -0.1702 0.2092, 0.6299 -0.1689 0.2077, 0.6299 -0.1615 0.2011, 0.6299 -0.1514 0.1957, 0.6299 -0.1461 0.194, 0.6299 -0.1457 0.1932, 0.6299 -0.1433 0.1879, 0.6299 -0.139 0.1827, 0.6299 -0.1335 0.1785, 0.6299 -0.1308 0.1774, 0.6299 -0.1269 0.1757, 0.6299 -0.1202 0.1747, 0.6299 -0.1191 0.1746, 0.6299 -0.0906 0.2031, 0.6299 -0.1122 0.1755, 0.6299 -0.1073 0.1774, 0.6299 -0.1058 0.1779, 0.6299 -0.1002 0.1819, 0.6299 -0.0958 0.1868, 0.6299 -0.0924 0.1932, 0.6299 -0.0924 0.1932, 0.6299 -0.0907 0.2002, 0.6299 -0.0906 0.2059, 0.6299 -0.0507 0.227, 0.6299 -0.0596 0.2421, 0.6299 -0.0977 0.2222, 0.6299 -0.1027 0.2267, 0.6299 -0.1087 0.2299, 0.6299 -0.1156 0.2316, 0.6299 -0.1191 0.2319, 0.6299 -0.1258 0.231, 0.6299 -0.1321 0.2286, 0.6299 -0.138 0.2246, 0.6299 -0.1427 0.2192, 0.6299 -0.1458 0.2131, 0.6299 -0.152 0.2169, 0.6299 -0.1571 0.2221, 0.6299 -0.1605 0.2279, 0.6299 -0.1626 0.2349, 0.6299 -0.1629 0.2393, 0.6299 -0.1622 0.245, 0.6299 -0.1621 0.2461, 0.6299 -0.1596 0.2525, 0.6299 -0.1567 0.2567, 0.6299 -0.1557 0.2581, 0.6299 -0.1507 0.2626, 0.6299 -0.1444 0.2659, 0.6299 -0.1373 0.2676, 0.6299 -0.1344 0.2677, 0.6299 -0.1278 0.2669, 0.6299 -0.1214 0.2646, 0.6299 -0.1193 0.2634, 0.6299 -0.1155 0.2717, 0.6299 -0.1093 0.2794, 0.6299 -0.1014 0.2854, 0.6299 -0.0922 0.2893, 0.6299 -0.0827 0.2907, 0.6299 -0.0812 0.2908, 0.6299 -0.0414 0.2552, 0.6299 -0.0416 0.2567, 0.6299 -0.0424 0.2606, 0.6299 -0.0462 0.2701, 0.6299 -0.0521 0.2782, 0.6299 -0.0553 0.2812, 0.6299 -0.0634 0.2865, 0.6299 -0.0723 0.2898, 0.6299 -0.0391 0.2552, 0.6299 -0.0337 0.2545, 0.6299 -0.0287 0.2526, 0.6299 -0.0243 0.2495, 0.6299 -0.021 0.2458, 0.6299 -0.0205 0.245, 0.6299 -0.0183 0.2409, 0.6299 -0.017 0.2354, 0.6299 -0.0169 0.233, 0.6299 -0.0176 0.2275, 0.6299 -0.0195 0.2224, 0.6299 -0.0226 0.2179, 0.6299 -0.0231 0.2175, 0.6299 -0.0273 0.2141, 0.6299 -0.0323 0.2118, 0.6299 -0.0374 0.2108, 0.6299 -0.0502 0.2108, 0.6299 -0.0508 0.2109, 0.6299 -0.0516 0.2111, 0.6299 -0.0519 0.2111, 0.6299 -0.0539 0.2108, 0.6299 -0.0559 0.2101, 0.6299 -0.0576 0.2089, 0.6299 -0.0591 0.2073, 0.6299 -0.0602 0.2053, 0.6299 -0.0607 0.2031, 0.6299 -0.0607 0.2022, 0.6299 -0.0605 0.2003, 0.6299 -0.0598 0.1983, 0.6299 -0.0586 0.1965, 0.6299 -0.0574 0.1954, 0.6299 -0.0555 0.1942, 0.6299 -0.0536 0.1936, 0.6299 -0.0525 0.1934, 0.6299 -0.0357 0.1934, 0.6299 -0.0269 0.1952, 0.6299 -0.0181 0.1993, 0.6299 -0.0107 0.2053, 0.6299 -0.0098 0.2062, 0.6299 -0.0045 0.2134, 0.6299 -0.0007 0.2224, 0.6299 0.0007 0.2317, 0.6299 -0.1193 0.2139, 0.6299 -0.117 0.2137, 0.6299 -0.1144 0.2127, 0.6299 -0.1121 0.2112, 0.6299 -0.1102 0.2092, 0.6299 -0.109 0.2068, 0.6299 -0.1083 0.2042, 0.6299 -0.1083 0.2014, 0.6299 -0.109 0.1987, 0.6299 -0.1104 0.1963, 0.6299 -0.1123 0.1943, 0.6299 -0.1145 0.1928, 0.6299 -0.117 0.192, 0.6299 -0.1193 0.1917, 0.6299 -0.1217 0.192, 0.6299 -0.1244 0.1929, 0.6299 -0.1267 0.1945, 0.6299 -0.1285 0.1965, 0.6299 -0.1297 0.1989, 0.6299 -0.1304 0.2015, 0.6299 -0.1304 0.2041, 0.6299 -0.1297 0.2069, 0.6299 -0.1283 0.2093, 0.6299 -0.1264 0.2113, 0.6299 -0.1242 0.2128, 0.6299 -0.1216 0.2137
            ]
        }
        coordIndex [
            0,1,2,-1,3,4,5,-1,6,1,7,-1,7,1,8,-1,7,8,9,-1,10,11,12,-1,12,11,13,-1,12,13,14,-1,14,13,15,-1,14,15,5,-1,5,15,16,-1,5,16,3,-1,17,18,13,-1,13,18,19,-1,13,19,15,-1,15,19,20,-1,15,20,21,-1,22,23,2,-1,2,23,24,-1,2,24,0,-1,25,26,27,-1,27,26,28,-1,27,28,29,-1,29,28,30,-1,29,30,31,-1,31,30,32,-1,33,34,35,-1,35,34,36,-1,35,36,37,-1,37,36,38,-1,37,38,39,-1,39,38,40,-1,39,40,41,-1,6,42,1,-1,1,42,43,-1,1,43,2,-1,2,43,44,-1,45,46,47,-1,41,40,48,-1,48,40,49,-1,48,49,50,-1,51,52,53,-1,53,52,54,-1,53,54,27,-1,27,54,55,-1,27,55,25,-1,56,57,22,-1,22,57,58,-1,22,58,23,-1,59,60,61,-1,61,60,62,-1,61,62,63,-1,63,62,64,-1,63,64,65,-1,65,64,66,-1,65,66,56,-1,56,66,67,-1,56,67,57,-1,8,68,9,-1,9,68,69,-1,9,69,70,-1,70,69,71,-1,70,71,72,-1,72,71,73,-1,72,73,74,-1,74,73,15,-1,74,15,75,-1,75,15,21,-1,30,76,32,-1,32,76,77,-1,32,77,78,-1,78,77,79,-1,78,79,80,-1,80,79,81,-1,80,81,82,-1,82,81,83,-1,47,46,84,-1,84,46,85,-1,84,85,86,-1,86,85,87,-1,86,87,88,-1,88,87,89,-1,88,89,90,-1,90,89,91,-1,90,91,92,-1,92,91,93,-1,92,93,94,-1,94,93,95,-1,94,95,96,-1,96,95,97,-1,96,97,83,-1,83,97,98,-1,83,98,82,-1,33,35,99,-1,99,35,100,-1,99,100,101,-1,101,100,102,-1,101,102,103,-1,103,102,104,-1,103,104,105,-1,105,104,106,-1,105,106,107,-1,107,106,108,-1,107,108,109,-1,109,108,110,-1,109,110,111,-1,111,110,112,-1,111,112,59,-1,59,112,113,-1,59,113,60,-1,49,114,50,-1,50,114,115,-1,50,115,116,-1,116,115,117,-1,116,117,118,-1,118,117,119,-1,118,119,51,-1,51,119,120,-1,51,120,52,-1,44,121,2,-1,2,121,122,-1,2,122,123,-1,123,122,124,-1,123,124,125,-1,125,124,126,-1,125,126,127,-1,127,126,128,-1,127,128,129,-1,129,128,130,-1,129,130,131,-1,131,130,132,-1,131,132,133,-1,133,132,134,-1,133,134,135,-1,135,134,136,-1,135,136,137,-1,137,136,138,-1,137,138,13,-1,13,138,139,-1,13,139,17,-1,140,141,142,-1,142,141,143,-1,143,144,142,-1,142,144,145,-1,142,145,146,-1,47,147,45,-1,45,147,142,-1,45,142,148,-1,148,142,146,-1,142,149,140,-1,140,149,150,-1,140,150,151,-1,151,152,140,-1,140,152,153,-1,140,153,154,-1,82,155,156,-1,157,32,78,-1,82,156,80,-1,80,156,158,-1,80,158,78,-1,78,158,159,-1,78,159,157,-1,157,160,32,-1,32,160,161,-1,32,161,31,-1,31,161,162,-1,31,162,29,-1,29,162,163,-1,29,163,27,-1,27,163,164,-1,27,164,53,-1,53,164,165,-1,53,165,51,-1,118,51,166,-1,166,51,165,-1,166,167,118,-1,118,167,168,-1,118,168,116,-1,116,168,169,-1,116,169,50,-1,170,39,171,-1,171,39,41,-1,171,41,172,-1,172,41,48,-1,172,48,173,-1,173,48,50,-1,173,50,169,-1,39,170,174,-1,39,174,37,-1,37,174,175,-1,37,175,35,-1,35,175,176,-1,35,176,100,-1,100,176,177,-1,100,177,102,-1,102,177,178,-1,102,178,104,-1,104,178,179,-1,104,179,106,-1,106,179,180,-1,106,180,108,-1,108,180,181,-1,108,181,110,-1,182,62,60,-1,110,181,183,-1,110,183,112,-1,112,183,184,-1,112,184,113,-1,184,185,113,-1,113,185,186,-1,113,186,60,-1,60,186,187,-1,60,187,182,-1,62,182,188,-1,62,188,64,-1,64,188,189,-1,64,189,66,-1,66,189,190,-1,66,190,67,-1,67,190,191,-1,67,191,57,-1,57,191,192,-1,57,192,58,-1,58,192,193,-1,58,193,23,-1,23,193,194,-1,23,194,24,-1,24,194,195,-1,24,195,0,-1,195,196,0,-1,0,196,197,-1,0,197,1,-1,1,197,198,-1,1,198,8,-1,8,198,199,-1,8,199,68,-1,199,200,68,-1,68,200,201,-1,68,201,69,-1,69,201,202,-1,69,202,71,-1,203,14,5,-1,71,202,204,-1,71,204,73,-1,73,204,205,-1,73,205,15,-1,205,206,15,-1,15,206,207,-1,15,207,16,-1,16,207,208,-1,16,208,3,-1,3,208,209,-1,3,209,4,-1,4,209,210,-1,4,210,5,-1,5,210,211,-1,5,211,203,-1,12,14,212,-1,212,14,203,-1,10,12,213,-1,213,12,212,-1,11,10,214,-1,214,10,213,-1,13,11,215,-1,215,11,214,-1,13,215,216,-1,13,216,137,-1,137,216,217,-1,137,217,135,-1,135,217,218,-1,135,218,133,-1,133,218,219,-1,133,219,131,-1,131,219,220,-1,131,220,129,-1,129,220,221,-1,129,221,127,-1,127,221,222,-1,127,222,125,-1,125,222,223,-1,125,223,123,-1,123,223,224,-1,123,224,2,-1,2,224,225,-1,2,225,22,-1,22,225,226,-1,22,226,56,-1,56,226,227,-1,56,227,65,-1,65,227,228,-1,65,228,63,-1,63,228,229,-1,63,229,61,-1,59,61,230,-1,230,61,229,-1,230,231,59,-1,59,231,232,-1,59,232,111,-1,111,232,233,-1,111,233,109,-1,233,234,109,-1,109,234,235,-1,109,235,107,-1,107,235,236,-1,107,236,105,-1,105,236,237,-1,105,237,103,-1,103,237,238,-1,103,238,101,-1,101,238,239,-1,101,239,99,-1,99,239,240,-1,99,240,33,-1,33,240,241,-1,33,241,34,-1,34,241,242,-1,34,242,36,-1,36,242,243,-1,36,243,38,-1,38,243,244,-1,38,244,40,-1,40,244,245,-1,40,245,49,-1,49,245,246,-1,49,246,114,-1,114,246,247,-1,114,247,115,-1,248,25,249,-1,249,25,55,-1,249,55,250,-1,250,55,54,-1,250,54,251,-1,251,54,52,-1,251,52,252,-1,252,52,120,-1,252,120,253,-1,253,120,119,-1,253,119,254,-1,254,119,117,-1,254,117,255,-1,255,117,115,-1,255,115,247,-1,26,25,256,-1,256,25,248,-1,26,256,257,-1,26,257,28,-1,28,257,258,-1,28,258,30,-1,30,258,259,-1,30,259,76,-1,76,259,260,-1,76,260,77,-1,77,260,261,-1,77,261,79,-1,261,262,79,-1,79,262,263,-1,79,263,81,-1,81,263,264,-1,81,264,83,-1,83,264,265,-1,83,265,96,-1,96,265,266,-1,96,266,94,-1,94,266,267,-1,94,267,92,-1,92,267,268,-1,92,268,90,-1,90,268,269,-1,90,269,88,-1,88,269,270,-1,88,270,86,-1,86,270,271,-1,86,271,84,-1,47,84,272,-1,272,84,271,-1,47,272,273,-1,47,273,147,-1,147,273,274,-1,147,274,142,-1,142,274,275,-1,142,275,149,-1,149,275,276,-1,149,276,150,-1,150,276,277,-1,150,277,151,-1,151,277,278,-1,151,278,152,-1,152,278,279,-1,152,279,153,-1,153,279,280,-1,153,280,154,-1,154,280,281,-1,154,281,140,-1,140,281,282,-1,140,282,141,-1,141,282,283,-1,141,283,143,-1,143,283,284,-1,143,284,144,-1,144,284,285,-1,144,285,145,-1,145,285,286,-1,145,286,146,-1,146,286,287,-1,146,287,148,-1,148,287,288,-1,148,288,45,-1,45,288,289,-1,45,289,46,-1,85,46,290,-1,290,46,289,-1,85,290,291,-1,85,291,87,-1,87,291,292,-1,87,292,89,-1,89,292,293,-1,89,293,91,-1,91,293,294,-1,91,294,93,-1,93,294,295,-1,93,295,95,-1,95,295,296,-1,95,296,97,-1,97,296,297,-1,97,297,98,-1,98,297,155,-1,98,155,82,-1,132,298,299,-1,132,299,134,-1,134,299,300,-1,134,300,136,-1,136,300,301,-1,136,301,138,-1,138,301,302,-1,138,302,139,-1,139,302,303,-1,139,303,17,-1,17,303,304,-1,17,304,18,-1,18,304,305,-1,18,305,19,-1,19,305,306,-1,19,306,20,-1,20,306,307,-1,20,307,21,-1,21,307,308,-1,21,308,75,-1,75,308,309,-1,75,309,74,-1,74,309,310,-1,74,310,72,-1,72,310,311,-1,72,311,70,-1,70,311,312,-1,70,312,9,-1,9,312,313,-1,9,313,7,-1,7,313,314,-1,7,314,6,-1,6,314,315,-1,6,315,42,-1,42,315,316,-1,42,316,43,-1,43,316,317,-1,43,317,44,-1,44,317,318,-1,44,318,121,-1,121,318,319,-1,121,319,122,-1,122,319,320,-1,122,320,124,-1,124,320,321,-1,124,321,126,-1,126,321,322,-1,126,322,128,-1,128,322,323,-1,128,323,130,-1,130,323,298,-1,130,298,132,-1,
        ]
    }
}
Shape{
    appearance Appearance {
        material  Material 	{
            diffuseColor 0.2235294117647059 0.2235294117647059 0.2235294117647059
            specularColor 0.11372549019607843 0.11372549019607843 0.11372549019607843
            ambientIntensity 0.2235
            transparency 0.0
            shininess 0.5
        }
    }
    geometry IndexedFaceSet {
        ccw TRUE
        solid FALSE
        coord DEF co Coordinate {
            point [
                0.6299 -0.1216 0.2137, 0.6299 -0.1193 0.1917, 0.6299 -0.1193 0.2139, 0.6299 -0.117 0.192, 0.6299 -0.117 0.2137, 0.6299 -0.1304 0.2015, 0.6299 -0.1297 0.1989, 0.6299 -0.1285 0.1965, 0.6299 -0.1267 0.1945, 0.6299 -0.109 0.2068, 0.6299 -0.1102 0.2092, 0.6299 -0.1123 0.1943, 0.6299 -0.1121 0.2112, 0.6299 -0.1244 0.1929, 0.6299 -0.1217 0.192, 0.6299 -0.109 0.1987, 0.6299 -0.1083 0.2014, 0.6299 -0.1083 0.2042, 0.6299 -0.1145 0.1928, 0.6299 -0.1144 0.2127, 0.6299 -0.1242 0.2128, 0.6299 -0.1264 0.2113, 0.6299 -0.1304 0.2041, 0.6299 -0.1283 0.2093, 0.6299 -0.1297 0.2069, 0.6299 -0.1104 0.1963
            ]
        }
        coordIndex [
            0,1,2,-1,2,1,3,-1,2,3,4,-1,5,6,0,-1,0,6,7,-1,0,7,8,-1,9,10,11,-1,11,10,12,-1,8,13,0,-1,0,13,14,-1,0,14,1,-1,15,16,17,-1,3,18,4,-1,4,18,11,-1,4,11,19,-1,19,11,12,-1,0,20,5,-1,5,20,21,-1,5,21,22,-1,22,21,23,-1,22,23,24,-1,9,11,17,-1,17,11,25,-1,17,25,15,-1,
        ]
    }
}