#VRML V2.0 utf8
# 3D model generated by easyeda2kicad.py (https://github.com/uPesy/easyeda2kicad.py)

Shape{
    appearance Appearance {
        material  Material 	{
            diffuseColor 1.0 1.0 0.0
            specularColor 0.5019607843137255 0.5019607843137255 0.0
            ambientIntensity 0.886
            transparency 0.0
            shininess 0.5
        }
    }
    geometry IndexedFaceSet {
        ccw TRUE
        solid FALSE
        coord DEF co Coordinate {
            point [
                -2.502 2.3378 0.6654, -2.4232 2.3378 0.6654, -2.502 2.3378 0.1535, -2.4232 2.3378 0.1535, -2.502 2.0228 0.6654, -2.502 2.0228 0.1535, -2.3839 1.9401 0.6654, -2.3839 1.9401 0.1535, -2.3839 1.7079 0.6654, -2.3839 1.7079 0.1535, -2.3051 1.7079 0.6654, -2.3051 1.7079 0.1535, -2.3051 1.9811 0.6654, -2.3051 1.9811 0.1535, -2.4232 2.0638 0.6654, -2.4232 2.0638 0.1535, -2.4626 -1.3315 0.1535, -2.4626 -1.6071 0.1535, -2.4626 -1.6071 0.6654, -2.4626 1.4594 0.6654, -2.4626 1.4594 0.1535, -2.4626 -1.0165 0.1535, -2.4626 -1.0165 0.0984, -2.4626 -1.3315 0.0984, -2.3839 -1.6071 0.1535, -2.3839 -1.3315 0.1535, -2.3839 -1.6071 0.6654, -2.3839 -1.0165 0.1535, -2.3839 1.4308 0.1535, -2.3839 1.4308 0.6654, -2.3839 -1.3315 0.0984, -2.3839 -1.0165 0.0984, -2.0789 1.7963 0.6654, -2.0789 1.7963 0.1535, -2.0639 1.8192 0.1535, -2.0639 1.8192 0.6654, -2.0546 1.8448 0.1535, -2.0546 1.8448 0.6654, -2.0515 1.872 0.1535, -2.0515 1.872 0.6654, -2.0546 1.8991 0.1535, -2.0546 1.8991 0.6654, -2.0639 1.9248 0.1535, -2.0639 1.9248 0.6654, -2.0789 1.9476 0.1535, -2.0789 1.9476 0.6654, -2.0987 1.9665 0.1535, -2.0987 1.9665 0.6654, -2.2768 2.1 0.6654, -2.2768 2.1 0.1535, -2.324 2.037 0.6654, -2.324 2.037 0.1535, -2.146 1.9035 0.6654, -2.146 1.9035 0.1535, -2.1394 1.8972 0.6654, -2.1394 1.8972 0.1535, -2.1344 1.8896 0.6654, -2.1344 1.8896 0.1535, -2.1313 1.881 0.6654, -2.1313 1.881 0.1535, -2.1302 1.872 0.6654, -2.1302 1.872 0.1535, -2.1313 1.8629 0.6654, -2.1313 1.8629 0.1535, -2.1344 1.8544 0.6654, -2.1344 1.8544 0.1535, -2.1394 1.8467 0.6654, -2.1394 1.8467 0.1535, -2.6988 -1.3315 0.0787, -2.6988 -1.3315 0.0, -2.4823 -1.3315 0.0787, -2.4823 -1.3315 0.0, -2.4772 -1.3315 0.0794, -2.4568 -1.3315 0.0034, -2.4724 -1.3315 0.0814, -2.4331 -1.3315 0.0132, -2.4684 -1.3315 0.0845, -2.4127 -1.3315 0.0288, -2.4652 -1.3315 0.0886, -2.397 -1.3315 0.0492, -2.4633 -1.3315 0.0933, -2.3872 -1.3315 0.073, -2.4823 -1.0165 0.0, -2.6988 -1.0165 0.0, -2.4633 -1.0165 0.0933, -2.3872 -1.0165 0.073, -2.4652 -1.0165 0.0886, -2.397 -1.0165 0.0492, -2.4684 -1.0165 0.0845, -2.4127 -1.0165 0.0288, -2.4724 -1.0165 0.0814, -2.4331 -1.0165 0.0132, -2.4772 -1.0165 0.0794, -2.4568 -1.0165 0.0034, -2.4823 -1.0165 0.0787, -2.6988 -1.0165 0.0787
            ]
        }
        coordIndex [
            0,1,2,-1,2,1,3,-1,4,0,5,-1,5,0,2,-1,6,4,7,-1,7,4,5,-1,8,6,9,-1,9,6,7,-1,10,8,11,-1,11,8,9,-1,12,10,13,-1,13,10,11,-1,14,12,15,-1,15,12,13,-1,1,14,3,-1,3,14,15,-1,1,0,14,-1,14,0,4,-1,14,4,12,-1,12,4,6,-1,12,6,10,-1,10,6,8,-1,2,3,5,-1,5,3,15,-1,5,15,7,-1,7,15,13,-1,7,13,9,-1,9,13,11,-1,16,17,18,-1,19,20,21,-1,22,23,21,-1,21,23,16,-1,21,16,19,-1,19,16,18,-1,24,17,25,-1,25,17,16,-1,26,18,24,-1,24,18,17,-1,27,28,29,-1,26,24,25,-1,30,31,25,-1,25,31,27,-1,25,27,26,-1,26,27,29,-1,32,29,33,-1,33,29,28,-1,32,33,34,-1,32,34,35,-1,35,34,36,-1,35,36,37,-1,37,36,38,-1,37,38,39,-1,39,38,40,-1,39,40,41,-1,41,40,42,-1,41,42,43,-1,43,42,44,-1,43,44,45,-1,45,44,46,-1,45,46,47,-1,48,47,49,-1,49,47,46,-1,50,48,51,-1,51,48,49,-1,52,50,53,-1,53,50,51,-1,52,53,54,-1,54,53,55,-1,54,55,56,-1,56,55,57,-1,56,57,58,-1,58,57,59,-1,58,59,60,-1,60,59,61,-1,60,61,62,-1,62,61,63,-1,62,63,64,-1,64,63,65,-1,64,65,66,-1,66,65,67,-1,19,66,20,-1,20,66,67,-1,18,26,19,-1,19,26,29,-1,19,29,66,-1,66,29,32,-1,66,32,64,-1,64,32,35,-1,64,35,62,-1,62,35,37,-1,62,37,60,-1,60,37,39,-1,60,39,58,-1,58,39,41,-1,58,41,56,-1,56,41,43,-1,56,43,54,-1,54,43,45,-1,54,45,52,-1,52,45,47,-1,52,47,50,-1,50,47,48,-1,51,49,53,-1,53,49,46,-1,53,46,55,-1,55,46,44,-1,55,44,57,-1,57,44,42,-1,57,42,59,-1,59,42,40,-1,59,40,61,-1,61,40,38,-1,61,38,63,-1,63,38,36,-1,63,36,65,-1,65,36,34,-1,65,34,67,-1,67,34,33,-1,67,33,20,-1,20,33,28,-1,20,28,21,-1,21,28,27,-1,68,69,70,-1,70,69,71,-1,70,71,72,-1,72,71,73,-1,72,73,74,-1,74,73,75,-1,74,75,76,-1,76,75,77,-1,76,77,78,-1,78,77,79,-1,78,79,80,-1,80,79,81,-1,80,81,23,-1,23,81,30,-1,23,30,16,-1,16,30,25,-1,71,69,82,-1,82,69,83,-1,21,27,22,-1,22,27,31,-1,22,31,84,-1,84,31,85,-1,84,85,86,-1,86,85,87,-1,86,87,88,-1,88,87,89,-1,88,89,90,-1,90,89,91,-1,90,91,92,-1,92,91,93,-1,92,93,94,-1,94,93,82,-1,94,82,95,-1,95,82,83,-1,94,95,70,-1,70,95,68,-1,95,83,68,-1,68,83,69,-1,71,82,93,-1,71,93,73,-1,73,93,91,-1,73,91,75,-1,75,91,89,-1,75,89,77,-1,77,89,87,-1,77,87,79,-1,79,87,85,-1,79,85,81,-1,81,85,31,-1,81,31,30,-1,94,70,92,-1,92,70,72,-1,92,72,90,-1,90,72,74,-1,90,74,88,-1,88,74,76,-1,88,76,86,-1,86,76,78,-1,86,78,84,-1,84,78,80,-1,84,80,22,-1,22,80,23,-1,
        ]
    }
}
Shape{
    appearance Appearance {
        material  Material 	{
            diffuseColor 1.0 1.0 1.0
            specularColor 0.5019607843137255 0.5019607843137255 0.5019607843137255
            ambientIntensity 1.0
            transparency 0.0
            shininess 0.5
        }
    }
    geometry IndexedFaceSet {
        ccw TRUE
        solid FALSE
        coord DEF co Coordinate {
            point [
                1.8838 1.3681 0.6584, 1.8838 1.3794 0.6642, 1.8838 1.4206 0.5971, 1.8838 1.3435 0.6527, 1.8838 1.3361 0.5738, 1.8838 1.3308 0.6529, 1.8838 1.3184 0.575, 1.8838 1.3183 0.6551, 1.8838 1.405 0.5886, 1.8838 1.3885 0.582, 1.8838 1.3561 0.6546, 1.8838 1.3714 0.5773, 1.8838 1.3538 0.5745, 1.8838 1.2522 0.5994, 1.8838 1.2952 0.6653, 1.8838 1.2676 0.5905, 1.8838 1.3064 0.6593, 1.8838 1.2839 0.5834, 1.8838 1.3009 0.5783, 1.8838 1.1909 0.6393, 1.8838 1.2339 0.7053, 2.0806 1.3064 0.6593, 2.0806 1.2952 0.6653, 2.0806 1.2522 0.5994, 2.0806 1.4206 0.5971, 2.0806 1.3794 0.6642, 2.0806 1.405 0.5886, 2.0806 1.3681 0.6584, 2.0806 1.3885 0.582, 2.0806 1.3561 0.6546, 2.0806 1.3308 0.6529, 2.0806 1.3361 0.5738, 2.0806 1.3435 0.6527, 2.0806 1.3538 0.5745, 2.0806 1.3714 0.5773, 2.0806 1.2676 0.5905, 2.0806 1.2839 0.5834, 2.0806 1.3183 0.6551, 2.0806 1.3009 0.5783, 2.0806 1.3184 0.575, 2.0806 1.5309 0.6648, 2.0806 1.4897 0.7319, 1.8838 1.5316 0.6651, 1.8838 1.5309 0.6648, 1.8838 1.4897 0.7319, 1.8838 1.533 0.7441, 1.8838 1.533 0.6654, 1.8838 1.5216 0.7433, 1.8838 1.5323 0.6653, 1.8838 1.5105 0.741, 1.8838 1.4998 0.7371, 2.0806 1.5323 0.6653, 2.0806 1.533 0.6654, 2.0806 1.533 0.7441, 2.0806 1.4998 0.7371, 2.0806 1.5316 0.6651, 2.0806 1.5105 0.741, 2.0806 1.5216 0.7433, 2.0806 1.5876 0.6654, 2.0806 1.5876 0.7441, 2.0806 1.2339 0.7053, 1.8838 1.5876 0.7441, 1.8838 1.5876 0.6654, 2.0806 1.1909 0.6393, 1.8838 0.5254 0.6654, 1.8838 0.5254 0.7441, 1.8838 0.5338 0.6645, 1.8838 0.5463 0.7422, 1.8838 0.5417 0.6618, 1.8838 0.6288 0.6831, 1.8838 0.5599 0.645, 1.8838 0.6171 0.7004, 1.8838 0.5551 0.6519, 1.8838 0.6025 0.7155, 1.8838 0.5489 0.6576, 1.8838 0.5855 0.7277, 1.8838 0.5665 0.7367, 1.8838 0.011 0.6654, 1.8838 0.011 0.7441, 2.0806 0.5599 0.645, 2.0806 0.6288 0.6831, 2.0806 0.5551 0.6519, 2.0806 0.6171 0.7004, 2.0806 0.5489 0.6576, 2.0806 0.5254 0.7441, 2.0806 0.5254 0.6654, 2.0806 0.5463 0.7422, 2.0806 0.5338 0.6645, 2.0806 0.5665 0.7367, 2.0806 0.5417 0.6618, 2.0806 0.5855 0.7277, 2.0806 0.6025 0.7155, 2.0806 0.569 0.6286, 2.0806 0.6379 0.6666, 1.8838 0.7771 0.6112, 1.8838 0.7984 0.6203, 1.8838 0.8364 0.5514, 1.8838 0.8083 0.5386, 1.8838 0.7785 0.5304, 1.8838 0.7545 0.6063, 1.8838 0.7478 0.527, 1.8838 0.7313 0.606, 1.8838 0.717 0.5284, 1.8838 0.7085 0.6102, 1.8838 0.6867 0.5346, 1.8838 0.687 0.6188, 1.8838 0.6578 0.5455, 1.8838 0.6676 0.6314, 1.8838 0.569 0.6286, 1.8838 0.6379 0.6666, 1.8838 0.586 0.6028, 1.8838 0.651 0.6476, 1.8838 0.6068 0.58, 1.8838 0.6309 0.5607, 2.0806 0.651 0.6476, 2.0806 0.8364 0.5514, 2.0806 0.7984 0.6203, 2.0806 0.8083 0.5386, 2.0806 0.7771 0.6112, 2.0806 0.7785 0.5304, 2.0806 0.7545 0.6063, 2.0806 0.586 0.6028, 2.0806 0.6068 0.58, 2.0806 0.6676 0.6314, 2.0806 0.6309 0.5607, 2.0806 0.687 0.6188, 2.0806 0.6578 0.5455, 2.0806 0.7085 0.6102, 2.0806 0.6867 0.5346, 2.0806 0.7313 0.606, 2.0806 0.717 0.5284, 2.0806 0.7478 0.527, 2.0806 0.9817 0.6316, 2.0806 0.9437 0.7005, 1.8838 0.9817 0.6316, 2.0806 0.011 0.6654, 2.0806 0.011 0.7441, 1.8838 0.9437 0.7005, -1.7146 -0.9496 0.2323, -1.7146 -3.2331 0.2323, -1.7146 -0.9496 0.2717, -1.7146 -3.2331 0.2717, -1.6752 -3.2724 0.2323, 0.7067 -3.2724 0.2323, -1.6752 -3.2724 0.2717, 0.7067 -3.2724 0.2717, 0.7461 -3.2331 0.2717, 0.7461 -3.2331 0.2323, 0.7461 -0.9102 0.2717, 0.7461 -0.9102 0.2323, -1.6752 -0.9102 0.1929, -1.6752 -0.9102 0.311, 0.7067 -0.9102 0.1929, 0.7067 -0.9102 0.311, 0.7169 -0.9102 0.3097, 0.7447 -0.9102 0.2818, 0.7264 -0.9102 0.3057, 0.7345 -0.9102 0.2995, 0.7408 -0.9102 0.2913, 0.7264 -0.9102 0.1982, 0.7447 -0.9102 0.2221, 0.7345 -0.9102 0.2044, 0.7408 -0.9102 0.2126, 0.7169 -0.9102 0.1943, -1.6752 -3.2331 0.311, 0.7067 -3.2331 0.311, -1.6752 -3.2331 0.1929, 0.7067 -3.2331 0.1929, 0.7169 -3.2331 0.3097, 0.7264 -3.2331 0.3057, 0.7345 -3.2331 0.2995, 0.7408 -3.2331 0.2913, 0.7447 -3.2331 0.2818, 0.7154 -3.2713 0.2323, 0.7154 -3.2713 0.2717, 0.7169 -3.2711 0.2717, 0.7169 -3.2711 0.2323, 0.7237 -3.2683 0.2717, 0.7237 -3.2683 0.2323, 0.7264 -3.2672 0.2717, 0.7264 -3.2672 0.2323, 0.731 -3.2636 0.2717, 0.731 -3.2636 0.2323, 0.7345 -3.2609 0.2717, 0.7345 -3.2609 0.2323, 0.7372 -3.2574 0.2717, 0.7372 -3.2574 0.2323, 0.7408 -3.2528 0.2717, 0.7408 -3.2528 0.2323, 0.7419 -3.25 0.2717, 0.7419 -3.25 0.2323, 0.7447 -3.2433 0.2717, 0.7447 -3.2433 0.2323, 0.7449 -3.2418 0.2717, 0.7449 -3.2418 0.2323, 0.7169 -3.2331 0.1943, 0.7264 -3.2331 0.1982, 0.7345 -3.2331 0.2044, 0.7408 -3.2331 0.2126, 0.7447 -3.2331 0.2221, 0.7165 -3.2698 0.2818, 0.7257 -3.266 0.2818, 0.7336 -3.26 0.2818, 0.7396 -3.2521 0.2818, 0.7434 -3.2429 0.2818, 0.7396 -3.2419 0.2913, 0.7336 -3.2403 0.2995, 0.7257 -3.2382 0.3057, 0.7165 -3.2357 0.3097, 0.7362 -3.2501 0.2913, 0.7308 -3.247 0.2995, 0.7237 -3.2429 0.3057, 0.7155 -3.2382 0.3097, 0.7308 -3.2572 0.2913, 0.7264 -3.2528 0.2995, 0.7206 -3.247 0.3057, 0.7139 -3.2403 0.3097, 0.7237 -3.2626 0.2913, 0.7206 -3.2572 0.2995, 0.7165 -3.2501 0.3057, 0.7118 -3.2419 0.3097, 0.7155 -3.266 0.2913, 0.7139 -3.26 0.2995, 0.7118 -3.2521 0.3057, 0.7093 -3.2429 0.3097, 0.7067 -3.2711 0.2818, 0.7067 -3.2672 0.2913, 0.7067 -3.2609 0.2995, 0.7067 -3.2528 0.3057, 0.7067 -3.2433 0.3097, 0.7067 -3.2711 0.2221, 0.7165 -3.2698 0.2221, 0.7257 -3.266 0.2221, 0.7336 -3.26 0.2221, 0.7396 -3.2521 0.2221, 0.7434 -3.2429 0.2221, 0.7396 -3.2419 0.2126, 0.7362 -3.2501 0.2126, 0.7336 -3.2403 0.2044, 0.7308 -3.247 0.2044, 0.7257 -3.2382 0.1982, 0.7237 -3.2429 0.1982, 0.7165 -3.2357 0.1943, 0.7155 -3.2382 0.1943, 0.7308 -3.2572 0.2126, 0.7264 -3.2528 0.2044, 0.7206 -3.247 0.1982, 0.7139 -3.2403 0.1943, 0.7237 -3.2626 0.2126, 0.7155 -3.266 0.2126, 0.7206 -3.2572 0.2044, 0.7139 -3.26 0.2044, 0.7165 -3.2501 0.1982, 0.7118 -3.2521 0.1982, 0.7118 -3.2419 0.1943, 0.7093 -3.2429 0.1943, 0.7067 -3.2672 0.2126, 0.7067 -3.2609 0.2044, 0.7067 -3.2528 0.1982, 0.7067 -3.2433 0.1943, -1.6752 -3.2433 0.3097, -1.6752 -3.2528 0.3057, -1.6752 -3.2609 0.2995, -1.6752 -3.2672 0.2913, -1.6752 -3.2711 0.2818, -1.7132 -3.2433 0.2323, -1.7132 -3.2433 0.2717, -1.7093 -3.2528 0.2323, -1.7093 -3.2528 0.2717, -1.703 -3.2609 0.2323, -1.703 -3.2609 0.2717, -1.6949 -3.2672 0.2323, -1.6949 -3.2672 0.2717, -1.6854 -3.2711 0.2323, -1.6854 -3.2711 0.2717, -1.6752 -3.2433 0.1943, -1.6752 -3.2528 0.1982, -1.6752 -3.2609 0.2044, -1.6752 -3.2672 0.2126, -1.6752 -3.2711 0.2221, -1.685 -3.2698 0.2818, -1.685 -3.2501 0.3057, -1.6803 -3.2419 0.3097, -1.6824 -3.2403 0.3097, -1.6854 -3.2331 0.3097, -1.685 -3.2357 0.3097, -1.6778 -3.2429 0.3097, -1.6803 -3.2521 0.3057, -1.6824 -3.26 0.2995, -1.6891 -3.247 0.3057, -1.684 -3.2382 0.3097, -1.6922 -3.2429 0.3057, -1.6942 -3.2382 0.3057, -1.6949 -3.2331 0.3057, -1.6891 -3.2572 0.2995, -1.6949 -3.2528 0.2995, -1.6993 -3.247 0.2995, -1.7021 -3.2403 0.2995, -1.703 -3.2331 0.2995, -1.684 -3.266 0.2913, -1.6922 -3.2626 0.2913, -1.6993 -3.2572 0.2913, -1.7047 -3.2501 0.2913, -1.7081 -3.2419 0.2913, -1.7093 -3.2331 0.2913, -1.6942 -3.266 0.2818, -1.7021 -3.26 0.2818, -1.7081 -3.2521 0.2818, -1.7119 -3.2429 0.2818, -1.7132 -3.2331 0.2818, -1.685 -3.2698 0.2221, -1.6942 -3.266 0.2221, -1.684 -3.266 0.2126, -1.6922 -3.2626 0.2126, -1.6824 -3.26 0.2044, -1.6891 -3.2572 0.2044, -1.6803 -3.2521 0.1982, -1.685 -3.2501 0.1982, -1.6778 -3.2429 0.1943, -1.6803 -3.2419 0.1943, -1.7021 -3.26 0.2221, -1.6993 -3.2572 0.2126, -1.6949 -3.2528 0.2044, -1.6891 -3.247 0.1982, -1.6824 -3.2403 0.1943, -1.7081 -3.2521 0.2221, -1.7119 -3.2429 0.2221, -1.7047 -3.2501 0.2126, -1.7081 -3.2419 0.2126, -1.6993 -3.247 0.2044, -1.7021 -3.2403 0.2044, -1.6922 -3.2429 0.1982, -1.6942 -3.2382 0.1982, -1.684 -3.2382 0.1943, -1.685 -3.2357 0.1943, -1.7132 -3.2331 0.2221, -1.7093 -3.2331 0.2126, -1.703 -3.2331 0.2044, -1.6949 -3.2331 0.1982, -1.6854 -3.2331 0.1943, -1.7132 -0.9394 0.2818, -1.7093 -0.9299 0.2913, -1.703 -0.9218 0.2995, -1.6992 -0.9184 0.3029, -1.6949 -0.9155 0.3057, -1.6903 -0.9132 0.308, -1.6854 -0.9116 0.3097, -1.6803 -0.9106 0.3107, -1.6803 -0.9106 0.1932, -1.6903 -0.9132 0.1959, -1.6854 -0.9116 0.1943, -1.703 -0.9218 0.2044, -1.6992 -0.9184 0.201, -1.6949 -0.9155 0.1982, -1.7093 -0.9299 0.2126, -1.7132 -0.9394 0.2221, 2.3479 2.5396 0.4238, 2.349 2.5313 0.4203, 2.3207 2.5218 0.446, 2.3485 2.5218 0.4182, 2.3472 2.5153 0.4176, 2.3358 2.5578 0.441, 2.341 2.5536 0.4346, 2.345 2.5476 0.4289, 2.3161 2.558 0.4608, 2.323 2.5602 0.4545, 2.3292 2.5602 0.4483, 2.2989 2.5404 0.473, 2.3039 2.548 0.4701, 2.3096 2.5538 0.4661, 2.2923 2.5149 0.4724, 2.2933 2.5247 0.4742, 2.2955 2.5327 0.4742, 2.2987 2.4921 0.4596, 2.2951 2.4986 0.465, 2.293 2.5064 0.4693, 2.3152 2.4832 0.4406, 2.3092 2.4842 0.4469, 2.3035 2.4872 0.4535, 2.335 2.4929 0.4235, 2.329 2.4877 0.4281, 2.3222 2.4844 0.4339, 2.3445 2.5074 0.4181, 2.3405 2.4999 0.42, 2.3445 1.1294 0.4181, 2.3472 1.1374 0.4176, 2.3207 1.1439 0.446, 2.3485 1.1439 0.4182, 2.349 1.1533 0.4203, 2.329 1.1098 0.4281, 2.335 1.1149 0.4235, 2.3405 1.122 0.42, 2.3092 1.1062 0.4469, 2.3152 1.1052 0.4406, 2.3222 1.1064 0.4339, 2.2951 1.1207 0.465, 2.2987 1.1142 0.4596, 2.3035 1.1092 0.4535, 2.2933 1.1467 0.4742, 2.2923 1.1369 0.4724, 2.293 1.1284 0.4693, 2.3039 1.1701 0.4701, 2.2989 1.1624 0.473, 2.2955 1.1547 0.4742, 2.323 1.1822 0.4545, 2.3161 1.1801 0.4608, 2.3096 1.1759 0.4661, 2.341 1.1756 0.4346, 2.3358 1.1799 0.441, 2.3292 1.1822 0.4483, 2.3479 1.1616 0.4238, 2.345 1.1696 0.4289, 2.336 1.1487 0.4035, 2.3348 1.1422 0.4027, 2.3259 1.154 0.3864, 2.3248 1.1475 0.3855, 2.3186 1.1596 0.3675, 2.3177 1.1531 0.3665, 2.3146 1.1652 0.3477, 2.3139 1.1587 0.3465, 2.3141 1.1706 0.3277, 2.3136 1.1641 0.3264, 2.3169 1.1756 0.3085, 2.3166 1.1691 0.3071, 2.3226 1.1803 0.2902, 2.3226 1.1738 0.2888, 2.3315 1.1855 0.2726, 2.3317 1.179 0.2712, 2.3436 1.1911 0.2564, 2.344 1.1846 0.2551, 2.3582 1.1967 0.2424, 2.3589 1.1902 0.2412, 2.3749 1.2022 0.2313, 2.3758 1.1957 0.2302, 2.3928 1.2072 0.2233, 2.3938 1.2007 0.2223, 2.4112 1.2119 0.2184, 2.4124 1.2055 0.2176, 2.4308 1.2171 0.2165, 2.4321 1.2106 0.216, 2.4508 1.2225 0.218, 2.4522 1.216 0.2177, 2.4705 1.2282 0.223, 2.4719 1.2217 0.2228, 2.4889 1.2337 0.2311, 2.4903 1.2272 0.2312, 2.5053 1.2389 0.242, 2.5067 1.2324 0.2424, 2.5193 1.2436 0.2551, 2.5206 1.2371 0.2556, 2.5312 1.2486 0.2705, 2.5324 1.2421 0.2713, 2.5406 1.254 0.2881, 2.5416 1.2475 0.2891, 2.5469 1.2596 0.3074, 2.5478 1.2531 0.3085, 2.5499 1.2652 0.3273, 2.5506 1.2587 0.3286, 2.5495 1.2705 0.3472, 2.5499 1.264 0.3485, 2.5459 1.2753 0.3661, 2.5461 1.2688 0.3675, 2.5392 1.2802 0.3842, 2.5392 1.2737 0.3856, 2.5294 1.2855 0.4015, 2.5291 1.279 0.4029, 2.5166 1.2911 0.4171, 2.5161 1.2846 0.4184, 2.5013 1.2967 0.4303, 2.5005 1.2902 0.4316, 2.4842 1.3021 0.4406, 2.4832 1.2956 0.4417, 2.4661 1.307 0.4477, 2.465 1.3005 0.4486, 2.4473 1.3118 0.4518, 2.4461 1.3053 0.4525, 2.4276 1.317 0.4527, 2.4263 1.3105 0.4532, 2.4076 1.3226 0.4502, 2.4062 1.3161 0.4505, 2.3882 1.3282 0.4443, 2.3868 1.3217 0.4444, 2.3703 1.3336 0.4353, 2.3689 1.3271 0.4351, 2.3545 1.3387 0.4237, 2.3532 1.3322 0.4233, 2.3411 1.3434 0.4101, 2.3399 1.3369 0.4094, 2.3299 1.3485 0.394, 2.3288 1.342 0.3931, 2.3213 1.354 0.3758, 2.3203 1.3475 0.3748, 2.3159 1.3597 0.3563, 2.3151 1.3532 0.3551, 2.3139 1.3652 0.3362, 2.3134 1.3587 0.335, 2.3153 1.3704 0.3166, 2.315 1.3639 0.3152, 2.3198 1.3751 0.298, 2.3196 1.3686 0.2966, 2.3273 1.3801 0.28, 2.3274 1.3736 0.2786, 2.3381 1.3855 0.2631, 2.3384 1.379 0.2617, 2.3516 1.3911 0.2481, 2.3522 1.3846 0.2468, 2.3676 1.3967 0.2357, 2.3683 1.3902 0.2345, 2.385 1.402 0.2263, 2.386 1.3955 0.2253, 2.4032 1.4068 0.2201, 2.4043 1.4003 0.2192, 2.4223 1.4117 0.2169, 2.4235 1.4052 0.2163, 2.4422 1.417 0.217, 2.4436 1.4105 0.2165, 2.4621 1.4226 0.2204, 2.4635 1.4161 0.2202, 2.4812 1.4282 0.2272, 2.4826 1.4217 0.2273, 2.4985 1.4336 0.237, 2.4999 1.4271 0.2373, 2.5136 1.4385 0.2492, 2.5149 1.432 0.2497, 2.5264 1.4433 0.2636, 2.5276 1.4368 0.2643, 2.5369 1.4485 0.2803, 2.538 1.442 0.2812, 2.5446 1.4541 0.299, 2.5456 1.4476 0.3, 2.5491 1.4597 0.3187, 2.5498 1.4532 0.3199, 2.5501 1.4651 0.3387, 2.5506 1.4586 0.34, 2.5478 1.4702 0.3581, 2.5481 1.4637 0.3595, 2.5425 1.4749 0.3765, 2.5425 1.4684 0.3779, 2.534 1.48 0.3943, 2.5338 1.4735 0.3957, 2.5224 1.4855 0.4107, 2.522 1.479 0.412, 2.5081 1.4912 0.425, 2.5075 1.4847 0.4263, 2.4917 1.4967 0.4366, 2.4908 1.4902 0.4377, 2.4739 1.5018 0.4451, 2.4729 1.4953 0.4461, 2.4555 1.5065 0.4504, 2.4544 1.5 0.4512, 2.4361 1.5116 0.4527, 2.4349 1.5051 0.4533, 2.4161 1.517 0.4517, 2.4148 1.5105 0.4521, 2.3964 1.5226 0.4472, 2.395 1.5161 0.4474, 2.3777 1.5282 0.4395, 2.3763 1.5217 0.4394, 2.361 1.5334 0.429, 2.3596 1.5269 0.4287, 2.3466 1.5382 0.4162, 2.3453 1.5317 0.4157, 2.3344 1.5431 0.4012, 2.3332 1.5366 0.4004, 2.3246 1.5485 0.3838, 2.3236 1.542 0.3828, 2.3178 1.5541 0.3647, 2.317 1.5476 0.3636, 2.3144 1.5597 0.3448, 2.3137 1.5532 0.3436, 2.3143 1.565 0.3249, 2.3139 1.5585 0.3236, 2.3175 1.5699 0.3058, 2.3173 1.5634 0.3044, 2.3237 1.5747 0.2876, 2.3237 1.5682 0.2862, 2.3331 1.58 0.2702, 2.3333 1.5735 0.2688, 2.3455 1.5856 0.2543, 2.346 1.5791 0.2529, 2.3605 1.5912 0.2407, 2.3612 1.5847 0.2394, 2.3774 1.5966 0.2299, 2.3783 1.5901 0.2288, 2.3954 1.6016 0.2224, 2.3964 1.5951 0.2214, 2.414 1.6063 0.2179, 2.4152 1.5999 0.2172, 2.4336 1.6115 0.2165, 2.4349 1.605 0.216, 2.4537 1.617 0.2185, 2.455 1.6105 0.2182, 2.4732 1.6227 0.2239, 2.4746 1.6162 0.2239, 2.4914 1.6282 0.2325, 2.4927 1.6217 0.2327, 2.5075 1.6333 0.2438, 2.5088 1.6268 0.2442, 2.5211 1.638 0.2571, 2.5224 1.6315 0.2577, 2.5327 1.6431 0.2729, 2.5339 1.6366 0.2737, 2.5417 1.6485 0.2908, 2.5427 1.642 0.2918, 2.5476 1.6541 0.3102, 2.5484 1.6476 0.3113, 2.5501 1.6597 0.3302, 2.5507 1.6532 0.3315, 2.5491 1.6649 0.3499, 2.5495 1.6584 0.3513, 2.5451 1.6697 0.3687, 2.5453 1.6632 0.3701, 2.538 1.6746 0.3868, 2.538 1.6681 0.3882, 2.5277 1.68 0.4039, 2.5274 1.6735 0.4052, 2.5145 1.6856 0.4192, 2.514 1.6791 0.4205, 2.4989 1.6912 0.432, 2.4982 1.6847 0.4332, 2.4816 1.6965 0.4418, 2.4807 1.69 0.4429, 2.4635 1.7014 0.4485, 2.4624 1.6949 0.4494, 2.4446 1.7062 0.4521, 2.4433 1.6997 0.4528, 2.4247 1.7115 0.4525, 2.4234 1.705 0.453, 2.4047 1.7171 0.4496, 2.4034 1.7106 0.4498, 2.3855 1.7227 0.4432, 2.3841 1.7162 0.4432, 2.3679 1.7281 0.4338, 2.3665 1.7216 0.4336, 2.3525 1.7331 0.4219, 2.3511 1.7266 0.4215, 2.3394 1.7378 0.4079, 2.3382 1.7313 0.4073, 2.3285 1.743 0.3915, 2.3274 1.7365 0.3906, 2.3203 1.7485 0.3731, 2.3194 1.742 0.372, 2.3154 1.7542 0.3534, 2.3147 1.7477 0.3522, 2.3139 1.7596 0.3334, 2.3134 1.7531 0.3321, 2.3158 1.7648 0.3139, 2.3154 1.7583 0.3125, 2.3206 1.7695 0.2954, 2.3205 1.763 0.294, 2.3287 1.7745 0.2775, 2.3288 1.7681 0.2761, 2.3398 1.78 0.2608, 2.3402 1.7735 0.2595, 2.3538 1.7856 0.2462, 2.3544 1.7791 0.2449, 2.37 1.7912 0.2342, 2.3708 1.7847 0.233, 2.3876 1.7964 0.2252, 2.3886 1.7899 0.2242, 2.4059 1.8011 0.2195, 2.407 1.7946 0.2186, 2.4251 1.8061 0.2167, 2.4264 1.7996 0.2161, 2.4451 1.8115 0.2173, 2.4464 1.805 0.2168, 2.4649 1.8171 0.2212, 2.4663 1.8106 0.221, 2.3618 2.5105 0.4303, 2.3632 2.517 0.4306, 2.3789 2.5052 0.4408, 2.3803 2.5117 0.4408, 2.3977 2.4996 0.4483, 2.3991 2.5061 0.4481, 2.4176 2.494 0.4524, 2.419 2.5005 0.452, 2.4377 2.4886 0.4532, 2.439 2.4951 0.4526, 2.4571 2.4836 0.4507, 2.4582 2.4901 0.4498, 2.4755 2.4789 0.4451, 2.4765 2.4854 0.4441, 2.4933 2.4737 0.4363, 2.4941 2.4801 0.4351, 2.5097 2.4681 0.4244, 2.5103 2.4746 0.4231, 2.5239 2.4625 0.4098, 2.5242 2.469 0.4085, 2.5353 2.457 0.3932, 2.5354 2.4635 0.3918, 2.5435 2.4519 0.3753, 2.5434 2.4584 0.3739, 2.5486 2.4472 0.3568, 2.5483 2.4537 0.3554, 2.5507 2.4421 0.3372, 2.5501 2.4486 0.3359, 2.5494 2.4366 0.3171, 2.5486 2.4431 0.3159, 2.5447 2.431 0.2973, 2.5437 2.4375 0.2962, 2.5367 2.4255 0.2787, 2.5356 2.432 0.2778, 2.5259 2.4203 0.262, 2.5247 2.4268 0.2614, 2.5129 2.4156 0.2478, 2.5116 2.4221 0.2474, 2.4976 2.4106 0.2357, 2.4962 2.4171 0.2355, 2.48 2.4052 0.2261, 2.4785 2.4117 0.2261, 2.4607 2.3996 0.2195, 2.4593 2.406 0.2197, 2.4407 2.394 0.2163, 2.4394 2.4005 0.2168, 2.4207 2.3887 0.2165, 2.4195 2.3952 0.2172, 2.4017 2.3839 0.2199, 2.4006 2.3904 0.2208, 2.3834 2.379 0.2264, 2.3825 2.3855 0.2274, 2.3659 2.3737 0.2361, 2.3652 2.3802 0.2373, 2.3501 2.3681 0.2488, 2.3495 2.3746 0.2501, 2.3366 2.3625 0.2641, 2.3363 2.369 0.2654, 2.3261 2.3571 0.2811, 2.326 2.3636 0.2825, 2.3188 2.3522 0.2992, 2.3189 2.3586 0.3006, 2.3145 2.3474 0.318, 2.3149 2.3539 0.3193, 2.3134 2.3422 0.3378, 2.314 2.3487 0.3391, 2.3157 2.3366 0.358, 2.3165 2.3431 0.3591, 2.3214 2.331 0.3775, 2.3224 2.3375 0.3785, 2.3302 2.3255 0.3956, 2.3314 2.332 0.3964, 2.3417 2.3205 0.4116, 2.3429 2.327 0.4122, 2.3553 2.3158 0.4251, 2.3566 2.3223 0.4255, 2.3713 2.3106 0.4366, 2.3727 2.3171 0.4368, 2.3895 2.3051 0.4454, 2.3909 2.3116 0.4454, 2.409 2.2995 0.4511, 2.4104 2.306 0.4508, 2.4291 2.294 0.4533, 2.4304 2.3005 0.4527, 2.4489 2.2888 0.4521, 2.4501 2.2953 0.4514, 2.4676 2.2841 0.4479, 2.4687 2.2906 0.4469, 2.4858 2.2791 0.4405, 2.4867 2.2856 0.4394, 2.5029 2.2737 0.4299, 2.5036 2.2802 0.4286, 2.5181 2.268 0.4164, 2.5186 2.2745 0.415, 2.5308 2.2625 0.4005, 2.531 2.269 0.3991, 2.5404 2.2572 0.3831, 2.5404 2.2637 0.3817, 2.5468 2.2524 0.3649, 2.5466 2.2589 0.3635, 2.5502 2.2475 0.3457, 2.5497 2.254 0.3444, 2.5504 2.2422 0.3257, 2.5497 2.2487 0.3245, 2.5471 2.2366 0.3056, 2.5462 2.2431 0.3045, 2.5405 2.231 0.2864, 2.5394 2.2375 0.2855, 2.5308 2.2256 0.2689, 2.5296 2.2321 0.2681, 2.5187 2.2207 0.2536, 2.5174 2.2272 0.2531, 2.5045 2.2159 0.2406, 2.5031 2.2224 0.2403, 2.4877 2.2107 0.2299, 2.4863 2.2172 0.2298, 2.4691 2.2051 0.2219, 2.4677 2.2116 0.2221, 2.4493 2.1995 0.2172, 2.4479 2.206 0.2176, 2.4292 2.1941 0.216, 2.4279 2.2005 0.2166, 2.4097 2.189 0.2181, 2.4085 2.1955 0.2189, 2.3912 2.1843 0.2232, 2.3902 2.1908 0.2242, 2.3733 2.1791 0.2315, 2.3724 2.1856 0.2327, 2.3566 2.1736 0.243, 2.356 2.1801 0.2443, 2.3421 2.168 0.2572, 2.3417 2.1745 0.2586, 2.3302 2.1625 0.2736, 2.3301 2.169 0.275, 2.3215 2.1574 0.2914, 2.3216 2.1639 0.2928, 2.316 2.1526 0.3098, 2.3163 2.1591 0.3112, 2.3135 2.1476 0.3292, 2.314 2.1541 0.3306, 2.3143 2.1422 0.3494, 2.315 2.1487 0.3506, 2.3185 2.1365 0.3693, 2.3194 2.143 0.3703, 2.3261 2.131 0.3881, 2.3271 2.1375 0.389, 2.3365 2.1257 0.405, 2.3377 2.1322 0.4057, 2.3491 2.121 0.4196, 2.3505 2.1275 0.4201, 2.3641 2.116 0.432, 2.3655 2.1225 0.4323, 2.3815 2.1107 0.442, 2.3829 2.1172 0.442, 2.4005 2.1051 0.4491, 2.4019 2.1116 0.4489, 2.4205 2.0995 0.4528, 2.4218 2.106 0.4523, 2.4405 2.0941 0.453, 2.4418 2.1006 0.4524, 2.4597 2.0892 0.45, 2.4609 2.0957 0.4492, 2.4781 2.0845 0.444, 2.4791 2.0909 0.443, 2.4957 2.0792 0.4348, 2.4965 2.0857 0.4336, 2.5119 2.0736 0.4225, 2.5124 2.0801 0.4212, 2.5257 2.068 0.4075, 2.526 2.0745 0.4062, 2.5366 2.0626 0.3907, 2.5367 2.0691 0.3893, 2.5444 2.0576 0.3727, 2.5443 2.064 0.3713, 2.5491 2.0528 0.3541, 2.5488 2.0593 0.3527, 2.5507 2.0477 0.3343, 2.5501 2.0542 0.333, 2.5489 2.0421 0.3142, 2.5481 2.0486 0.313, 2.5437 2.0365 0.2945, 2.5427 2.043 0.2935, 2.5353 2.031 0.2762, 2.5342 2.0375 0.2753, 2.5242 2.0259 0.2599, 2.5229 2.0324 0.2592, 2.5109 2.0212 0.246, 2.5096 2.0277 0.2455, 2.4952 2.0161 0.2342, 2.4938 2.0226 0.234, 2.4773 2.0107 0.2249, 2.4759 2.0172 0.225, 2.4579 2.005 0.2188, 2.4565 2.0115 0.2191, 2.4378 1.9995 0.2161, 2.4365 2.006 0.2166, 2.4179 1.9943 0.2168, 2.4167 2.0008 0.2175, 2.3991 1.9895 0.2206, 2.398 1.996 0.2216, 2.3808 1.9846 0.2276, 2.3799 1.9911 0.2287, 2.3635 1.9792 0.2377, 2.3628 1.9857 0.2389, 2.348 1.9736 0.2508, 2.3475 1.9801 0.2522, 2.3349 1.968 0.2664, 2.3347 1.9745 0.2678, 2.3249 1.9627 0.2837, 2.3248 1.9692 0.2851, 2.318 1.9578 0.3018, 2.3182 1.9643 0.3032, 2.3142 1.953 0.3208, 2.3146 1.9595 0.3221, 2.3135 1.9477 0.3407, 2.3142 1.9542 0.342, 2.3163 1.9421 0.3608, 2.3171 1.9486 0.3619, 2.3224 1.9365 0.3802, 2.3235 1.943 0.3812, 2.3317 1.9311 0.398, 2.3329 1.9376 0.3988, 2.3435 1.9261 0.4136, 2.3448 1.9326 0.4142, 2.3574 1.9214 0.4269, 2.3588 1.9279 0.4273, 2.3738 1.9162 0.4381, 2.3752 1.9227 0.4382, 2.3922 1.9106 0.4464, 2.3936 1.9171 0.4463, 2.4119 1.905 0.4516, 2.4133 1.9115 0.4513, 2.432 1.8995 0.4533, 2.4333 1.906 0.4527, 2.4516 1.8944 0.4517, 2.4528 1.9009 0.4509, 2.4703 1.8897 0.447, 2.4713 1.8962 0.446, 2.4883 1.8846 0.4391, 2.4892 1.8911 0.438, 2.5052 1.8792 0.4281, 2.5058 1.8857 0.4269, 2.5201 1.8735 0.4142, 2.5205 1.88 0.4129, 2.5323 1.868 0.3981, 2.5325 1.8745 0.3967, 2.5415 1.8628 0.3805, 2.5415 1.8693 0.3791, 2.5475 1.8581 0.3622, 2.5472 1.8645 0.3608, 2.5504 1.8531 0.3429, 2.5499 1.8596 0.3416, 2.5501 1.8477 0.3228, 2.5494 1.8542 0.3216, 2.5464 1.8421 0.3028, 2.5455 1.8486 0.3017, 2.3321 1.1343 0.4028, 2.322 1.1396 0.3851, 2.3151 1.1452 0.3656, 2.3115 1.1508 0.3452, 2.3114 1.1562 0.3247, 2.3147 1.1611 0.305, 2.321 1.1659 0.2865, 2.3306 1.1711 0.2686, 2.3433 1.1766 0.2524, 2.3587 1.1823 0.2384, 2.376 1.1877 0.2274, 2.3945 1.1928 0.2196, 2.4136 1.1975 0.2151, 2.4336 1.2026 0.2137, 2.4541 1.2081 0.2157, 2.4741 1.2137 0.2212, 2.4928 1.2193 0.23, 2.5093 1.2245 0.2416, 2.5234 1.2292 0.2553, 2.5352 1.2342 0.2714, 2.5444 1.2396 0.2897, 2.5504 1.2452 0.3095, 2.5529 1.2508 0.33, 2.552 1.2561 0.3503, 2.5479 1.2609 0.3696, 2.5406 1.2658 0.388, 2.5301 1.2711 0.4055, 2.5166 1.2767 0.4212, 2.5006 1.2823 0.4343, 2.4828 1.2877 0.4445, 2.4642 1.2926 0.4513, 2.4449 1.2974 0.455, 2.4246 1.3026 0.4554, 2.4042 1.3081 0.4524, 2.3845 1.3138 0.4459, 2.3663 1.3192 0.4363, 2.3505 1.3243 0.424, 2.3371 1.329 0.4097, 2.326 1.3341 0.3929, 2.3176 1.3396 0.3741, 2.3126 1.3452 0.354, 2.311 1.3507 0.3334, 2.3129 1.3559 0.3133, 2.3179 1.3606 0.2944, 2.3261 1.3657 0.2761, 2.3375 1.3711 0.2591, 2.3518 1.3767 0.2441, 2.3684 1.3823 0.2317, 2.3865 1.3875 0.2225, 2.4053 1.3923 0.2166, 2.4249 1.3972 0.2139, 2.4453 1.4026 0.2144, 2.4656 1.4082 0.2184, 2.485 1.4138 0.2258, 2.5025 1.4191 0.2363, 2.5177 1.4241 0.2492, 2.5304 1.4288 0.2642, 2.5408 1.4341 0.2816, 2.5482 1.4396 0.3009, 2.5523 1.4453 0.3212, 2.5528 1.4507 0.3417, 2.55 1.4557 0.3615, 2.5441 1.4604 0.3802, 2.535 1.4656 0.3982, 2.5227 1.4711 0.4147, 2.5077 1.4767 0.429, 2.4906 1.4822 0.4405, 2.4722 1.4874 0.4488, 2.4533 1.4921 0.4538, 2.4334 1.4971 0.4556, 2.4129 1.5026 0.4541, 2.3928 1.5082 0.4491, 2.3739 1.5138 0.4407, 2.357 1.519 0.4295, 2.3426 1.5238 0.4161, 2.3305 1.5287 0.4004, 2.3208 1.5341 0.3824, 2.3143 1.5397 0.3627, 2.3113 1.5453 0.3422, 2.3117 1.5506 0.3218, 2.3154 1.5555 0.3023, 2.3222 1.5603 0.2839, 2.3323 1.5656 0.2662, 2.3454 1.5711 0.2502, 2.3611 1.5768 0.2367, 2.3786 1.5822 0.2261, 2.3972 1.5872 0.2188, 2.4164 1.5919 0.2147, 2.4365 1.5971 0.2137, 2.457 1.6026 0.2163, 2.4769 1.6082 0.2223, 2.4953 1.6137 0.2315, 2.5115 1.6189 0.2434, 2.5252 1.6236 0.2574, 2.5366 1.6286 0.2738, 2.5454 1.6341 0.2924, 2.551 1.6397 0.3124, 2.553 1.6453 0.3329, 2.5516 1.6505 0.3532, 2.547 1.6552 0.3723, 2.5393 1.6602 0.3906, 2.5284 1.6656 0.4079, 2.5145 1.6712 0.4232, 2.4982 1.6768 0.436, 2.4802 1.6821 0.4456, 2.4615 1.687 0.452, 2.442 1.6918 0.4552, 2.4217 1.6971 0.4552, 2.4013 1.7026 0.4517, 2.3818 1.7083 0.4447, 2.3639 1.7137 0.4346, 2.3484 1.7187 0.4221, 2.3354 1.7234 0.4074, 2.3246 1.7286 0.3903, 2.3167 1.7341 0.3713, 2.3122 1.7397 0.351, 2.3111 1.7452 0.3305, 2.3135 1.7503 0.3105, 2.3189 1.755 0.2917, 2.3276 1.7601 0.2736, 2.3394 1.7656 0.2568, 2.3541 1.7712 0.2421, 2.3709 1.7767 0.2302, 2.3892 1.782 0.2215, 2.408 1.7867 0.2161, 2.4278 1.7917 0.2137, 2.4483 1.7971 0.2147, 2.4685 1.8027 0.2193, 2.3592 2.5025 0.4313, 2.3765 2.4972 0.4421, 2.3956 2.4917 0.45, 2.4158 2.486 0.4545, 2.4363 2.4806 0.4556, 2.456 2.4757 0.4532, 2.4749 2.4709 0.4478, 2.4932 2.4657 0.4391, 2.51 2.4602 0.4272, 2.5247 2.4546 0.4125, 2.5365 2.4491 0.3957, 2.5452 2.444 0.3776, 2.5506 2.4393 0.3588, 2.553 2.4342 0.3388, 2.5519 2.4287 0.3183, 2.5474 2.4231 0.298, 2.5395 2.4176 0.279, 2.5287 2.4124 0.2619, 2.5157 2.4076 0.2472, 2.5001 2.4026 0.2346, 2.4823 2.3972 0.2246, 2.4628 2.3916 0.2176, 2.4424 2.386 0.2141, 2.4221 2.3808 0.2141, 2.4026 2.3759 0.2173, 2.3839 2.3711 0.2237, 2.3659 2.3657 0.2333, 2.3496 2.3601 0.2461, 2.3357 2.3545 0.2614, 2.3248 2.3492 0.2787, 2.317 2.3442 0.297, 2.3125 2.3395 0.3161, 2.3111 2.3342 0.3363, 2.3131 2.3287 0.3569, 2.3186 2.3231 0.3769, 2.3274 2.3176 0.3954, 2.3389 2.3125 0.4119, 2.3526 2.3078 0.4259, 2.3688 2.3027 0.4378, 2.3872 2.2972 0.447, 2.4071 2.2916 0.453, 2.4275 2.2861 0.4556, 2.4477 2.2809 0.4546, 2.4669 2.2762 0.4505, 2.4855 2.2712 0.4432, 2.503 2.2657 0.4326, 2.5187 2.2601 0.4191, 2.5318 2.2546 0.4031, 2.5419 2.2493 0.3854, 2.5486 2.2445 0.3669, 2.5523 2.2396 0.3475, 2.5528 2.2342 0.3271, 2.5497 2.2286 0.3066, 2.5432 2.223 0.2869, 2.5336 2.2177 0.2689, 2.5215 2.2128 0.2532, 2.5071 2.208 0.2398, 2.4902 2.2027 0.2285, 2.4713 2.1972 0.2202, 2.4512 2.1916 0.2152, 2.4307 2.1861 0.2137, 2.4108 2.1811 0.2155, 2.3918 2.1764 0.2205, 2.3735 2.1712 0.2288, 2.3563 2.1657 0.2402, 2.3413 2.1601 0.2546, 2.3291 2.1546 0.2711, 2.3199 2.1494 0.2891, 2.3141 2.1447 0.3078, 2.3112 2.1397 0.3276, 2.3118 2.1342 0.3481, 2.3159 2.1286 0.3684, 2.3233 2.1231 0.3877, 2.3337 2.1178 0.4051, 2.3464 2.113 0.4201, 2.3615 2.1081 0.433, 2.3791 2.1027 0.4434, 2.3984 2.0971 0.4509, 2.4187 2.0916 0.4549, 2.4391 2.0862 0.4554, 2.4588 2.0813 0.4527, 2.4776 2.0765 0.4468, 2.4957 2.0712 0.4376, 2.5123 2.0657 0.4252, 2.5265 2.0601 0.4102, 2.5379 2.0546 0.3932, 2.5461 2.0496 0.3749, 2.5511 2.0449 0.356, 2.553 2.0397 0.3359, 2.5515 2.0342 0.3153, 2.5464 2.0286 0.2952, 2.5381 2.0231 0.2764, 2.5269 2.018 0.2596, 2.5136 2.0133 0.2453, 2.4977 2.0082 0.233, 2.4796 2.0027 0.2234, 2.4599 1.9971 0.2169, 2.4395 1.9916 0.2139, 2.4192 1.9863 0.2143, 2.3999 1.9816 0.218, 2.3812 1.9766 0.2248, 2.3635 1.9712 0.235, 2.3475 1.9656 0.2481, 2.334 1.9601 0.2638, 2.3235 1.9547 0.2813, 2.3162 1.9499 0.2997, 2.3121 1.945 0.319, 2.3111 1.9397 0.3393, 2.3137 1.9342 0.3598, 2.3197 1.9286 0.3796, 2.3289 1.9232 0.3979, 2.3407 1.9182 0.414, 2.3547 1.9134 0.4277, 2.3713 1.9082 0.4393, 2.39 1.9027 0.4481, 2.41 1.8971 0.4536, 2.4304 1.8916 0.4556, 2.4505 1.8865 0.4542, 2.4695 1.8818 0.4497, 2.488 1.8767 0.4419, 2.5054 1.8712 0.4309, 2.5207 1.8656 0.4169, 2.5334 1.8601 0.4006, 2.543 1.8549 0.3828, 2.5494 1.8501 0.3642, 2.5526 1.8451 0.3446, 2.5526 1.8398 0.3241, 2.549 1.8341 0.3037, 2.3279 1.1268 0.404, 2.3177 1.1321 0.3855, 2.3107 1.1377 0.3653, 2.3073 1.1433 0.3441, 2.3075 1.1487 0.323, 2.3111 1.1537 0.3027, 2.3178 1.1584 0.2836, 2.3279 1.1636 0.2652, 2.3412 1.1692 0.2485, 2.3573 1.1748 0.2343, 2.3753 1.1803 0.2231, 2.3946 1.1853 0.2153, 2.4143 1.19 0.2108, 2.4351 1.1952 0.2096, 2.4562 1.2006 0.2119, 2.4768 1.2063 0.2178, 2.496 1.2118 0.2271, 2.513 1.217 0.2393, 2.5274 1.2217 0.2536, 2.5394 1.2267 0.2704, 2.5487 1.2321 0.2894, 2.5547 1.2377 0.31, 2.5571 1.2433 0.3312, 2.5559 1.2486 0.3522, 2.5514 1.2534 0.3721, 2.5437 1.2583 0.3911, 2.5326 1.2636 0.409, 2.5185 1.2692 0.4251, 2.5018 1.2748 0.4385, 2.4833 1.2802 0.4488, 2.4639 1.2851 0.4556, 2.4439 1.2899 0.4592, 2.423 1.2951 0.4594, 2.4019 1.3007 0.4561, 2.3816 1.3063 0.4491, 2.3629 1.3117 0.439, 2.3467 1.3168 0.4261, 2.333 1.3215 0.4112, 2.3217 1.3266 0.3937, 2.3133 1.3321 0.3741, 2.3083 1.3378 0.3533, 2.3069 1.3433 0.332, 2.3091 1.3485 0.3112, 2.3145 1.3532 0.2917, 2.3232 1.3582 0.2729, 2.3352 1.3636 0.2554, 2.3501 1.3692 0.2401, 2.3674 1.3748 0.2275, 2.3862 1.3801 0.2182, 2.4057 1.3849 0.2123, 2.4261 1.3898 0.2097, 2.4472 1.3951 0.2104, 2.4681 1.4007 0.2148, 2.488 1.4063 0.2227, 2.506 1.4117 0.2338, 2.5216 1.4166 0.2472, 2.5345 1.4214 0.2629, 2.5451 1.4266 0.281, 2.5526 1.4322 0.301, 2.5565 1.4378 0.3221, 2.5569 1.4432 0.3433, 2.5537 1.4483 0.3638, 2.5474 1.453 0.383, 2.5378 1.4581 0.4015, 2.5249 1.4636 0.4185, 2.5092 1.4693 0.4331, 2.4914 1.4748 0.4448, 2.4723 1.4799 0.4531, 2.4526 1.4846 0.4581, 2.432 1.4897 0.4598, 2.4109 1.4951 0.458, 2.3901 1.5007 0.4525, 2.3707 1.5063 0.4437, 2.3533 1.5115 0.4319, 2.3386 1.5163 0.4179, 2.3262 1.5212 0.4015, 2.3165 1.5266 0.3827, 2.31 1.5322 0.3623, 2.3071 1.5378 0.3411, 2.3078 1.5431 0.32, 2.3118 1.548 0.2999, 2.3191 1.5528 0.2809, 2.3296 1.5581 0.2627, 2.3434 1.5637 0.2463, 2.3598 1.5693 0.2325, 2.378 1.5747 0.2218, 2.3974 1.5797 0.2144, 2.4172 1.5845 0.2104, 2.4381 1.5896 0.2097, 2.4592 1.5951 0.2125, 2.4797 1.6008 0.2189, 2.4986 1.6063 0.2287, 2.5152 1.6114 0.2412, 2.5292 1.6161 0.2558, 2.5409 1.6212 0.273, 2.5498 1.6266 0.2923, 2.5553 1.6322 0.313, 2.5572 1.6378 0.3343, 2.5555 1.643 0.3552, 2.5505 1.6478 0.3749, 2.5423 1.6527 0.3937, 2.5308 1.6581 0.4115, 2.5162 1.6637 0.4272, 2.4992 1.6693 0.4402, 2.4806 1.6746 0.45, 2.4611 1.6795 0.4563, 2.441 1.6843 0.4595, 2.4199 1.6896 0.4592, 2.3989 1.6952 0.4553, 2.3788 1.7008 0.4479, 2.3605 1.7062 0.4373, 2.3446 1.7112 0.4241, 2.3313 1.7159 0.4088, 2.3203 1.7211 0.391, 2.3124 1.7266 0.3712, 2.3079 1.7323 0.3502, 2.307 1.7377 0.329, 2.3097 1.7429 0.3083, 2.3155 1.7476 0.289, 2.3247 1.7526 0.2703, 2.3371 1.7581 0.2531, 2.3525 1.7637 0.2381, 2.37 1.7693 0.226, 2.389 1.7745 0.2171, 2.4086 1.7792 0.2117, 2.4291 1.7842 0.2096, 2.4502 1.7896 0.2108, 2.471 1.7952 0.2158, 2.3556 2.4951 0.4337, 2.3733 2.4898 0.4451, 2.393 2.4842 0.4535, 2.4139 2.4786 0.4584, 2.435 2.4732 0.4597, 2.4555 2.4682 0.4576, 2.4751 2.4635 0.4521, 2.494 2.4583 0.4433, 2.5116 2.4527 0.4312, 2.5269 2.4471 0.4162, 2.5394 2.4416 0.399, 2.5485 2.4365 0.3803, 2.5544 2.4318 0.3609, 2.557 2.4267 0.3403, 2.5562 2.4212 0.3191, 2.5517 2.4156 0.2981, 2.5438 2.4101 0.2783, 2.5328 2.4049 0.2605, 2.5195 2.4002 0.2452, 2.5036 2.3952 0.232, 2.4853 2.3898 0.2214, 2.4652 2.3841 0.214, 2.4441 2.3786 0.2101, 2.4231 2.3733 0.2098, 2.4029 2.3685 0.2129, 2.3835 2.3636 0.2193, 2.3648 2.3583 0.2291, 2.3478 2.3527 0.2421, 2.3333 2.3471 0.2578, 2.3217 2.3417 0.2756, 2.3135 2.3368 0.2944, 2.3086 2.332 0.3141, 2.3069 2.3268 0.335, 2.3088 2.3212 0.3563, 2.3143 2.3156 0.377, 2.3232 2.3101 0.3963, 2.3348 2.3051 0.4134, 2.3488 2.3004 0.4281, 2.3655 2.2952 0.4406, 2.3844 2.2897 0.4503, 2.4049 2.2841 0.4568, 2.426 2.2786 0.4596, 2.4468 2.2734 0.4589, 2.4667 2.2687 0.4549, 2.486 2.2637 0.4475, 2.5043 2.2583 0.4368, 2.5207 2.2526 0.4229, 2.5344 2.2471 0.4066, 2.545 2.2418 0.3884, 2.5522 2.237 0.3694, 2.5563 2.2321 0.3493, 2.557 2.2268 0.3282, 2.5541 2.2212 0.307, 2.5476 2.2156 0.2866, 2.5378 2.2102 0.2678, 2.5255 2.2053 0.2514, 2.5108 2.2005 0.2374, 2.4934 2.1953 0.2256, 2.474 2.1897 0.2167, 2.4532 2.1841 0.2113, 2.4321 2.1787 0.2095, 2.4114 2.1736 0.2112, 2.3918 2.1689 0.2162, 2.3727 2.1637 0.2245, 2.3549 2.1582 0.2362, 2.3392 2.1526 0.2508, 2.3263 2.1471 0.2678, 2.3166 2.142 0.2863, 2.3103 2.1372 0.3055, 2.3072 2.1322 0.326, 2.3075 2.1268 0.3472, 2.3115 2.1211 0.3683, 2.319 2.1156 0.3883, 2.3295 2.1103 0.4064, 2.3425 2.1056 0.4221, 2.358 2.1006 0.4355, 2.376 2.0953 0.4465, 2.396 2.0897 0.4545, 2.4169 2.0841 0.4589, 2.438 2.0787 0.4596, 2.4583 2.0738 0.457, 2.4778 2.0691 0.4511, 2.4967 2.0638 0.4418, 2.514 2.0582 0.4292, 2.5289 2.0526 0.4139, 2.5409 2.0472 0.3964, 2.5496 2.0422 0.3776, 2.5549 2.0374 0.3581, 2.5571 2.0323 0.3373, 2.5558 2.0267 0.316, 2.5508 2.0211 0.2952, 2.5424 2.0156 0.2756, 2.531 2.0105 0.2581, 2.5174 2.0058 0.2432, 2.5011 2.0007 0.2303, 2.4825 1.9953 0.2201, 2.4622 1.9896 0.2132, 2.4411 1.9841 0.2098, 2.4202 1.9789 0.2101, 2.4002 1.9741 0.2136, 2.3808 1.9692 0.2205, 2.3623 1.9638 0.2308, 2.3456 1.9582 0.2442, 2.3314 1.9526 0.2603, 2.3204 1.9473 0.2782, 2.3127 1.9424 0.2972, 2.3082 1.9376 0.3171, 2.307 1.9323 0.338, 2.3094 1.9267 0.3593, 2.3154 1.9211 0.3799, 2.3247 1.9157 0.3989, 2.3367 1.9107 0.4157, 2.351 1.906 0.43, 2.368 1.9008 0.4422, 2.3872 1.8952 0.4515, 2.4079 1.8896 0.4574, 2.429 1.8841 0.4597, 2.4498 1.879 0.4585, 2.4695 1.8743 0.454, 2.4887 1.8692 0.4462, 2.5068 1.8638 0.435, 2.5228 1.8581 0.4207, 2.5361 1.8526 0.4041, 2.5463 1.8474 0.3857, 2.553 1.8426 0.3666, 2.5566 1.8377 0.3463, 2.5568 1.8323 0.3252, 2.5534 1.8267 0.304, 2.3218 1.1197 0.4065, 2.3114 1.1251 0.387, 2.3042 1.1306 0.3657, 2.3008 1.1362 0.3434, 2.3012 1.1416 0.3212, 2.3051 1.1466 0.2999, 2.3124 1.1513 0.2798, 2.3232 1.1566 0.2607, 2.3374 1.1621 0.2433, 2.3544 1.1677 0.2284, 2.3735 1.1732 0.2168, 2.3938 1.1783 0.2088, 2.4146 1.183 0.2042, 2.4364 1.1881 0.2032, 2.4586 1.1936 0.2058, 2.4802 1.1992 0.2122, 2.5003 1.2047 0.2222, 2.5181 1.2099 0.2351, 2.533 1.2147 0.2503, 2.5455 1.2196 0.2681, 2.5551 1.2251 0.2882, 2.5612 1.2307 0.3099, 2.5636 1.2362 0.3322, 2.5621 1.2415 0.3543, 2.5572 1.2464 0.3752, 2.5489 1.2512 0.395, 2.5371 1.2565 0.4138, 2.5221 1.2621 0.4306, 2.5044 1.2677 0.4445, 2.4849 1.2731 0.4551, 2.4644 1.2781 0.4622, 2.4434 1.2828 0.4657, 2.4213 1.2881 0.4658, 2.3992 1.2936 0.462, 2.3779 1.2992 0.4546, 2.3584 1.3047 0.4437, 2.3414 1.3097 0.43, 2.3272 1.3144 0.4142, 2.3155 1.3196 0.3957, 2.3068 1.3251 0.375, 2.3018 1.3307 0.353, 2.3005 1.3362 0.3307, 2.303 1.3414 0.3089, 2.3089 1.3461 0.2884, 2.3182 1.3511 0.2687, 2.3309 1.3566 0.2505, 2.3468 1.3622 0.2344, 2.3651 1.3677 0.2214, 2.385 1.373 0.2118, 2.4055 1.3778 0.2058, 2.4269 1.3827 0.2032, 2.4491 1.388 0.2042, 2.4711 1.3936 0.209, 2.492 1.3992 0.2175, 2.5108 1.4046 0.2293, 2.527 1.4095 0.2436, 2.5405 1.4143 0.2602, 2.5514 1.4195 0.2793, 2.5591 1.4251 0.3004, 2.5631 1.4307 0.3226, 2.5632 1.4362 0.345, 2.5597 1.4412 0.3664, 2.5529 1.4459 0.3866, 2.5426 1.4511 0.406, 2.5289 1.4566 0.4237, 2.5123 1.4622 0.4389, 2.4934 1.4677 0.451, 2.4732 1.4729 0.4596, 2.4525 1.4776 0.4646, 2.4308 1.4826 0.4662, 2.4086 1.4881 0.4641, 2.3868 1.4937 0.4582, 2.3665 1.4992 0.4487, 2.3483 1.5045 0.4362, 2.333 1.5093 0.4213, 2.3202 1.5142 0.4039, 2.3101 1.5195 0.3841, 2.3035 1.5251 0.3626, 2.3006 1.5307 0.3402, 2.3015 1.5361 0.3181, 2.306 1.541 0.297, 2.3138 1.5458 0.277, 2.3251 1.551 0.2581, 2.3397 1.5566 0.241, 2.357 1.5622 0.2266, 2.3763 1.5676 0.2155, 2.3967 1.5727 0.2079, 2.4176 1.5774 0.2039, 2.4396 1.5826 0.2033, 2.4618 1.5881 0.2065, 2.4832 1.5937 0.2134, 2.503 1.5992 0.2239, 2.5204 1.6043 0.2372, 2.535 1.609 0.2527, 2.5471 1.6141 0.2708, 2.5562 1.6196 0.2912, 2.5618 1.6252 0.3131, 2.5636 1.6307 0.3354, 2.5616 1.636 0.3574, 2.5562 1.6407 0.3781, 2.5474 1.6457 0.3978, 2.5352 1.651 0.4163, 2.5197 1.6566 0.4327, 2.5017 1.6622 0.4463, 2.482 1.6676 0.4564, 2.4615 1.6724 0.4629, 2.4402 1.6772 0.466, 2.4181 1.6825 0.4655, 2.3961 1.6881 0.4612, 2.375 1.6937 0.4532, 2.3558 1.6991 0.4419, 2.3392 1.7041 0.4279, 2.3254 1.7089 0.4117, 2.314 1.714 0.3928, 2.3059 1.7196 0.372, 2.3013 1.7252 0.3498, 2.3007 1.7307 0.3275, 2.3037 1.7358 0.3058, 2.31 1.7405 0.2855, 2.3198 1.7456 0.266, 2.333 1.751 0.248, 2.3493 1.7567 0.2324, 2.3679 1.7622 0.2198, 2.3879 1.7674 0.2107, 2.4085 1.7722 0.2052, 2.4301 1.7771 0.2031, 2.4523 1.7825 0.2046, 2.4742 1.7881 0.21, 2.3508 2.488 0.4381, 2.3693 2.4827 0.4503, 2.3899 2.4771 0.4593, 2.4118 2.4715 0.4646, 2.434 2.4661 0.4662, 2.4555 2.4611 0.4641, 2.4762 2.4564 0.4586, 2.4962 2.4512 0.4495, 2.5148 2.4457 0.4369, 2.531 2.44 0.4213, 2.5443 2.4346 0.4033, 2.5541 2.4295 0.3838, 2.5604 2.4248 0.3635, 2.5634 2.4197 0.3418, 2.5627 2.4142 0.3194, 2.5582 2.4086 0.2973, 2.55 2.403 0.2765, 2.5387 2.3978 0.2576, 2.5249 2.3931 0.2414, 2.5083 2.3881 0.2274, 2.4891 2.3827 0.2161, 2.468 2.3771 0.2081, 2.4459 2.3715 0.2038, 2.4238 2.3662 0.2033, 2.4026 2.3614 0.2064, 2.3821 2.3565 0.2129, 2.3624 2.3512 0.223, 2.3444 2.3456 0.2365, 2.3289 2.34 0.2529, 2.3166 2.3346 0.2715, 2.3078 2.3297 0.2912, 2.3024 2.3249 0.3119, 2.3005 2.3197 0.3338, 2.3023 2.3141 0.3562, 2.3078 2.3085 0.3781, 2.317 2.3031 0.3985, 2.3291 2.298 0.4166, 2.3437 2.2933 0.4321, 2.361 2.2882 0.4454, 2.3808 2.2827 0.4558, 2.4023 2.2771 0.4628, 2.4245 2.2715 0.466, 2.4464 2.2664 0.4654, 2.4674 2.2616 0.4614, 2.4877 2.2566 0.4538, 2.5071 2.2512 0.4427, 2.5244 2.2456 0.4283, 2.539 2.24 0.4112, 2.5503 2.2347 0.3923, 2.5581 2.2299 0.3723, 2.5626 2.2251 0.3512, 2.5635 2.2197 0.3291, 2.5606 2.2141 0.3067, 2.554 2.2085 0.2852, 2.5439 2.2032 0.2654, 2.5311 2.1982 0.248, 2.5157 2.1935 0.2331, 2.4976 2.1882 0.2206, 2.4772 2.1826 0.2111, 2.4555 2.177 0.2052, 2.4332 2.1716 0.2031, 2.4115 2.1665 0.2047, 2.3908 2.1618 0.2097, 2.3707 2.1567 0.2183, 2.3518 2.1512 0.2304, 2.3352 2.1456 0.2456, 2.3215 2.14 0.2633, 2.3112 2.1349 0.2827, 2.3044 2.1302 0.3029, 2.3009 2.1251 0.3243, 2.301 2.1197 0.3466, 2.305 2.1141 0.3688, 2.3127 2.1085 0.39, 2.3236 2.1033 0.4091, 2.3371 2.0985 0.4257, 2.3533 2.0936 0.44, 2.3721 2.0882 0.4518, 2.393 2.0826 0.4603, 2.415 2.077 0.4651, 2.4371 2.0717 0.4661, 2.4585 2.0668 0.4635, 2.4791 2.062 0.4575, 2.499 2.0567 0.4479, 2.5173 2.0511 0.4349, 2.5331 2.0455 0.4188, 2.5459 2.0401 0.4006, 2.5552 2.0351 0.3809, 2.561 2.0304 0.3604, 2.5635 2.0252 0.3386, 2.5623 2.0197 0.3162, 2.5572 2.014 0.2943, 2.5486 2.0086 0.2736, 2.5369 2.0034 0.2551, 2.5227 1.9987 0.2393, 2.5057 1.9937 0.2256, 2.4862 1.9882 0.2147, 2.4649 1.9826 0.2072, 2.4428 1.977 0.2035, 2.4207 1.9718 0.2036, 2.3997 1.967 0.2071, 2.3792 1.9621 0.2142, 2.3597 1.9567 0.2248, 2.342 1.9511 0.2387, 2.3269 1.9455 0.2555, 2.3152 1.9402 0.2742, 2.3069 1.9353 0.2941, 2.3019 1.9305 0.315, 2.3005 1.9252 0.337, 2.3028 1.9196 0.3594, 2.3089 1.914 0.3811, 2.3185 1.9086 0.4012, 2.331 1.9036 0.419, 2.346 1.8989 0.4342, 2.3637 1.8937 0.4471, 2.3838 1.8882 0.4571, 2.4055 1.8825 0.4635, 2.4277 1.8771 0.4661, 2.4495 1.872 0.465, 2.4703 1.8673 0.4605, 2.4906 1.8622 0.4525, 2.5097 1.8567 0.4409, 2.5267 1.8511 0.426, 2.5408 1.8455 0.4086, 2.5516 1.8403 0.3894, 2.5589 1.8356 0.3694, 2.5629 1.8306 0.3481, 2.5633 1.8252 0.3258, 2.5599 1.8196 0.3036, 2.3151 1.1146 0.4101, 2.3041 1.1199 0.3894, 2.2966 1.1255 0.3668, 2.2931 1.1311 0.3433, 2.2937 1.1365 0.3197, 2.298 1.1415 0.2972, 2.3058 1.1462 0.2761, 2.3173 1.1514 0.2558, 2.3324 1.157 0.2375, 2.3505 1.1626 0.2219, 2.3707 1.1681 0.2097, 2.3922 1.1731 0.2013, 2.4142 1.1779 0.1966, 2.4373 1.183 0.1956, 2.4608 1.1884 0.1985, 2.4837 1.1941 0.2054, 2.5049 1.1996 0.2161, 2.5236 1.2048 0.2298, 2.5393 1.2095 0.246, 2.5524 1.2145 0.2648, 2.5625 1.2199 0.2861, 2.5688 1.2255 0.3091, 2.5712 1.2311 0.3328, 2.5695 1.2364 0.3561, 2.5642 1.2412 0.3782, 2.5553 1.2461 0.3991, 2.5428 1.2514 0.4189, 2.5268 1.257 0.4366, 2.508 1.2626 0.4512, 2.4873 1.268 0.4624, 2.4656 1.2729 0.4697, 2.4433 1.2777 0.4733, 2.42 1.2829 0.4733, 2.3966 1.2885 0.4692, 2.3741 1.2941 0.4612, 2.3536 1.2995 0.4496, 2.3357 1.3046 0.435, 2.3207 1.3093 0.4182, 2.3084 1.3144 0.3986, 2.2994 1.3199 0.3767, 2.2941 1.3256 0.3534, 2.293 1.3311 0.3297, 2.2957 1.3363 0.3067, 2.302 1.341 0.2851, 2.3119 1.346 0.2643, 2.3255 1.3514 0.2451, 2.3424 1.357 0.2282, 2.3618 1.3626 0.2145, 2.3829 1.3679 0.2044, 2.4047 1.3727 0.1982, 2.4273 1.3776 0.1956, 2.4508 1.3829 0.1968, 2.474 1.3885 0.202, 2.496 1.3941 0.2111, 2.5159 1.3995 0.2236, 2.5329 1.4044 0.2388, 2.5471 1.4092 0.2564, 2.5586 1.4144 0.2768, 2.5666 1.42 0.2991, 2.5707 1.4256 0.3226, 2.5707 1.431 0.3462, 2.5669 1.4361 0.3689, 2.5596 1.4408 0.3903, 2.5486 1.4459 0.4107, 2.534 1.4514 0.4293, 2.5163 1.4571 0.4454, 2.4963 1.4626 0.4581, 2.475 1.4677 0.467, 2.453 1.4724 0.4722, 2.4301 1.4775 0.4738, 2.4066 1.4829 0.4715, 2.3836 1.4885 0.4651, 2.3621 1.4941 0.455, 2.343 1.4993 0.4416, 2.3268 1.5041 0.4257, 2.3133 1.509 0.4073, 2.3028 1.5144 0.3863, 2.2959 1.52 0.3635, 2.293 1.5256 0.3399, 2.2941 1.5309 0.3164, 2.2989 1.5358 0.2942, 2.3072 1.5406 0.2731, 2.3193 1.5459 0.2531, 2.3348 1.5515 0.2351, 2.3532 1.5571 0.2199, 2.3737 1.5625 0.2083, 2.3953 1.5675 0.2004, 2.4175 1.5723 0.1962, 2.4407 1.5774 0.1958, 2.4641 1.5829 0.1992, 2.4868 1.5886 0.2067, 2.5077 1.5941 0.2179, 2.526 1.5992 0.232, 2.5413 1.6039 0.2485, 2.5541 1.609 0.2677, 2.5636 1.6144 0.2893, 2.5694 1.62 0.3125, 2.5712 1.6256 0.3362, 2.569 1.6308 0.3594, 2.5632 1.6356 0.3812, 2.5538 1.6405 0.4021, 2.5407 1.6459 0.4216, 2.5243 1.6515 0.4389, 2.5051 1.6571 0.4531, 2.4842 1.6624 0.4637, 2.4625 1.6673 0.4704, 2.44 1.6721 0.4736, 2.4167 1.6774 0.473, 2.3933 1.683 0.4683, 2.3711 1.6886 0.4597, 2.3508 1.694 0.4477, 2.3334 1.699 0.4328, 2.3188 1.7037 0.4156, 2.3069 1.7089 0.3956, 2.2984 1.7144 0.3734, 2.2937 1.7201 0.35, 2.2931 1.7255 0.3264, 2.2964 1.7307 0.3035, 2.3032 1.7354 0.282, 2.3137 1.7405 0.2615, 2.3278 1.7459 0.2425, 2.345 1.7515 0.226, 2.3648 1.7571 0.2128, 2.386 1.7623 0.2033, 2.4078 1.767 0.1976, 2.4307 1.772 0.1955, 2.4541 1.7774 0.1972, 2.4773 1.783 0.203, 2.3455 2.4829 0.4437, 2.365 2.4776 0.4566, 2.3868 2.472 0.4663, 2.4099 2.4664 0.472, 2.4334 2.461 0.4738, 2.4562 2.456 0.4717, 2.4781 2.4513 0.466, 2.4993 2.4461 0.4565, 2.519 2.4405 0.4433, 2.5363 2.4349 0.4268, 2.5504 2.4294 0.4078, 2.5609 2.4243 0.3873, 2.5677 2.4196 0.3658, 2.571 2.4145 0.3429, 2.5703 2.409 0.3192, 2.5657 2.4034 0.2958, 2.5571 2.3979 0.2737, 2.5453 2.3927 0.2537, 2.5307 2.388 0.2365, 2.5132 2.383 0.2216, 2.493 2.3776 0.2095, 2.4708 2.372 0.201, 2.4474 2.3664 0.1963, 2.424 2.3611 0.1957, 2.4016 2.3563 0.1989, 2.3798 2.3514 0.2056, 2.3589 2.3461 0.2162, 2.3398 2.3405 0.2304, 2.3234 2.3349 0.2477, 2.3103 2.3295 0.2672, 2.3009 2.3246 0.2881, 2.2951 2.3198 0.3099, 2.2929 2.3146 0.3331, 2.2946 2.309 0.3568, 2.3005 2.3034 0.3799, 2.31 2.2979 0.4015, 2.3227 2.2929 0.4208, 2.338 2.2882 0.4373, 2.3564 2.283 0.4514, 2.3773 2.2775 0.4626, 2.3999 2.2719 0.4701, 2.4234 2.2664 0.4735, 2.4466 2.2612 0.473, 2.4687 2.2565 0.4689, 2.4903 2.2515 0.461, 2.5108 2.2461 0.4494, 2.5293 2.2404 0.4342, 2.5448 2.2349 0.4162, 2.5568 2.2296 0.3962, 2.5652 2.2248 0.3751, 2.57 2.2199 0.3529, 2.5711 2.2146 0.3294, 2.5682 2.209 0.3058, 2.5613 2.2034 0.283, 2.5507 2.198 0.262, 2.5372 2.1931 0.2435, 2.5211 2.1883 0.2277, 2.502 2.1831 0.2143, 2.4805 2.1775 0.2042, 2.4575 2.1719 0.1978, 2.434 2.1665 0.1955, 2.411 2.1614 0.1971, 2.3891 2.1567 0.2023, 2.3677 2.1515 0.2112, 2.3477 2.146 0.2239, 2.3301 2.1404 0.24, 2.3155 2.1349 0.2586, 2.3045 2.1298 0.279, 2.2972 2.125 0.3004, 2.2934 2.12 0.3231, 2.2934 2.1146 0.3467, 2.2975 2.1089 0.3702, 2.3055 2.1034 0.3925, 2.3169 2.0981 0.4129, 2.3311 2.0934 0.4305, 2.3482 2.0884 0.4457, 2.368 2.0831 0.4582, 2.3901 2.0775 0.4673, 2.4133 2.0719 0.4725, 2.4367 2.0665 0.4737, 2.4594 2.0616 0.4711, 2.4811 2.0569 0.4649, 2.5022 2.0516 0.4548, 2.5217 2.046 0.4411, 2.5385 2.0404 0.4242, 2.5521 2.035 0.405, 2.5621 2.03 0.3842, 2.5684 2.0252 0.3626, 2.5711 2.0201 0.3395, 2.5699 2.0145 0.3159, 2.5647 2.0089 0.2926, 2.5556 2.0034 0.2707, 2.5433 1.9983 0.2511, 2.5284 1.9936 0.2342, 2.5105 1.9885 0.2197, 2.4899 1.9831 0.2081, 2.4675 1.9774 0.2001, 2.4441 1.9719 0.196, 2.4208 1.9667 0.1959, 2.3985 1.9619 0.1996, 2.3768 1.957 0.2069, 2.3561 1.9516 0.218, 2.3373 1.946 0.2327, 2.3213 1.9404 0.2504, 2.3087 1.9351 0.2701, 2.2999 1.9302 0.2911, 2.2945 1.9254 0.3132, 2.2929 1.9201 0.3365, 2.2952 1.9145 0.3602, 2.3016 1.9089 0.3831, 2.3116 1.9035 0.4045, 2.3248 1.8985 0.4233, 2.3405 1.8938 0.4395, 2.3592 1.8886 0.4532, 2.3804 1.883 0.4639, 2.4032 1.8774 0.4708, 2.4267 1.8719 0.4737, 2.4498 1.8668 0.4727, 2.4718 1.8621 0.468, 2.4933 1.857 0.4596, 2.5136 1.8516 0.4474, 2.5317 1.8459 0.4318, 2.5467 1.8404 0.4135, 2.5583 1.8352 0.3932, 2.5661 1.8304 0.3721, 2.5704 1.8255 0.3496, 2.5709 1.8201 0.326, 2.5674 1.8145 0.3024, 2.3075 1.1113 0.4147, 2.2959 1.1166 0.3927, 2.288 1.1222 0.3687, 2.2843 1.1278 0.3436, 2.2849 1.1332 0.3186, 2.2895 1.1381 0.2946, 2.2979 1.1429 0.2721, 2.3102 1.1481 0.2506, 2.3262 1.1536 0.2311, 2.3455 1.1593 0.2146, 2.367 1.1647 0.2017, 2.3899 1.1698 0.1927, 2.4133 1.1745 0.1878, 2.4379 1.1796 0.1867, 2.4629 1.1851 0.1899, 2.4872 1.1907 0.1973, 2.5097 1.1963 0.2086, 2.5296 1.2014 0.2233, 2.5463 1.2062 0.2405, 2.5602 1.2112 0.2606, 2.5709 1.2166 0.2833, 2.5776 1.2222 0.3077, 2.58 1.2278 0.3329, 2.5782 1.2331 0.3577, 2.5725 1.2379 0.3812, 2.5631 1.2427 0.4035, 2.5497 1.2481 0.4245, 2.5326 1.2537 0.4432, 2.5126 1.2593 0.4588, 2.4906 1.2646 0.4706, 2.4675 1.2696 0.4783, 2.4438 1.2743 0.4822, 2.419 1.2796 0.4821, 2.3941 1.2851 0.4777, 2.3702 1.2907 0.4691, 2.3484 1.2962 0.4568, 2.3294 1.3013 0.4413, 2.3135 1.306 0.4233, 2.3005 1.3111 0.4024, 2.2909 1.3166 0.3792, 2.2853 1.3222 0.3544, 2.2841 1.3277 0.3292, 2.2871 1.3329 0.3047, 2.2938 1.3376 0.2817, 2.3044 1.3427 0.2597, 2.3189 1.3481 0.2392, 2.3369 1.3537 0.2213, 2.3576 1.3593 0.2067, 2.38 1.3645 0.1961, 2.4032 1.3693 0.1895, 2.4273 1.3742 0.1867, 2.4522 1.3796 0.188, 2.4769 1.3852 0.1936, 2.5003 1.3908 0.2033, 2.5214 1.3961 0.2167, 2.5395 1.401 0.2329, 2.5546 1.4058 0.2516, 2.5667 1.4111 0.2733, 2.5752 1.4166 0.2971, 2.5795 1.4222 0.3221, 2.5795 1.4277 0.3472, 2.5754 1.4327 0.3713, 2.5676 1.4374 0.394, 2.5559 1.4426 0.4157, 2.5403 1.4481 0.4355, 2.5215 1.4537 0.4525, 2.5002 1.4592 0.466, 2.4775 1.4644 0.4755, 2.4541 1.4691 0.481, 2.4297 1.4741 0.4826, 2.4047 1.4796 0.4801, 2.3803 1.4852 0.4733, 2.3574 1.4908 0.4625, 2.3371 1.496 0.4482, 2.32 1.5008 0.4314, 2.3057 1.5057 0.4117, 2.2945 1.5111 0.3894, 2.2872 1.5167 0.3651, 2.2841 1.5223 0.34, 2.2853 1.5276 0.315, 2.2905 1.5325 0.2914, 2.2994 1.5373 0.269, 2.3122 1.5426 0.2477, 2.3288 1.5481 0.2286, 2.3484 1.5537 0.2125, 2.3702 1.5592 0.2001, 2.3932 1.5642 0.1918, 2.4168 1.5689 0.1874, 2.4415 1.5741 0.1869, 2.4664 1.5796 0.1907, 2.4905 1.5852 0.1987, 2.5127 1.5907 0.2106, 2.5322 1.5959 0.2256, 2.5484 1.6006 0.2432, 2.5619 1.6056 0.2637, 2.5721 1.6111 0.2867, 2.5782 1.6167 0.3113, 2.58 1.6222 0.3365, 2.5777 1.6275 0.3612, 2.5714 1.6322 0.3844, 2.5614 1.6372 0.4066, 2.5474 1.6426 0.4273, 2.5299 1.6482 0.4457, 2.5096 1.6538 0.4607, 2.4873 1.6591 0.4719, 2.4642 1.664 0.4791, 2.4403 1.6688 0.4824, 2.4154 1.6741 0.4817, 2.3906 1.6796 0.4768, 2.367 1.6852 0.4676, 2.3455 1.6907 0.4547, 2.3269 1.6956 0.4389, 2.3115 1.7004 0.4205, 2.2989 1.7056 0.3992, 2.2898 1.7111 0.3757, 2.2849 1.7167 0.3508, 2.2843 1.7222 0.3256, 2.2878 1.7273 0.3013, 2.2951 1.732 0.2785, 2.3063 1.7371 0.2566, 2.3213 1.7426 0.2364, 2.3397 1.7482 0.219, 2.3607 1.7537 0.205, 2.3833 1.759 0.1949, 2.4065 1.7637 0.1888, 2.4308 1.7687 0.1866, 2.4558 1.7741 0.1885, 2.4804 1.7797 0.1947, 2.3399 2.4795 0.4505, 2.3606 2.4742 0.4643, 2.3837 2.4686 0.4745, 2.4083 2.463 0.4807, 2.4333 2.4576 0.4827, 2.4575 2.4527 0.4804, 2.4808 2.4479 0.4744, 2.5034 2.4427 0.4643, 2.5244 2.4372 0.4503, 2.5428 2.4316 0.4328, 2.5578 2.4261 0.4127, 2.569 2.421 0.3908, 2.5762 2.4163 0.368, 2.5798 2.4112 0.3437, 2.5792 2.4057 0.3185, 2.5742 2.4001 0.2936, 2.5652 2.3946 0.27, 2.5526 2.3894 0.2488, 2.5371 2.3846 0.2304, 2.5186 2.3796 0.2146, 2.4971 2.3742 0.2017, 2.4734 2.3686 0.1925, 2.4486 2.363 0.1876, 2.4238 2.3577 0.1869, 2.3999 2.3529 0.1902, 2.3767 2.3481 0.1973, 2.3545 2.3427 0.2086, 2.3341 2.3371 0.2236, 2.3166 2.3315 0.242, 2.3027 2.3262 0.2627, 2.2926 2.3212 0.2849, 2.2864 2.3165 0.3081, 2.284 2.3112 0.3328, 2.2859 2.3057 0.358, 2.292 2.3001 0.3826, 2.3021 2.2946 0.4056, 2.3156 2.2895 0.4261, 2.3319 2.2848 0.4436, 2.3514 2.2797 0.4587, 2.3736 2.2742 0.4706, 2.3976 2.2686 0.4786, 2.4226 2.2631 0.4824, 2.4473 2.2579 0.4819, 2.4708 2.2532 0.4775, 2.4938 2.2481 0.4691, 2.5156 2.2427 0.4568, 2.5353 2.2371 0.4407, 2.5518 2.2315 0.4216, 2.5647 2.2263 0.4003, 2.5736 2.2215 0.3779, 2.5787 2.2166 0.3542, 2.58 2.2112 0.3293, 2.5769 2.2056 0.3042, 2.5696 2.2 0.2799, 2.5584 2.1947 0.2576, 2.5441 2.1898 0.2379, 2.5269 2.185 0.2211, 2.5066 2.1797 0.2068, 2.4838 2.1742 0.196, 2.4593 2.1686 0.1892, 2.4344 2.1631 0.1866, 2.4099 2.1581 0.1883, 2.3866 2.1534 0.1938, 2.3638 2.1482 0.2033, 2.3426 2.1427 0.2167, 2.3237 2.1371 0.2338, 2.3082 2.1316 0.2536, 2.2964 2.1264 0.2753, 2.2886 2.1217 0.2979, 2.2846 2.1167 0.3221, 2.2846 2.1112 0.3472, 2.2889 2.1056 0.3722, 2.2973 2.1001 0.396, 2.3095 2.0948 0.4176, 2.3245 2.09 0.4364, 2.3426 2.0851 0.4526, 2.3638 2.0797 0.466, 2.3872 2.0741 0.4757, 2.4119 2.0685 0.4813, 2.4368 2.0632 0.4826, 2.4609 2.0583 0.4798, 2.4841 2.0535 0.4732, 2.5065 2.0482 0.4626, 2.5272 2.0427 0.448, 2.5452 2.0371 0.4301, 2.5596 2.0316 0.4096, 2.5702 2.0266 0.3876, 2.577 2.0219 0.3646, 2.5799 2.0167 0.3401, 2.5787 2.0112 0.3149, 2.5732 2.0056 0.2901, 2.5636 2.0001 0.2668, 2.5505 1.995 0.246, 2.5347 1.9902 0.228, 2.5157 1.9852 0.2125, 2.4938 1.9797 0.2001, 2.4699 1.9741 0.1916, 2.4451 1.9686 0.1872, 2.4203 1.9633 0.1871, 2.3965 1.9586 0.1909, 2.3735 1.9536 0.1987, 2.3514 1.9482 0.2105, 2.3314 1.9426 0.2261, 2.3144 1.9371 0.2448, 2.301 1.9317 0.2658, 2.2915 1.9269 0.2881, 2.2858 1.922 0.3116, 2.284 1.9167 0.3364, 2.2865 1.9112 0.3616, 2.2932 1.9056 0.386, 2.3039 1.9001 0.4087, 2.3178 1.8952 0.4287, 2.3345 1.8904 0.446, 2.3544 1.8852 0.4607, 2.3769 1.8797 0.472, 2.4012 1.8741 0.4794, 2.4262 1.8686 0.4825, 2.4507 1.8635 0.4815, 2.4742 1.8588 0.4765, 2.497 1.8537 0.4676, 2.5186 1.8482 0.4547, 2.5378 1.8426 0.4381, 2.5539 1.8371 0.4187, 2.5662 1.8319 0.3972, 2.5745 1.8271 0.3747, 2.5792 1.8221 0.3507, 2.5798 1.8167 0.3257, 2.5761 1.8111 0.3006, 2.2996 1.1101 0.4202, 2.2871 1.1154 0.3967, 2.2786 1.121 0.3711, 2.2747 1.1266 0.3444, 2.2753 1.132 0.3178, 2.2802 1.137 0.2923, 2.289 1.1417 0.2683, 2.3021 1.1469 0.2454, 2.3192 1.1524 0.2246, 2.3396 1.1581 0.2069, 2.3626 1.1635 0.1931, 2.3869 1.1686 0.1836, 2.4119 1.1733 0.1783, 2.438 1.1784 0.1771, 2.4646 1.1839 0.1804, 2.4905 1.1895 0.1882, 2.5145 1.1951 0.2003, 2.5358 1.2003 0.2159, 2.5536 1.205 0.2342, 2.5684 1.21 0.2556, 2.5798 1.2154 0.2797, 2.587 1.221 0.3057, 2.5897 1.2266 0.3326, 2.5878 1.2319 0.359, 2.5818 1.2367 0.384, 2.5717 1.2416 0.4077, 2.5575 1.2469 0.4301, 2.5394 1.2525 0.4501, 2.5181 1.2581 0.4667, 2.4946 1.2635 0.4794, 2.4701 1.2684 0.4877, 2.4448 1.2732 0.4918, 2.4184 1.2784 0.4917, 2.3919 1.2839 0.4871, 2.3664 1.2896 0.478, 2.3431 1.295 0.4649, 2.3229 1.3001 0.4484, 2.3059 1.3048 0.4293, 2.292 1.3099 0.4071, 2.2817 1.3154 0.3823, 2.2758 1.321 0.3559, 2.2745 1.3266 0.3291, 2.2776 1.3317 0.303, 2.2847 1.3365 0.2785, 2.296 1.3415 0.255, 2.3114 1.3469 0.2332, 2.3305 1.3525 0.214, 2.3525 1.3581 0.1985, 2.3764 1.3634 0.1871, 2.4011 1.3682 0.1801, 2.4267 1.373 0.1771, 2.4533 1.3784 0.1784, 2.4796 1.384 0.1843, 2.5045 1.3896 0.1946, 2.5271 1.3949 0.2088, 2.5464 1.3999 0.2261, 2.5624 1.4046 0.246, 2.5754 1.4099 0.2691, 2.5845 1.4155 0.2944, 2.5891 1.4211 0.321, 2.5892 1.4265 0.3478, 2.5848 1.4316 0.3735, 2.5766 1.4363 0.3976, 2.5641 1.4414 0.4208, 2.5476 1.4469 0.4419, 2.5276 1.4525 0.4601, 2.5049 1.4581 0.4745, 2.4807 1.4632 0.4846, 2.4558 1.4679 0.4905, 2.4298 1.473 0.4923, 2.4032 1.4784 0.4897, 2.3772 1.484 0.4825, 2.3528 1.4896 0.471, 2.3311 1.4948 0.4558, 2.3128 1.4996 0.4379, 2.2976 1.5045 0.417, 2.2856 1.5099 0.3932, 2.2778 1.5155 0.3674, 2.2745 1.5211 0.3406, 2.2757 1.5264 0.314, 2.2812 1.5313 0.2888, 2.2906 1.5361 0.2649, 2.3043 1.5414 0.2422, 2.3219 1.547 0.2218, 2.3428 1.5526 0.2047, 2.366 1.558 0.1915, 2.3905 1.563 0.1826, 2.4156 1.5677 0.1778, 2.4418 1.5729 0.1773, 2.4684 1.5784 0.1812, 2.4941 1.584 0.1897, 2.5178 1.5895 0.2023, 2.5385 1.5947 0.2184, 2.5559 1.5994 0.2371, 2.5703 1.6044 0.2588, 2.5811 1.6099 0.2833, 2.5877 1.6155 0.3095, 2.5897 1.6211 0.3364, 2.5872 1.6263 0.3627, 2.5806 1.6311 0.3874, 2.57 1.636 0.411, 2.5551 1.6414 0.4332, 2.5365 1.647 0.4527, 2.5149 1.6526 0.4688, 2.4912 1.6579 0.4808, 2.4665 1.6628 0.4885, 2.4411 1.6676 0.4921, 2.4146 1.6729 0.4913, 2.3882 1.6785 0.4861, 2.363 1.6841 0.4764, 2.34 1.6895 0.4627, 2.3202 1.6945 0.4458, 2.3038 1.6992 0.4263, 2.2903 1.7044 0.4037, 2.2806 1.7099 0.3786, 2.2753 1.7155 0.3521, 2.2746 1.721 0.3253, 2.2784 1.7261 0.2994, 2.2861 1.7308 0.275, 2.2979 1.7359 0.2517, 2.3139 1.7414 0.2302, 2.3335 1.747 0.2116, 2.3558 1.7526 0.1966, 2.3799 1.7578 0.1859, 2.4046 1.7625 0.1794, 2.4305 1.7675 0.177, 2.4571 1.7729 0.179, 2.4833 1.7785 0.1855, 2.334 2.4784 0.4582, 2.3561 2.473 0.4728, 2.3808 2.4675 0.4838, 2.407 2.4619 0.4903, 2.4336 2.4565 0.4923, 2.4594 2.4515 0.4899, 2.4842 2.4468 0.4834, 2.5083 2.4415 0.4727, 2.5306 2.436 0.4577, 2.5502 2.4304 0.4391, 2.5661 2.4249 0.4176, 2.578 2.4198 0.3942, 2.5857 2.4151 0.3699, 2.5894 2.41 0.344, 2.5887 2.4045 0.3172, 2.5834 2.3989 0.2907, 2.5738 2.3934 0.2656, 2.5603 2.3882 0.243, 2.5438 2.3834 0.2235, 2.524 2.3785 0.2066, 2.5011 2.373 0.1929, 2.4759 2.3674 0.1832, 2.4495 2.3619 0.1779, 2.423 2.3566 0.1772, 2.3975 2.3517 0.1808, 2.3729 2.3469 0.1885, 2.3492 2.3416 0.2005, 2.3276 2.336 0.2166, 2.3089 2.3304 0.2361, 2.2941 2.325 0.2583, 2.2835 2.32 0.2819, 2.2769 2.3153 0.3066, 2.2744 2.31 0.3329, 2.2764 2.3045 0.3597, 2.283 2.2989 0.386, 2.2938 2.2934 0.4104, 2.3082 2.2884 0.4322, 2.3256 2.2836 0.4509, 2.3463 2.2785 0.467, 2.37 2.273 0.4796, 2.3957 2.2674 0.4881, 2.4222 2.2619 0.492, 2.4485 2.2567 0.4914, 2.4736 2.252 0.4867, 2.4981 2.247 0.4778, 2.5213 2.2415 0.4646, 2.5422 2.2359 0.4475, 2.5598 2.2304 0.4271, 2.5734 2.2251 0.4044, 2.5829 2.2203 0.3805, 2.5883 2.2154 0.3553, 2.5896 2.2101 0.3287, 2.5863 2.2045 0.3019, 2.5784 2.1989 0.2761, 2.5665 2.1935 0.2523, 2.5512 2.1886 0.2314, 2.5329 2.1838 0.2135, 2.5113 2.1786 0.1983, 2.4869 2.173 0.1868, 2.4609 2.1674 0.1796, 2.4343 2.1619 0.177, 2.4082 2.1569 0.1788, 2.3834 2.1522 0.1847, 2.3592 2.147 0.1948, 2.3365 2.1415 0.2092, 2.3165 2.1359 0.2274, 2.3 2.1304 0.2485, 2.2875 2.1252 0.2716, 2.2792 2.1205 0.2958, 2.2749 2.1155 0.3215, 2.275 2.11 0.3483, 2.2796 2.1044 0.3749, 2.2887 2.0989 0.4002, 2.3016 2.0936 0.4233, 2.3177 2.0888 0.4432, 2.337 2.0839 0.4605, 2.3595 2.0786 0.4747, 2.3845 2.073 0.485, 2.4108 2.0674 0.4909, 2.4374 2.062 0.4922, 2.463 2.0571 0.4892, 2.4877 2.0523 0.4822, 2.5116 2.0471 0.4708, 2.5336 2.0415 0.4553, 2.5527 2.0359 0.4361, 2.5681 2.0305 0.4143, 2.5794 2.0254 0.3908, 2.5865 2.0207 0.3663, 2.5896 2.0155 0.3402, 2.5883 2.01 0.3134, 2.5823 2.0044 0.287, 2.5721 1.9989 0.2622, 2.5581 1.9938 0.24, 2.5412 1.9891 0.2209, 2.5209 1.984 0.2044, 2.4976 1.9785 0.1913, 2.4722 1.9729 0.1822, 2.4457 1.9674 0.1776, 2.4192 1.9621 0.1775, 2.394 1.9574 0.1816, 2.3694 1.9524 0.1899, 2.346 1.9471 0.2025, 2.3247 1.9415 0.2192, 2.3066 1.9359 0.2392, 2.2923 1.9305 0.2616, 2.2823 1.9257 0.2853, 2.2763 1.9209 0.3103, 2.2744 1.9156 0.3367, 2.277 1.91 0.3636, 2.2843 1.9044 0.3896, 2.2956 1.899 0.4137, 2.3105 1.894 0.4351, 2.3283 1.8892 0.4534, 2.3495 1.884 0.469, 2.3735 1.8785 0.4811, 2.3994 1.8729 0.4889, 2.426 1.8674 0.4922, 2.4522 1.8623 0.491, 2.4771 1.8576 0.4857, 2.5015 1.8525 0.4762, 2.5245 1.847 0.4624, 2.5449 1.8414 0.4447, 2.562 1.8359 0.4239, 2.575 1.8307 0.401, 2.5839 1.8259 0.377, 2.5888 1.821 0.3515, 2.5894 1.8156 0.3249, 2.5854 1.81 0.2982, 2.2926 1.1111 0.4254, 2.2793 1.1164 0.4007, 2.2703 1.1219 0.3737, 2.266 1.1275 0.3456, 2.2665 1.1329 0.3174, 2.2716 1.1379 0.2905, 2.2809 1.1427 0.2652, 2.2946 1.1479 0.2409, 2.3125 1.1534 0.2189, 2.334 1.159 0.2002, 2.3582 1.1645 0.1856, 2.3838 1.1696 0.1754, 2.4102 1.1743 0.1697, 2.4378 1.1794 0.1684, 2.4658 1.1849 0.1717, 2.4932 1.1905 0.1799, 2.5186 1.196 0.1925, 2.541 1.2012 0.2089, 2.5599 1.206 0.2282, 2.5757 1.211 0.2507, 2.5878 1.2164 0.2761, 2.5955 1.222 0.3035, 2.5984 1.2275 0.3318, 2.5965 1.2328 0.3597, 2.5903 1.2377 0.3861, 2.5797 1.2425 0.4112, 2.5648 1.2479 0.4349, 2.5458 1.2534 0.4561, 2.5234 1.259 0.4737, 2.4987 1.2644 0.4871, 2.4728 1.2694 0.496, 2.4461 1.2741 0.5004, 2.4183 1.2794 0.5005, 2.3903 1.2849 0.4957, 2.3634 1.2905 0.4862, 2.3387 1.296 0.4724, 2.3173 1.3011 0.4551, 2.2994 1.3058 0.435, 2.2845 1.3109 0.4116, 2.2736 1.3164 0.3855, 2.2673 1.322 0.3577, 2.2657 1.3275 0.3294, 2.2689 1.3327 0.3018, 2.2764 1.3374 0.2759, 2.2881 1.3424 0.2511, 2.3043 1.3479 0.228, 2.3244 1.3535 0.2078, 2.3476 1.359 0.1913, 2.3727 1.3643 0.1792, 2.3987 1.3691 0.1716, 2.4258 1.374 0.1684, 2.4538 1.3794 0.1697, 2.4816 1.3849 0.1758, 2.508 1.3905 0.1866, 2.5318 1.3959 0.2015, 2.5522 1.4008 0.2196, 2.5693 1.4056 0.2406, 2.5831 1.4109 0.2649, 2.5927 1.4164 0.2916, 2.5977 1.422 0.3197, 2.5979 1.4275 0.3479, 2.5934 1.4325 0.375, 2.5848 1.4372 0.4006, 2.5717 1.4424 0.425, 2.5544 1.4479 0.4474, 2.5333 1.4535 0.4666, 2.5095 1.459 0.4819, 2.4839 1.4642 0.4927, 2.4578 1.4689 0.499, 2.4303 1.4739 0.501, 2.4022 1.4794 0.4983, 2.3747 1.485 0.4908, 2.349 1.4905 0.4788, 2.326 1.4958 0.4629, 2.3067 1.5006 0.444, 2.2905 1.5055 0.422, 2.2778 1.5108 0.397, 2.2694 1.5164 0.3698, 2.2658 1.522 0.3415, 2.267 1.5274 0.3135, 2.2727 1.5323 0.2868, 2.2825 1.5371 0.2616, 2.2969 1.5423 0.2376, 2.3154 1.5479 0.216, 2.3373 1.5535 0.1979, 2.3618 1.559 0.1838, 2.3876 1.564 0.1743, 2.414 1.5687 0.1692, 2.4418 1.5739 0.1686, 2.4698 1.5794 0.1726, 2.497 1.585 0.1815, 2.522 1.5905 0.1947, 2.5439 1.5956 0.2115, 2.5623 1.6003 0.2312, 2.5776 1.6054 0.2541, 2.5892 1.6109 0.2799, 2.5962 1.6165 0.3075, 2.5984 1.622 0.3359, 2.5959 1.6273 0.3636, 2.589 1.632 0.3897, 2.5779 1.637 0.4147, 2.5623 1.6423 0.4381, 2.5428 1.6479 0.4588, 2.52 1.6535 0.4759, 2.495 1.6589 0.4886, 2.4691 1.6637 0.4969, 2.4422 1.6686 0.5007, 2.4143 1.6738 0.5001, 2.3863 1.6794 0.4946, 2.3597 1.685 0.4845, 2.3355 1.6904 0.4701, 2.3145 1.6954 0.4524, 2.297 1.7002 0.4319, 2.2827 1.7054 0.4081, 2.2724 1.7109 0.3816, 2.2667 1.7165 0.3537, 2.2659 1.722 0.3254, 2.2697 1.7271 0.298, 2.2778 1.7318 0.2723, 2.2902 1.7369 0.2477, 2.307 1.7424 0.2249, 2.3275 1.748 0.2052, 2.3511 1.7535 0.1893, 2.3764 1.7587 0.1778, 2.4025 1.7635 0.1709, 2.4298 1.7684 0.1683, 2.4578 1.7738 0.1703, 2.4855 1.7795 0.1771, 2.3291 2.4793 0.4654, 2.3525 2.474 0.4808, 2.3785 2.4684 0.4922, 2.4062 2.4628 0.499, 2.4343 2.4574 0.501, 2.4616 2.4525 0.4984, 2.4876 2.4477 0.4915, 2.513 2.4425 0.48, 2.5365 2.437 0.4641, 2.5571 2.4313 0.4444, 2.5739 2.4259 0.4216, 2.5863 2.4208 0.397, 2.5943 2.4161 0.3713, 2.5982 2.411 0.3439, 2.5973 2.4055 0.3156, 2.5916 2.3999 0.2877, 2.5813 2.3943 0.2612, 2.567 2.3891 0.2374, 2.5496 2.3844 0.2169, 2.5286 2.3794 0.1992, 2.5044 2.374 0.1848, 2.4777 2.3684 0.1747, 2.4498 2.3628 0.1692, 2.4219 2.3575 0.1686, 2.395 2.3527 0.1724, 2.3691 2.3478 0.1806, 2.3441 2.3425 0.1934, 2.3213 2.3369 0.2105, 2.3018 2.3313 0.2312, 2.2862 2.3259 0.2546, 2.275 2.321 0.2796, 2.2682 2.3162 0.3057, 2.2657 2.311 0.3334, 2.2679 2.3055 0.3617, 2.2749 2.2998 0.3894, 2.2864 2.2944 0.4152, 2.3017 2.2893 0.4381, 2.3201 2.2846 0.4578, 2.3421 2.2795 0.4746, 2.3671 2.274 0.4878, 2.3942 2.2684 0.4967, 2.4223 2.2628 0.5007, 2.45 2.2577 0.5, 2.4765 2.2529 0.495, 2.5023 2.2479 0.4855, 2.5267 2.2425 0.4714, 2.5487 2.2369 0.4533, 2.5672 2.2313 0.4317, 2.5815 2.2261 0.4077, 2.5914 2.2213 0.3825, 2.5971 2.2164 0.3558, 2.5983 2.211 0.3278, 2.5947 2.2054 0.2995, 2.5863 2.1998 0.2723, 2.5736 2.1945 0.2472, 2.5574 2.1895 0.2253, 2.538 2.1848 0.2064, 2.5151 2.1795 0.1905, 2.4894 2.174 0.1785, 2.4619 2.1683 0.171, 2.4338 2.1629 0.1683, 2.4063 2.1579 0.1703, 2.3801 2.1531 0.1766, 2.3546 2.148 0.1874, 2.3307 2.1425 0.2026, 2.3097 2.1369 0.2219, 2.2923 2.1314 0.2443, 2.2793 2.1262 0.2687, 2.2706 2.1215 0.2942, 2.2662 2.1164 0.3214, 2.2663 2.111 0.3496, 2.2713 2.1054 0.3777, 2.281 2.0998 0.4044, 2.2948 2.0946 0.4287, 2.3118 2.0898 0.4497, 2.3323 2.0849 0.4678, 2.3561 2.0795 0.4827, 2.3824 2.0739 0.4935, 2.4102 2.0683 0.4996, 2.4383 2.063 0.5009, 2.4653 2.0581 0.4977, 2.4913 2.0533 0.4901, 2.5165 2.048 0.478, 2.5397 2.0425 0.4615, 2.5598 2.0368 0.4413, 2.5759 2.0314 0.4182, 2.5877 2.0264 0.3934, 2.5951 2.0217 0.3675, 2.5983 2.0165 0.3399, 2.5968 2.011 0.3116, 2.5904 2.0054 0.2838, 2.5795 1.9999 0.2577, 2.5647 1.9947 0.2343, 2.5468 1.99 0.2142, 2.5253 1.985 0.1969, 2.5007 1.9795 0.1831, 2.4738 1.9739 0.1736, 2.4458 1.9683 0.1688, 2.4179 1.9631 0.1689, 2.3913 1.9583 0.1733, 2.3654 1.9534 0.1822, 2.3407 1.948 0.1956, 2.3183 1.9424 0.2132, 2.2993 1.9368 0.2344, 2.2843 1.9315 0.2581, 2.2738 1.9266 0.2832, 2.2676 1.9218 0.3096, 2.2657 1.9165 0.3375, 2.2686 1.911 0.3658, 2.2763 1.9053 0.3932, 2.2884 1.8999 0.4186, 2.3042 1.8949 0.4411, 2.323 1.8902 0.4604, 2.3455 1.885 0.4767, 2.3709 1.8795 0.4894, 2.3982 1.8739 0.4976, 2.4263 1.8684 0.5009, 2.4539 1.8633 0.4996, 2.4802 1.8586 0.4939, 2.5059 1.8535 0.4837, 2.5301 1.848 0.4691, 2.5516 1.8424 0.4504, 2.5695 1.8368 0.4284, 2.5832 1.8316 0.4041, 2.5925 1.8269 0.3788, 2.5975 1.8219 0.3519, 2.5981 1.8165 0.3237, 2.5938 1.8109 0.2955, 2.2859 1.1141 0.431, 2.2718 1.1194 0.4051, 2.2621 1.125 0.3767, 2.2574 1.1306 0.3471, 2.2578 1.136 0.3175, 2.263 1.1409 0.2892, 2.2726 1.1457 0.2624, 2.2868 1.1509 0.2369, 2.3056 1.1564 0.2136, 2.3281 1.1621 0.1938, 2.3534 1.1675 0.1782, 2.3804 1.1726 0.1674, 2.408 1.1773 0.1612, 2.4371 1.1824 0.1597, 2.4666 1.1879 0.163, 2.4954 1.1935 0.1715, 2.5222 1.1991 0.1846, 2.546 1.2043 0.2017, 2.5659 1.209 0.2219, 2.5826 1.214 0.2454, 2.5955 1.2194 0.2721, 2.6038 1.225 0.3009, 2.607 1.2306 0.3307, 2.6052 1.2359 0.36, 2.5988 1.2407 0.3878, 2.5879 1.2456 0.4143, 2.5723 1.2509 0.4394, 2.5524 1.2565 0.4617, 2.529 1.2621 0.4804, 2.503 1.2675 0.4946, 2.4759 1.2724 0.5041, 2.4479 1.2772 0.509, 2.4186 1.2824 0.5092, 2.3891 1.2879 0.5043, 2.3607 1.2936 0.4945, 2.3347 1.299 0.4801, 2.312 1.3041 0.4621, 2.293 1.3088 0.4411, 2.2773 1.3139 0.4165, 2.2657 1.3194 0.3891, 2.2588 1.325 0.3599, 2.257 1.3306 0.3301, 2.2602 1.3357 0.3011, 2.2679 1.3404 0.2738, 2.2801 1.3455 0.2476, 2.297 1.3509 0.2232, 2.318 1.3565 0.2018, 2.3423 1.3621 0.1843, 2.3687 1.3673 0.1714, 2.396 1.3721 0.1633, 2.4245 1.377 0.1598, 2.454 1.3824 0.161, 2.4833 1.388 0.1673, 2.5111 1.3936 0.1785, 2.5362 1.3989 0.194, 2.5578 1.4039 0.2129, 2.5759 1.4086 0.2349, 2.5905 1.4139 0.2603, 2.6009 1.4194 0.2884, 2.6063 1.4251 0.3179, 2.6066 1.4305 0.3476, 2.6021 1.4355 0.3762, 2.5932 1.4403 0.4031, 2.5796 1.4454 0.4289, 2.5614 1.4509 0.4525, 2.5394 1.4565 0.4729, 2.5144 1.462 0.4891, 2.4876 1.4672 0.5006, 2.4601 1.4719 0.5074, 2.4312 1.477 0.5097, 2.4016 1.4824 0.507, 2.3726 1.488 0.4993, 2.3455 1.4936 0.4868, 2.3213 1.4988 0.4702, 2.3008 1.5036 0.4505, 2.2836 1.5085 0.4274, 2.2701 1.5139 0.4012, 2.2611 1.5195 0.3726, 2.2572 1.5251 0.3429, 2.2583 1.5304 0.3134, 2.2641 1.5353 0.2853, 2.2743 1.5401 0.2587, 2.2892 1.5454 0.2334, 2.3086 1.5509 0.2106, 2.3316 1.5566 0.1913, 2.3572 1.562 0.1764, 2.3843 1.567 0.1662, 2.4121 1.5717 0.1607, 2.4413 1.5769 0.1598, 2.4708 1.5824 0.1639, 2.4994 1.588 0.1731, 2.5258 1.5935 0.1868, 2.549 1.5987 0.2044, 2.5685 1.6034 0.225, 2.5847 1.6084 0.2491, 2.597 1.6139 0.2761, 2.6046 1.6195 0.3052, 2.6071 1.6251 0.3349, 2.6046 1.6303 0.3641, 2.5975 1.6351 0.3917, 2.586 1.64 0.418, 2.5697 1.6454 0.4427, 2.5493 1.651 0.4646, 2.5254 1.6566 0.4827, 2.4992 1.6619 0.4963, 2.472 1.6668 0.5051, 2.4437 1.6716 0.5093, 2.4143 1.6769 0.5088, 2.3849 1.6824 0.5032, 2.3568 1.6881 0.4927, 2.3312 1.6935 0.4778, 2.3091 1.6985 0.4593, 2.2906 1.7032 0.4378, 2.2754 1.7084 0.4128, 2.2644 1.7139 0.385, 2.2582 1.7195 0.3556, 2.2572 1.725 0.3259, 2.2611 1.7301 0.2971, 2.2694 1.7348 0.27, 2.2823 1.7399 0.244, 2.2998 1.7454 0.22, 2.3213 1.751 0.199, 2.346 1.7566 0.1822, 2.3726 1.7618 0.17, 2.4 1.7665 0.1626, 2.4287 1.7715 0.1596, 2.4582 1.7769 0.1616, 2.4874 1.7825 0.1686, 2.3245 2.4823 0.4728, 2.3492 2.477 0.4889, 2.3767 2.4715 0.5007, 2.4059 2.4659 0.5077, 2.4354 2.4605 0.5097, 2.4641 2.4555 0.5067, 2.4915 2.4507 0.4993, 2.5181 2.4455 0.4871, 2.5427 2.44 0.4702, 2.5643 2.4344 0.4493, 2.5818 2.4289 0.4253, 2.5947 2.4238 0.3993, 2.603 2.4191 0.3722, 2.6069 2.414 0.3434, 2.6058 2.4085 0.3136, 2.5997 2.4029 0.2843, 2.5887 2.3974 0.2565, 2.5735 2.3922 0.2315, 2.555 2.3874 0.21, 2.5328 2.3824 0.1915, 2.5072 2.377 0.1766, 2.4792 2.3714 0.1661, 2.4497 2.3659 0.1605, 2.4203 2.3606 0.16, 2.3921 2.3557 0.1642, 2.3649 2.3509 0.173, 2.3387 2.3455 0.1866, 2.3148 2.34 0.2046, 2.2943 2.3344 0.2266, 2.2781 2.329 0.2513, 2.2665 2.324 0.2776, 2.2595 2.3193 0.3052, 2.257 2.314 0.3344, 2.2595 2.3085 0.3641, 2.2671 2.3029 0.3932, 2.2793 2.2974 0.4202, 2.2956 2.2923 0.4443, 2.315 2.2876 0.4648, 2.3382 2.2825 0.4824, 2.3646 2.277 0.4962, 2.3932 2.2714 0.5053, 2.4228 2.2659 0.5095, 2.452 2.2607 0.5086, 2.4798 2.256 0.5031, 2.5068 2.251 0.4929, 2.5325 2.2455 0.478, 2.5555 2.2399 0.4587, 2.5748 2.2344 0.4359, 2.5897 2.2291 0.4106, 2.6 2.2243 0.384, 2.6058 2.2194 0.3559, 2.6069 2.214 0.3264, 2.6029 2.2085 0.2967, 2.594 2.2029 0.2681, 2.5805 2.1975 0.2418, 2.5633 2.1926 0.2188, 2.5428 2.1878 0.1991, 2.5186 2.1825 0.1825, 2.4914 2.177 0.17, 2.4624 2.1714 0.1623, 2.4329 2.1659 0.1596, 2.404 2.1609 0.1619, 2.3765 2.1562 0.1686, 2.3497 2.151 0.1802, 2.3247 2.1455 0.1964, 2.3026 2.1399 0.2168, 2.2845 2.1344 0.2404, 2.2709 2.1292 0.2662, 2.262 2.1245 0.2931, 2.2575 2.1195 0.3217, 2.2578 2.114 0.3514, 2.2632 2.1084 0.3809, 2.2735 2.1029 0.409, 2.2882 2.0976 0.4344, 2.3062 2.0928 0.4564, 2.3278 2.0879 0.4753, 2.353 2.0826 0.4908, 2.3808 2.077 0.502, 2.4101 2.0714 0.5083, 2.4396 2.066 0.5095, 2.468 2.0611 0.506, 2.4953 2.0563 0.4978, 2.5218 2.051 0.485, 2.546 2.0455 0.4675, 2.567 2.0399 0.4461, 2.5839 2.0344 0.4217, 2.5962 2.0294 0.3955, 2.6038 2.0247 0.3682, 2.607 2.0195 0.3392, 2.6053 2.014 0.3094, 2.5984 2.0084 0.2802, 2.5868 2.0029 0.2528, 2.571 1.9978 0.2282, 2.5521 1.9931 0.2072, 2.5294 1.988 0.1891, 2.5034 1.9825 0.1748, 2.475 1.9769 0.1649, 2.4455 1.9714 0.1601, 2.4162 1.9661 0.1603, 2.3882 1.9614 0.1652, 2.361 1.9564 0.1746, 2.3351 1.9511 0.1889, 2.3117 1.9455 0.2076, 2.2918 1.9399 0.2299, 2.2762 1.9345 0.255, 2.2653 1.9297 0.2814, 2.2588 1.9248 0.3092, 2.257 1.9196 0.3386, 2.2603 1.914 0.3684, 2.2685 1.9084 0.3972, 2.2814 1.903 0.4239, 2.2981 1.898 0.4474, 2.3181 1.8932 0.4676, 2.3418 1.888 0.4847, 2.3686 1.8825 0.4978, 2.3974 1.8769 0.5062, 2.427 1.8714 0.5096, 2.456 1.8663 0.508, 2.4837 1.8616 0.5019, 2.5106 1.8565 0.4911, 2.536 1.851 0.4755, 2.5585 1.8454 0.4557, 2.5772 1.8399 0.4324, 2.5915 1.8347 0.4068, 2.6011 1.8299 0.3801, 2.6062 1.825 0.3518, 2.6066 1.8196 0.3222, 2.6019 1.8139 0.2925, 2.2801 1.119 0.4363, 2.2653 1.1243 0.4094, 2.255 1.1299 0.3798, 2.2499 1.1355 0.349, 2.25 1.1409 0.318, 2.2552 1.1459 0.2884, 2.265 1.1506 0.2604, 2.2797 1.1558 0.2336, 2.2991 1.1614 0.2092, 2.3225 1.167 0.1884, 2.3488 1.1725 0.1719, 2.3769 1.1775 0.1604, 2.4057 1.1822 0.1538, 2.436 1.1874 0.1519, 2.4669 1.1928 0.1553, 2.497 1.1985 0.1639, 2.5251 1.204 0.1774, 2.55 1.2092 0.1951, 2.571 1.2139 0.2159, 2.5886 1.2189 0.2404, 2.6022 1.2243 0.2682, 2.6111 1.2299 0.2982, 2.6147 1.2355 0.3292, 2.613 1.2408 0.3599, 2.6065 1.2456 0.389, 2.5953 1.2505 0.4167, 2.5792 1.2558 0.4429, 2.5586 1.2614 0.4664, 2.5343 1.267 0.4861, 2.5073 1.2724 0.5012, 2.479 1.2773 0.5112, 2.4498 1.2821 0.5165, 2.4192 1.2873 0.5169, 2.3884 1.2929 0.5121, 2.3588 1.2985 0.502, 2.3315 1.3039 0.4872, 2.3077 1.309 0.4686, 2.2877 1.3137 0.4467, 2.2711 1.3188 0.4213, 2.2588 1.3243 0.3927, 2.2514 1.33 0.3623, 2.2493 1.3355 0.3312, 2.2524 1.3407 0.3009, 2.2602 1.3454 0.2723, 2.2728 1.3504 0.2449, 2.2903 1.3558 0.2193, 2.3121 1.3614 0.1968, 2.3373 1.367 0.1784, 2.3647 1.3723 0.1647, 2.3932 1.3771 0.1561, 2.4229 1.382 0.1521, 2.4537 1.3873 0.1532, 2.4843 1.3929 0.1595, 2.5134 1.3985 0.171, 2.5398 1.4039 0.187, 2.5625 1.4088 0.2066, 2.5815 1.4136 0.2295, 2.5969 1.4188 0.2559, 2.6079 1.4244 0.2851, 2.6138 1.43 0.3159, 2.6144 1.4354 0.3469, 2.6099 1.4405 0.3768, 2.6007 1.4452 0.4049, 2.5867 1.4503 0.4319, 2.568 1.4558 0.4568, 2.5451 1.4615 0.4782, 2.5191 1.467 0.4953, 2.4912 1.4721 0.5075, 2.4626 1.4768 0.5148, 2.4325 1.4819 0.5174, 2.4016 1.4873 0.5148, 2.3712 1.4929 0.507, 2.3428 1.4985 0.4941, 2.3174 1.5037 0.477, 2.2959 1.5085 0.4565, 2.2778 1.5134 0.4326, 2.2635 1.5188 0.4053, 2.2539 1.5244 0.3755, 2.2496 1.53 0.3445, 2.2505 1.5353 0.3137, 2.2564 1.5402 0.2843, 2.2668 1.545 0.2565, 2.2822 1.5503 0.23, 2.3022 1.5559 0.206, 2.3261 1.5615 0.1857, 2.3528 1.5669 0.17, 2.381 1.5719 0.1592, 2.4099 1.5766 0.1532, 2.4404 1.5818 0.1521, 2.4713 1.5873 0.1562, 2.5012 1.593 0.1655, 2.5289 1.5985 0.1797, 2.5532 1.6036 0.1979, 2.5737 1.6083 0.2192, 2.5908 1.6134 0.2442, 2.6038 1.6188 0.2723, 2.6119 1.6244 0.3026, 2.6148 1.63 0.3337, 2.6124 1.6352 0.3642, 2.6052 1.64 0.393, 2.5933 1.6449 0.4205, 2.5766 1.6503 0.4465, 2.5554 1.6559 0.4695, 2.5306 1.6615 0.4885, 2.5033 1.6668 0.5029, 2.475 1.6717 0.5123, 2.4455 1.6765 0.5169, 2.4148 1.6818 0.5166, 2.3841 1.6874 0.511, 2.3547 1.693 0.5002, 2.3279 1.6984 0.4848, 2.3046 1.7034 0.4656, 2.2851 1.7081 0.4433, 2.2691 1.7133 0.4174, 2.2574 1.7188 0.3885, 2.2508 1.7245 0.3578, 2.2495 1.7299 0.3268, 2.2533 1.7351 0.2967, 2.2617 1.7398 0.2684, 2.275 1.7448 0.2411, 2.2931 1.7503 0.2159, 2.3155 1.7559 0.1939, 2.3411 1.7615 0.1761, 2.3688 1.7667 0.1632, 2.3973 1.7714 0.1552, 2.4272 1.7764 0.152, 2.4581 1.7818 0.1538, 2.4886 1.7874 0.1609, 2.3208 2.4873 0.4796, 2.3467 2.482 0.4962, 2.3755 2.4764 0.5084, 2.406 2.4708 0.5155, 2.4368 2.4654 0.5173, 2.4667 2.4604 0.5141, 2.4953 2.4557 0.5061, 2.523 2.4505 0.4931, 2.5486 2.4449 0.4754, 2.5709 2.4393 0.4534, 2.589 2.4338 0.4282, 2.6023 2.4287 0.4009, 2.6108 2.424 0.3726, 2.6146 2.4189 0.3425, 2.6133 2.4134 0.3114, 2.6067 2.4078 0.2808, 2.595 2.4023 0.2519, 2.5789 2.3971 0.226, 2.5595 2.3924 0.2037, 2.5362 2.3874 0.1845, 2.5094 2.382 0.1691, 2.48 2.3763 0.1583, 2.4493 2.3708 0.1527, 2.4185 2.3655 0.1524, 2.3891 2.3607 0.157, 2.3607 2.3558 0.1664, 2.3335 2.3505 0.1807, 2.3087 2.3449 0.1998, 2.2875 2.3393 0.2228, 2.2707 2.3339 0.2487, 2.2588 2.329 0.2763, 2.2517 2.3242 0.3051, 2.2493 2.319 0.3356, 2.2521 2.3134 0.3667, 2.2602 2.3078 0.397, 2.2733 2.3023 0.4251, 2.2904 2.2973 0.4501, 2.3108 2.2926 0.4714, 2.3352 2.2874 0.4896, 2.3629 2.2819 0.5038, 2.3928 2.2763 0.5131, 2.4237 2.2708 0.5172, 2.4541 2.2656 0.516, 2.4831 2.2609 0.5101, 2.5113 2.2559 0.4993, 2.538 2.2505 0.4836, 2.5618 2.2448 0.4633, 2.5818 2.2393 0.4393, 2.5972 2.234 0.4128, 2.6077 2.2292 0.3849, 2.6136 2.2243 0.3556, 2.6145 2.219 0.3248, 2.6102 2.2134 0.2938, 2.6006 2.2078 0.264, 2.5863 2.2024 0.2367, 2.5682 2.1975 0.2128, 2.5467 2.1927 0.1923, 2.5213 2.1875 0.1752, 2.4928 2.1819 0.1623, 2.4625 2.1763 0.1545, 2.4316 2.1709 0.1519, 2.4015 2.1658 0.1545, 2.3728 2.1611 0.1618, 2.3449 2.1559 0.174, 2.319 2.1504 0.1911, 2.2961 2.1448 0.2125, 2.2773 2.1393 0.2374, 2.2633 2.1342 0.2644, 2.2542 2.1294 0.2925, 2.2497 2.1244 0.3224, 2.2503 2.119 0.3534, 2.2561 2.1133 0.3842, 2.2671 2.1078 0.4134, 2.2826 2.1025 0.4398, 2.3016 2.0978 0.4626, 2.3243 2.0928 0.4823, 2.3507 2.0875 0.4983, 2.3798 2.0819 0.5098, 2.4104 2.0763 0.5161, 2.4412 2.0709 0.5172, 2.4709 2.066 0.5132, 2.4993 2.0612 0.5045, 2.5268 2.056 0.4909, 2.552 2.0504 0.4725, 2.5738 2.0448 0.45, 2.5912 2.0394 0.4244, 2.6038 2.0344 0.397, 2.6116 2.0296 0.3684, 2.6147 2.0245 0.3381, 2.6127 2.0189 0.307, 2.6053 2.0133 0.2766, 2.5929 2.0078 0.248, 2.5764 2.0027 0.2225, 2.5564 1.998 0.2007, 2.5326 1.9929 0.182, 2.5053 1.9875 0.1672, 2.4756 1.9818 0.1572, 2.4448 1.9763 0.1524, 2.4142 1.9711 0.1528, 2.385 1.9663 0.1581, 2.3567 1.9614 0.1681, 2.3298 1.956 0.1832, 2.3054 1.9504 0.2029, 2.2848 1.9448 0.2264, 2.2687 1.9395 0.2526, 2.2576 1.9346 0.2803, 2.251 1.9298 0.3094, 2.2494 1.9245 0.3401, 2.253 1.9189 0.3711, 2.2618 1.9133 0.4011, 2.2755 1.9079 0.4289, 2.2931 1.9029 0.4533, 2.3141 1.8982 0.4742, 2.339 1.893 0.4919, 2.367 1.8874 0.5054, 2.3972 1.8818 0.514, 2.4281 1.8763 0.5173, 2.4584 1.8712 0.5155, 2.4872 1.8665 0.5089, 2.5152 1.8614 0.4974, 2.5416 1.856 0.4809, 2.5649 1.8503 0.4601, 2.5843 1.8448 0.4356, 2.599 1.8396 0.4089, 2.6088 1.8348 0.3809, 2.614 1.8299 0.3512, 2.6142 1.8245 0.3203, 2.6091 1.8189 0.2894, 2.2758 1.1255 0.441, 2.2601 1.1308 0.4133, 2.2493 1.1364 0.3829, 2.2437 1.142 0.3509, 2.2437 1.1474 0.319, 2.2488 1.1524 0.2883, 2.2587 1.1571 0.2593, 2.2737 1.1624 0.2314, 2.2935 1.1679 0.206, 2.3175 1.1735 0.1842, 2.3446 1.179 0.167, 2.3736 1.1841 0.1549, 2.4033 1.1888 0.1478, 2.4346 1.1939 0.1456, 2.4666 1.1994 0.1488, 2.4979 1.205 0.1574, 2.527 1.2105 0.1712, 2.5529 1.2157 0.1893, 2.5748 1.2204 0.2107, 2.5932 1.2254 0.2359, 2.6076 1.2308 0.2645, 2.617 1.2365 0.2955, 2.6209 1.242 0.3275, 2.6195 1.2473 0.3593, 2.613 1.2521 0.3894, 2.6016 1.257 0.4182, 2.5852 1.2623 0.4454, 2.5641 1.2679 0.4699, 2.5391 1.2735 0.4905, 2.5113 1.2789 0.5063, 2.4821 1.2839 0.5169, 2.4519 1.2886 0.5226, 2.4203 1.2938 0.5233, 2.3884 1.2994 0.5186, 2.3576 1.305 0.5084, 2.3293 1.3105 0.4933, 2.3045 1.3155 0.4742, 2.2837 1.3202 0.4518, 2.2663 1.3254 0.4256, 2.2533 1.3309 0.3962, 2.2454 1.3365 0.3647, 2.243 1.342 0.3326, 2.246 1.3472 0.3012, 2.2538 1.3519 0.2716, 2.2666 1.3569 0.2431, 2.2845 1.3623 0.2165, 2.3068 1.368 0.1931, 2.3327 1.3735 0.1738, 2.361 1.3788 0.1595, 2.3904 1.3836 0.1503, 2.4211 1.3885 0.1459, 2.4529 1.3938 0.1468, 2.4847 1.3994 0.1531, 2.5149 1.405 0.1647, 2.5423 1.4104 0.1811, 2.5659 1.4153 0.2012, 2.5857 1.4201 0.2246, 2.602 1.4253 0.2518, 2.6136 1.4309 0.282, 2.6199 1.4365 0.3137, 2.6207 1.442 0.3458, 2.6163 1.447 0.3768, 2.6071 1.4517 0.4059, 2.5928 1.4569 0.434, 2.5737 1.4624 0.4598, 2.5502 1.468 0.4822, 2.5234 1.4735 0.5001, 2.4947 1.4787 0.513, 2.4651 1.4834 0.5208, 2.434 1.4884 0.5237, 2.402 1.4938 0.5213, 2.3706 1.4995 0.5134, 2.3411 1.505 0.5003, 2.3146 1.5103 0.4828, 2.2922 1.515 0.4618, 2.2733 1.52 0.4372, 2.2583 1.5253 0.4091, 2.2481 1.5309 0.3784, 2.2434 1.5365 0.3464, 2.2441 1.5419 0.3145, 2.2499 1.5468 0.2841, 2.2605 1.5516 0.2552, 2.2762 1.5568 0.2276, 2.2967 1.5624 0.2027, 2.3212 1.568 0.1815, 2.3487 1.5734 0.165, 2.3778 1.5785 0.1536, 2.4077 1.5832 0.1472, 2.4392 1.5884 0.1457, 2.4712 1.5939 0.1497, 2.5022 1.5995 0.1591, 2.5309 1.605 0.1735, 2.5563 1.6101 0.1922, 2.5776 1.6148 0.2141, 2.5955 1.6199 0.2398, 2.6092 1.6253 0.2688, 2.6179 1.631 0.3, 2.6211 1.6365 0.3321, 2.6188 1.6417 0.3637, 2.6117 1.6465 0.3935, 2.5996 1.6514 0.4222, 2.5825 1.6568 0.4491, 2.5607 1.6624 0.4731, 2.5352 1.668 0.493, 2.5072 1.6733 0.5081, 2.4779 1.6782 0.518, 2.4475 1.683 0.523, 2.4157 1.6883 0.523, 2.3839 1.6939 0.5174, 2.3534 1.6995 0.5065, 2.3255 1.7049 0.4908, 2.3013 1.7099 0.4712, 2.281 1.7146 0.4483, 2.2642 1.7198 0.4215, 2.2518 1.7254 0.3918, 2.2447 1.731 0.3601, 2.2431 1.7365 0.328, 2.2468 1.7416 0.2968, 2.2553 1.7463 0.2675, 2.2689 1.7514 0.2392, 2.2874 1.7568 0.2129, 2.3103 1.7625 0.19, 2.3367 1.768 0.1714, 2.3652 1.7732 0.1578, 2.3947 1.778 0.1493, 2.4256 1.7829 0.1457, 2.4575 1.7883 0.1473, 2.4891 1.7939 0.1544, 2.3182 2.4938 0.4856, 2.3451 2.4885 0.5025, 2.375 2.4829 0.5149, 2.4066 2.4773 0.522, 2.4385 2.4719 0.5236, 2.4694 2.4669 0.5199, 2.4989 2.4622 0.5115, 2.5274 2.457 0.4979, 2.5538 2.4514 0.4793, 2.5767 2.4458 0.4563, 2.5952 2.4404 0.4301, 2.6087 2.4353 0.4018, 2.6172 2.4306 0.3724, 2.621 2.4255 0.3413, 2.6193 2.42 0.3092, 2.6122 2.4143 0.2775, 2.5999 2.4088 0.2478, 2.5831 2.4036 0.221, 2.5628 2.3989 0.1981, 2.5386 2.3939 0.1785, 2.5107 2.3885 0.1628, 2.4802 2.3829 0.1518, 2.4483 2.3773 0.1463, 2.4166 2.372 0.1462, 2.3862 2.3672 0.1513, 2.3569 2.3623 0.1612, 2.3288 2.357 0.1763, 2.3034 2.3514 0.1962, 2.2816 2.3458 0.2202, 2.2645 2.3404 0.2471, 2.2524 2.3355 0.2757, 2.2452 2.3307 0.3056, 2.243 2.3255 0.3372, 2.2462 2.3199 0.3693, 2.2548 2.3143 0.4005, 2.2685 2.3089 0.4295, 2.2864 2.3038 0.4552, 2.3078 2.2991 0.4771, 2.3331 2.294 0.4957, 2.3619 2.2885 0.5102, 2.3929 2.2828 0.5196, 2.4249 2.2773 0.5235, 2.4564 2.2722 0.5221, 2.4863 2.2674 0.5157, 2.5154 2.2624 0.5043, 2.5428 2.257 0.4878, 2.5674 2.2514 0.4666, 2.5878 2.2458 0.4417, 2.6036 2.2405 0.4141, 2.6142 2.2357 0.3852, 2.62 2.2308 0.3548, 2.6207 2.2255 0.3229, 2.6159 2.2199 0.2909, 2.6058 2.2143 0.2602, 2.5908 2.2089 0.232, 2.5719 2.204 0.2075, 2.5494 2.1993 0.1865, 2.523 2.194 0.1689, 2.4935 2.1884 0.1559, 2.4621 2.1828 0.148, 2.4301 2.1774 0.1456, 2.399 2.1723 0.1485, 2.3694 2.1676 0.1563, 2.3406 2.1625 0.1692, 2.3139 2.157 0.1871, 2.2904 2.1513 0.2094, 2.2712 2.1458 0.2353, 2.257 2.1407 0.2634, 2.2478 2.136 0.2925, 2.2433 2.1309 0.3235, 2.2442 2.1255 0.3555, 2.2505 2.1199 0.3873, 2.2621 2.1143 0.4174, 2.2783 2.1091 0.4447, 2.2982 2.1043 0.4681, 2.3218 2.0994 0.4882, 2.3492 2.094 0.5046, 2.3794 2.0884 0.5162, 2.4111 2.0828 0.5225, 2.443 2.0775 0.5234, 2.4737 2.0726 0.519, 2.503 2.0678 0.5098, 2.5313 2.0625 0.4955, 2.5573 2.0569 0.4762, 2.5796 2.0513 0.4528, 2.5974 2.0459 0.4262, 2.6102 2.0409 0.3977, 2.6181 2.0362 0.3681, 2.6211 2.031 0.3367, 2.6187 2.0255 0.3046, 2.6108 2.0198 0.2731, 2.5978 2.0144 0.2437, 2.5804 2.0092 0.2175, 2.5596 2.0045 0.1951, 2.5348 1.9994 0.176, 2.5065 1.994 0.1609, 2.4757 1.9884 0.1507, 2.4438 1.9828 0.146, 2.4121 1.9776 0.1467, 2.382 1.9728 0.1524, 2.3528 1.9679 0.163, 2.325 1.9625 0.1788, 2.3 1.9569 0.1994, 2.2789 1.9513 0.2239, 2.2624 1.946 0.2511, 2.2511 1.9411 0.2799, 2.2446 1.9363 0.31, 2.2431 1.931 0.3418, 2.2471 1.9254 0.3738, 2.2565 1.9198 0.4048, 2.2709 1.9144 0.4334, 2.2893 1.9094 0.4586, 2.3112 1.9047 0.48, 2.3371 1.8995 0.4981, 2.3662 1.894 0.5118, 2.3974 1.8883 0.5205, 2.4294 1.8829 0.5237, 2.4608 1.8778 0.5215, 2.4905 1.873 0.5144, 2.5194 1.868 0.5023, 2.5465 1.8625 0.4851, 2.5705 1.8569 0.4633, 2.5904 1.8513 0.4379, 2.6054 1.8461 0.41, 2.6153 1.8414 0.381, 2.6204 1.8364 0.3503, 2.6204 1.831 0.3183, 2.6148 1.8254 0.2864, 2.2729 1.1332 0.4449, 2.2567 1.1386 0.4167, 2.2453 1.1441 0.3856, 2.2393 1.1497 0.353, 2.239 1.1551 0.3202, 2.244 1.1601 0.2888, 2.2539 1.1649 0.259, 2.269 1.1701 0.2303, 2.2891 1.1756 0.2041, 2.3135 1.1812 0.1816, 2.3411 1.1867 0.1638, 2.3706 1.1918 0.1511, 2.401 1.1965 0.1436, 2.4331 1.2016 0.1411, 2.4658 1.2071 0.144, 2.4979 1.2127 0.1526, 2.5279 1.2182 0.1664, 2.5545 1.2234 0.1847, 2.5771 1.2282 0.2065, 2.5962 1.2332 0.2321, 2.6112 1.2386 0.2613, 2.6211 1.2442 0.2929, 2.6254 1.2497 0.3257, 2.6242 1.255 0.3582, 2.6178 1.2599 0.3891, 2.6064 1.2647 0.4187, 2.5898 1.2701 0.4468, 2.5684 1.2756 0.472, 2.543 1.2812 0.4933, 2.5147 1.2866 0.5097, 2.4849 1.2916 0.5209, 2.4541 1.2963 0.527, 2.4217 1.3016 0.528, 2.3889 1.3071 0.5234, 2.3573 1.3127 0.5132, 2.3282 1.3182 0.498, 2.3027 1.3232 0.4786, 2.2811 1.328 0.4559, 2.2631 1.3331 0.4292, 2.2495 1.3386 0.3992, 2.2412 1.3442 0.3671, 2.2385 1.3497 0.3342, 2.2412 1.3549 0.302, 2.249 1.3596 0.2716, 2.2619 1.3646 0.2424, 2.2799 1.3701 0.215, 2.3025 1.3757 0.1907, 2.3289 1.3812 0.1708, 2.3578 1.3865 0.1559, 2.3878 1.3913 0.1462, 2.4192 1.3962 0.1415, 2.4518 1.4016 0.1421, 2.4843 1.4071 0.1483, 2.5154 1.4127 0.1599, 2.5436 1.4181 0.1764, 2.5679 1.423 0.1968, 2.5885 1.4278 0.2206, 2.6053 1.4331 0.2484, 2.6175 1.4386 0.2791, 2.6242 1.4442 0.3116, 2.6254 1.4497 0.3444, 2.6211 1.4547 0.3762, 2.6119 1.4594 0.4061, 2.5976 1.4646 0.435, 2.5782 1.4701 0.4616, 2.5543 1.4757 0.4847, 2.5271 1.4812 0.5033, 2.4978 1.4864 0.5167, 2.4675 1.4911 0.5249, 2.4357 1.4961 0.5282, 2.4029 1.5016 0.526, 2.3706 1.5072 0.5182, 2.3403 1.5127 0.5051, 2.3131 1.518 0.4874, 2.2899 1.5228 0.4661, 2.2703 1.5277 0.4411, 2.2547 1.533 0.4124, 2.2441 1.5386 0.381, 2.2389 1.5442 0.3483, 2.2394 1.5496 0.3156, 2.2451 1.5545 0.2844, 2.2557 1.5593 0.2548, 2.2715 1.5645 0.2264, 2.2923 1.5701 0.2007, 2.3172 1.5757 0.1788, 2.3452 1.5812 0.1616, 2.3749 1.5862 0.1497, 2.4055 1.5909 0.1429, 2.4377 1.5961 0.1411, 2.4705 1.6016 0.1449, 2.5023 1.6072 0.1543, 2.5319 1.6127 0.1688, 2.558 1.6178 0.1877, 2.5801 1.6225 0.2099, 2.5986 1.6276 0.2361, 2.6129 1.6331 0.2657, 2.622 1.6387 0.2976, 2.6256 1.6442 0.3304, 2.6236 1.6495 0.3628, 2.6165 1.6542 0.3934, 2.6044 1.6592 0.4228, 2.5871 1.6645 0.4506, 2.565 1.6701 0.4753, 2.5391 1.6757 0.4959, 2.5105 1.6811 0.5116, 2.4806 1.6859 0.522, 2.4495 1.6907 0.5274, 2.417 1.696 0.5276, 2.3843 1.7016 0.5223, 2.353 1.7072 0.5114, 2.3243 1.7126 0.4955, 2.2993 1.7176 0.4756, 2.2783 1.7224 0.4523, 2.2609 1.7276 0.4251, 2.248 1.7331 0.3947, 2.2404 1.7387 0.3624, 2.2385 1.7442 0.3295, 2.242 1.7493 0.2976, 2.2505 1.754 0.2674, 2.2641 1.7591 0.2383, 2.2828 1.7646 0.2113, 2.3061 1.7702 0.1876, 2.3329 1.7757 0.1683, 2.362 1.7809 0.1542, 2.3921 1.7857 0.1452, 2.4238 1.7906 0.1412, 2.4565 1.796 0.1426, 2.4889 1.8016 0.1496, 2.3168 2.5015 0.4902, 2.3445 2.4962 0.5073, 2.3752 2.4906 0.5197, 2.4076 2.485 0.5267, 2.4403 2.4796 0.5281, 2.4719 2.4747 0.5241, 2.502 2.4699 0.5151, 2.5311 2.4647 0.5009, 2.558 2.4592 0.4817, 2.5812 2.4535 0.458, 2.5999 2.4481 0.431, 2.6136 2.443 0.4019, 2.622 2.4383 0.3717, 2.6256 2.4332 0.3398, 2.6236 2.4277 0.3069, 2.6161 2.4221 0.2746, 2.6032 2.4165 0.2442, 2.5857 2.4113 0.217, 2.5647 2.4066 0.1937, 2.5398 2.4016 0.1738, 2.5111 2.3962 0.1579, 2.4797 2.3906 0.147, 2.4471 2.385 0.1416, 2.4146 2.3797 0.1419, 2.3835 2.3749 0.1473, 2.3536 2.37 0.1577, 2.325 2.3647 0.1734, 2.2991 2.3591 0.194, 2.277 2.3535 0.2187, 2.2597 2.3481 0.2465, 2.2476 2.3432 0.2759, 2.2405 2.3384 0.3065, 2.2385 2.3332 0.3389, 2.242 2.3277 0.3717, 2.2512 2.322 0.4036, 2.2654 2.3166 0.4332, 2.284 2.3115 0.4594, 2.3061 2.3068 0.4816, 2.3322 2.3017 0.5005, 2.3617 2.2962 0.515, 2.3936 2.2906 0.5244, 2.4263 2.285 0.5281, 2.4586 2.2799 0.5264, 2.4892 2.2751 0.5196, 2.5189 2.2701 0.5077, 2.5468 2.2647 0.4905, 2.5718 2.2591 0.4686, 2.5925 2.2535 0.4429, 2.6084 2.2483 0.4145, 2.619 2.2435 0.3849, 2.6247 2.2386 0.3537, 2.6251 2.2332 0.321, 2.62 2.2276 0.2883, 2.6093 2.222 0.2569, 2.5937 2.2167 0.2282, 2.5741 2.2117 0.2032, 2.551 2.207 0.1819, 2.5238 2.2017 0.1642, 2.4934 2.1962 0.1511, 2.4612 2.1905 0.1433, 2.4284 2.1851 0.1411, 2.3965 2.1801 0.1443, 2.3663 2.1753 0.1526, 2.337 2.1702 0.166, 2.3098 2.1647 0.1846, 2.2859 2.1591 0.2077, 2.2665 2.1536 0.2343, 2.2521 2.1484 0.2632, 2.243 2.1437 0.2931, 2.2387 2.1386 0.3249, 2.2398 2.1332 0.3577, 2.2466 2.1276 0.3902, 2.2587 2.122 0.4209, 2.2756 2.1168 0.4487, 2.2961 2.112 0.4725, 2.3205 2.1071 0.4929, 2.3487 2.1017 0.5094, 2.3797 2.0961 0.521, 2.4123 2.0905 0.5272, 2.4449 2.0852 0.5278, 2.4763 2.0803 0.5231, 2.5063 2.0755 0.5134, 2.5351 2.0702 0.4985, 2.5615 2.0647 0.4786, 2.5842 2.059 0.4543, 2.6022 2.0536 0.4269, 2.6151 2.0486 0.3976, 2.6228 2.0439 0.3673, 2.6256 2.0387 0.3351, 2.6229 2.0332 0.3022, 2.6145 2.0276 0.2701, 2.601 2.0221 0.2401, 2.5829 2.0169 0.2134, 2.5614 2.0122 0.1906, 2.5359 2.0072 0.1713, 2.5067 2.0017 0.1561, 2.4751 1.9961 0.1459, 2.4424 1.9905 0.1413, 2.41 1.9853 0.1423, 2.3792 1.9805 0.1484, 2.3494 1.9756 0.1596, 2.3211 1.9702 0.176, 2.2956 1.9646 0.1973, 2.2742 1.959 0.2225, 2.2576 1.9537 0.2506, 2.2463 1.9488 0.2802, 2.2399 1.944 0.3111, 2.2387 1.9387 0.3436, 2.243 1.9332 0.3764, 2.2529 1.9275 0.408, 2.2678 1.9221 0.4372, 2.2869 1.9171 0.4628, 2.3095 1.9124 0.4845, 2.3362 1.9072 0.5028, 2.3662 1.9017 0.5167, 2.3982 1.8961 0.5253, 2.431 1.8906 0.5282, 2.4631 1.8855 0.5257, 2.4935 1.8808 0.5182, 2.523 1.8757 0.5055, 2.5506 1.8702 0.4877, 2.575 1.8646 0.4652, 2.5951 1.859 0.439, 2.6102 1.8538 0.4103, 2.6201 1.8491 0.3805, 2.6251 1.8441 0.3491, 2.6247 1.8387 0.3163, 2.6188 1.8331 0.2837, 2.2718 1.1417 0.4478, 2.2551 1.1471 0.4194, 2.2432 1.1526 0.388, 2.2369 1.1582 0.355, 2.2362 1.1636 0.3218, 2.241 1.1686 0.2898, 2.2508 1.1734 0.2595, 2.2658 1.1786 0.2304, 2.286 1.1841 0.2036, 2.3105 1.1897 0.1806, 2.3383 1.1952 0.1623, 2.3681 1.2003 0.1491, 2.3989 1.205 0.1413, 2.4313 1.2101 0.1384, 2.4646 1.2156 0.1412, 2.4972 1.2212 0.1496, 2.5277 1.2267 0.1633, 2.5548 1.2319 0.1816, 2.5779 1.2367 0.2035, 2.5975 1.2417 0.2292, 2.6129 1.2471 0.2587, 2.6233 1.2527 0.2907, 2.6279 1.2582 0.3239, 2.627 1.2635 0.3568, 2.6208 1.2684 0.3882, 2.6095 1.2732 0.4183, 2.593 1.2786 0.4469, 2.5715 1.2841 0.4727, 2.5459 1.2897 0.4944, 2.5174 1.2951 0.5113, 2.4873 1.3001 0.5229, 2.4561 1.3048 0.5294, 2.4232 1.3101 0.5307, 2.39 1.3156 0.5263, 2.3579 1.3212 0.5163, 2.3283 1.3267 0.5012, 2.3022 1.3317 0.4818, 2.2802 1.3365 0.4589, 2.2617 1.3416 0.432, 2.2476 1.3471 0.4017, 2.2389 1.3527 0.3692, 2.2358 1.3582 0.3359, 2.2383 1.3634 0.3033, 2.2459 1.3681 0.2724, 2.2587 1.3731 0.2426, 2.2767 1.3786 0.2147, 2.2995 1.3842 0.19, 2.3261 1.3897 0.1695, 2.3552 1.395 0.1541, 2.3855 1.3998 0.144, 2.4172 1.4047 0.139, 2.4503 1.4101 0.1393, 2.4834 1.4156 0.1453, 2.5149 1.4212 0.1568, 2.5437 1.4266 0.1733, 2.5686 1.4315 0.1937, 2.5896 1.4363 0.2177, 2.6069 1.4416 0.2457, 2.6195 1.4471 0.2767, 2.6266 1.4527 0.3096, 2.6281 1.4582 0.3428, 2.624 1.4632 0.375, 2.615 1.4679 0.4055, 2.6007 1.4731 0.4349, 2.5813 1.4786 0.462, 2.5573 1.4842 0.4857, 2.5299 1.4897 0.5047, 2.5003 1.4949 0.5186, 2.4697 1.4996 0.5272, 2.4374 1.5046 0.5308, 2.4042 1.5101 0.5289, 2.3715 1.5157 0.5213, 2.3406 1.5212 0.5082, 2.3129 1.5265 0.4905, 2.2892 1.5313 0.4692, 2.2691 1.5362 0.444, 2.253 1.5415 0.415, 2.242 1.5471 0.3833, 2.2364 1.5527 0.3502, 2.2366 1.5581 0.3171, 2.2421 1.563 0.2854, 2.2526 1.5678 0.2553, 2.2684 1.573 0.2264, 2.2892 1.5786 0.2001, 2.3143 1.5842 0.1777, 2.3425 1.5897 0.1601, 2.3724 1.5947 0.1477, 2.4034 1.5994 0.1405, 2.4361 1.6046 0.1385, 2.4693 1.6101 0.142, 2.5017 1.6157 0.1512, 2.5318 1.6212 0.1657, 2.5584 1.6263 0.1845, 2.581 1.631 0.2069, 2.6 1.6361 0.2332, 2.6147 1.6416 0.2631, 2.6243 1.6472 0.2954, 2.6282 1.6527 0.3286, 2.6264 1.658 0.3614, 2.6195 1.6627 0.3925, 2.6075 1.6677 0.4225, 2.5902 1.673 0.4508, 2.5681 1.6786 0.476, 2.542 1.6842 0.4972, 2.5131 1.6896 0.5133, 2.4829 1.6944 0.5241, 2.4515 1.6992 0.5299, 2.4185 1.7045 0.5304, 2.3854 1.7101 0.5252, 2.3535 1.7157 0.5145, 2.3243 1.7211 0.4986, 2.2988 1.7261 0.4787, 2.2773 1.7309 0.4553, 2.2594 1.7361 0.4278, 2.246 1.7416 0.3972, 2.2381 1.7472 0.3645, 2.2359 1.7527 0.3312, 2.2391 1.7578 0.2988, 2.2474 1.7625 0.2681, 2.261 1.7676 0.2385, 2.2797 1.7731 0.2109, 2.3031 1.7787 0.1867, 2.3301 1.7842 0.167, 2.3595 1.7894 0.1523, 2.3899 1.7942 0.143, 2.4219 1.7991 0.1387, 2.4551 1.8045 0.1398, 2.488 1.8101 0.1466, 2.3166 2.51 0.4933, 2.3448 2.5047 0.5104, 2.3761 2.4991 0.5227, 2.409 2.4935 0.5295, 2.4421 2.4881 0.5306, 2.4742 2.4832 0.5263, 2.5046 2.4784 0.517, 2.534 2.4732 0.5023, 2.561 2.4677 0.4825, 2.5843 2.462 0.4583, 2.6031 2.4566 0.4308, 2.6166 2.4515 0.4012, 2.6249 2.4468 0.3705, 2.6282 2.4417 0.3381, 2.626 2.4362 0.3048, 2.618 2.4306 0.2721, 2.6047 2.425 0.2414, 2.5868 2.4198 0.214, 2.5653 2.4151 0.1906, 2.5398 2.4101 0.1707, 2.5106 2.4047 0.1548, 2.4787 2.3991 0.1441, 2.4456 2.3935 0.1389, 2.4126 2.3882 0.1394, 2.3811 2.3834 0.1451, 2.3509 2.3785 0.156, 2.3221 2.3732 0.1721, 2.296 2.3676 0.1932, 2.2739 2.362 0.2185, 2.2566 2.3566 0.2468, 2.2446 2.3517 0.2768, 2.2377 2.3469 0.3079, 2.2359 2.3417 0.3407, 2.2398 2.3362 0.3739, 2.2493 2.3305 0.4062, 2.2641 2.3251 0.4361, 2.2831 2.32 0.4624, 2.3057 2.3153 0.4847, 2.3323 2.3102 0.5036, 2.3624 2.3047 0.5181, 2.3948 2.2991 0.5273, 2.428 2.2935 0.5308, 2.4607 2.2884 0.5288, 2.4916 2.2836 0.5216, 2.5216 2.2786 0.5092, 2.5498 2.2732 0.4916, 2.5748 2.2676 0.4692, 2.5957 2.262 0.4429, 2.6115 2.2568 0.414, 2.622 2.252 0.3839, 2.6275 2.2471 0.3522, 2.6276 2.2417 0.3191, 2.6221 2.2361 0.286, 2.611 2.2305 0.2543, 2.595 2.2252 0.2253, 2.5749 2.2202 0.2001, 2.5512 2.2155 0.1788, 2.5235 2.2102 0.161, 2.4926 2.2047 0.148, 2.4598 2.199 0.1404, 2.4266 2.1936 0.1385, 2.3944 2.1886 0.1421, 2.3638 2.1838 0.1507, 2.3342 2.1787 0.1646, 2.3068 2.1732 0.1836, 2.2828 2.1676 0.2073, 2.2634 2.1621 0.2344, 2.2491 2.1569 0.2638, 2.24 2.1522 0.2943, 2.236 2.1471 0.3265, 2.2374 2.1417 0.3597, 2.2446 2.1361 0.3926, 2.2572 2.1305 0.4236, 2.2745 2.1253 0.4516, 2.2955 2.1205 0.4756, 2.3204 2.1156 0.496, 2.3491 2.1102 0.5125, 2.3807 2.1046 0.524, 2.4137 2.099 0.53, 2.4468 2.0937 0.5303, 2.4786 2.0888 0.5253, 2.5089 2.084 0.5152, 2.538 2.0787 0.4998, 2.5646 2.0732 0.4793, 2.5873 2.0675 0.4546, 2.6053 2.0621 0.4266, 2.6181 2.0571 0.3969, 2.6257 2.0524 0.366, 2.6282 2.0472 0.3334, 2.6252 2.0417 0.3001, 2.6164 2.0361 0.2676, 2.6024 2.0306 0.2373, 2.5839 2.0254 0.2104, 2.5619 2.0207 0.1875, 2.5358 2.0157 0.1681, 2.5061 2.0102 0.153, 2.474 2.0046 0.143, 2.4408 1.999 0.1386, 2.408 1.9938 0.1399, 2.3768 1.989 0.1464, 2.3467 1.9841 0.158, 2.3182 1.9787 0.1749, 2.2926 1.9731 0.1966, 2.2711 1.9675 0.2224, 2.2545 1.9622 0.251, 2.2433 1.9573 0.2811, 2.2371 1.9525 0.3125, 2.2361 1.9472 0.3454, 2.2408 1.9417 0.3786, 2.2511 1.936 0.4106, 2.2665 1.9306 0.4401, 2.2861 1.9256 0.4658, 2.3092 1.9209 0.4877, 2.3364 1.9157 0.506, 2.3669 1.9102 0.5197, 2.3995 1.9046 0.5281, 2.4327 1.8991 0.5309, 2.4652 1.894 0.528, 2.496 1.8893 0.5202, 2.5257 1.8842 0.507, 2.5536 1.8787 0.4887, 2.5781 1.8731 0.4657, 2.5982 1.8675 0.4389, 2.6133 1.8623 0.4098, 2.6231 1.8576 0.3795, 2.6278 1.8526 0.3475, 2.6272 1.8472 0.3143, 2.6209 1.8416 0.2813, 2.2725 1.1516 0.4497, 2.2554 1.1569 0.4213, 2.2432 1.1625 0.39, 2.2366 1.1681 0.357, 2.2356 1.1735 0.3237, 2.2401 1.1784 0.2916, 2.2495 1.1832 0.2611, 2.2643 1.1884 0.2317, 2.2843 1.1939 0.2047, 2.3086 1.1995 0.1814, 2.3364 1.205 0.1627, 2.3661 1.2101 0.1493, 2.3968 1.2148 0.1411, 2.4294 1.2199 0.1379, 2.4627 1.2254 0.1403, 2.4955 1.231 0.1484, 2.5262 1.2365 0.1619, 2.5536 1.2417 0.18, 2.577 1.2465 0.2017, 2.5969 1.2515 0.2273, 2.6127 1.2569 0.2566, 2.6233 1.2625 0.2886, 2.6284 1.2681 0.3219, 2.6277 1.2734 0.3549, 2.6218 1.2782 0.3865, 2.6108 1.283 0.4167, 2.5945 1.2884 0.4456, 2.5732 1.294 0.4716, 2.5478 1.2996 0.4937, 2.5194 1.3049 0.5109, 2.4893 1.3099 0.5229, 2.4581 1.3146 0.5297, 2.4252 1.3199 0.5313, 2.3918 1.3254 0.5272, 2.3595 1.331 0.5175, 2.3296 1.3365 0.5026, 2.3033 1.3416 0.4834, 2.281 1.3463 0.4607, 2.2622 1.3514 0.4339, 2.2478 1.3569 0.4037, 2.2387 1.3625 0.3712, 2.2353 1.368 0.3379, 2.2375 1.3732 0.3051, 2.2448 1.3779 0.2741, 2.2573 1.383 0.2441, 2.2751 1.3884 0.2159, 2.2977 1.394 0.1909, 2.3241 1.3996 0.1701, 2.3532 1.4048 0.1544, 2.3835 1.4096 0.144, 2.4153 1.4145 0.1386, 2.4484 1.4199 0.1386, 2.4816 1.4255 0.1443, 2.5134 1.4311 0.1555, 2.5423 1.4364 0.1717, 2.5675 1.4413 0.192, 2.5888 1.4461 0.2158, 2.6065 1.4514 0.2437, 2.6194 1.4569 0.2747, 2.6269 1.4625 0.3076, 2.6287 1.468 0.3409, 2.625 1.473 0.3732, 2.6162 1.4777 0.4038, 2.6022 1.4829 0.4335, 2.5829 1.4884 0.4609, 2.5591 1.494 0.4848, 2.5318 1.4995 0.5042, 2.5023 1.5047 0.5184, 2.4717 1.5094 0.5273, 2.4394 1.5144 0.5312, 2.4061 1.5199 0.5297, 2.3732 1.5255 0.5224, 2.3421 1.5311 0.5096, 2.3141 1.5363 0.4921, 2.2902 1.5411 0.4709, 2.2698 1.546 0.4459, 2.2534 1.5514 0.417, 2.2419 1.557 0.3853, 2.2361 1.5626 0.3522, 2.2359 1.5679 0.319, 2.2411 1.5728 0.2872, 2.2513 1.5776 0.2568, 2.2669 1.5829 0.2277, 2.2875 1.5884 0.2012, 2.3124 1.594 0.1784, 2.3405 1.5995 0.1605, 2.3704 1.6045 0.1478, 2.4014 1.6092 0.1403, 2.4341 1.6144 0.1379, 2.4675 1.6199 0.1411, 2.5 1.6255 0.15, 2.5303 1.631 0.1642, 2.5572 1.6361 0.1829, 2.5801 1.6409 0.2051, 2.5994 1.6459 0.2313, 2.6145 1.6514 0.2611, 2.6244 1.657 0.2933, 2.6286 1.6625 0.3267, 2.6272 1.6678 0.3596, 2.6206 1.6725 0.3908, 2.6088 1.6775 0.421, 2.5918 1.6829 0.4495, 2.5698 1.6885 0.4751, 2.5439 1.6941 0.4965, 2.5151 1.6994 0.513, 2.485 1.7042 0.5241, 2.4535 1.7091 0.5302, 2.4204 1.7144 0.531, 2.3871 1.7199 0.5262, 2.3551 1.7255 0.5157, 2.3256 1.731 0.5001, 2.2999 1.7359 0.4804, 2.2781 1.7407 0.4571, 2.2598 1.7459 0.4298, 2.2462 1.7514 0.3992, 2.2379 1.757 0.3665, 2.2353 1.7625 0.3331, 2.2383 1.7676 0.3006, 2.2463 1.7723 0.2698, 2.2596 1.7774 0.24, 2.2781 1.7829 0.2121, 2.3013 1.7885 0.1876, 2.3282 1.794 0.1676, 2.3575 1.7993 0.1526, 2.3879 1.804 0.1429, 2.4199 1.809 0.1383, 2.4532 1.8144 0.139, 2.4863 1.82 0.1455, 2.3179 2.5198 0.4949, 2.3464 2.5145 0.5118, 2.3778 2.5089 0.5238, 2.4109 2.5033 0.5302, 2.4441 2.4979 0.531, 2.4762 2.493 0.5264, 2.5066 2.4882 0.5167, 2.5359 2.483 0.5017, 2.5628 2.4775 0.4817, 2.586 2.4719 0.4572, 2.6045 2.4664 0.4293, 2.6178 2.4613 0.3995, 2.6258 2.4566 0.3687, 2.6288 2.4515 0.3362, 2.6262 2.446 0.3028, 2.6179 2.4404 0.2701, 2.6042 2.4349 0.2395, 2.586 2.4297 0.2121, 2.5642 2.4249 0.1889, 2.5384 2.4199 0.1691, 2.509 2.4145 0.1536, 2.4769 2.4089 0.1431, 2.4437 2.4033 0.1382, 2.4106 2.398 0.1391, 2.3791 2.3932 0.1452, 2.3489 2.3884 0.1563, 2.3202 2.383 0.1728, 2.2942 2.3774 0.1942, 2.2723 2.3718 0.2198, 2.2552 2.3665 0.2483, 2.2435 2.3615 0.2785, 2.2369 2.3568 0.3097, 2.2355 2.3515 0.3426, 2.2397 2.346 0.376, 2.2496 2.3404 0.4082, 2.2646 2.3349 0.438, 2.284 2.3298 0.4642, 2.3068 2.3251 0.4864, 2.3337 2.32 0.5051, 2.364 2.3145 0.5193, 2.3966 2.3089 0.5282, 2.4299 2.3034 0.5314, 2.4627 2.2982 0.529, 2.4936 2.2935 0.5215, 2.5236 2.2884 0.5088, 2.5516 2.283 0.4909, 2.5766 2.2774 0.4681, 2.5972 2.2718 0.4416, 2.6127 2.2666 0.4124, 2.623 2.2618 0.3821, 2.6282 2.2569 0.3503, 2.628 2.2515 0.3171, 2.6221 2.2459 0.284, 2.6107 2.2403 0.2523, 2.5943 2.235 0.2234, 2.5739 2.2301 0.1983, 2.55 2.2253 0.1772, 2.522 2.22 0.1597, 2.4909 2.2145 0.1469, 2.458 2.2089 0.1396, 2.4247 2.2034 0.138, 2.3923 2.1984 0.1419, 2.3618 2.1937 0.1509, 2.3322 2.1885 0.1651, 2.3049 2.183 0.1845, 2.2811 2.1774 0.2084, 2.2619 2.1719 0.2358, 2.2479 2.1667 0.2654, 2.2391 2.162 0.2961, 2.2354 2.157 0.3284, 2.2372 2.1515 0.3617, 2.2447 2.1459 0.3946, 2.2576 2.1403 0.4256, 2.2752 2.1351 0.4535, 2.2966 2.1303 0.4773, 2.3217 2.1254 0.4976, 2.3507 2.12 0.5138, 2.3824 2.1144 0.525, 2.4156 2.1088 0.5307, 2.4488 2.1035 0.5307, 2.4806 2.0986 0.5253, 2.5109 2.0938 0.5149, 2.5399 2.0885 0.4992, 2.5664 2.083 0.4784, 2.5889 2.0774 0.4534, 2.6067 2.0719 0.4252, 2.6192 2.0669 0.3952, 2.6266 2.0622 0.3642, 2.6288 2.057 0.3314, 2.6253 2.0515 0.2981, 2.6163 2.0459 0.2656, 2.6019 2.0404 0.2353, 2.5831 2.0353 0.2086, 2.5608 2.0305 0.1859, 2.5344 2.0255 0.1666, 2.5045 2.02 0.1517, 2.4722 2.0144 0.1421, 2.4389 2.0089 0.138, 2.406 2.0036 0.1396, 2.3748 1.9989 0.1464, 2.3447 1.9939 0.1583, 2.3163 1.9885 0.1756, 2.2908 1.9829 0.1977, 2.2695 1.9773 0.2237, 2.2532 1.972 0.2526, 2.2422 1.9672 0.2828, 2.2363 1.9623 0.3143, 2.2357 1.957 0.3474, 2.2407 1.9515 0.3807, 2.2514 1.9459 0.4126, 2.2672 1.9404 0.442, 2.287 1.9355 0.4676, 2.3104 1.9307 0.4893, 2.3379 1.9255 0.5074, 2.3686 1.92 0.5209, 2.4013 1.9144 0.529, 2.4347 1.9089 0.5314, 2.4672 1.9038 0.5282, 2.498 1.8991 0.52, 2.5277 1.894 0.5066, 2.5554 1.8885 0.4879, 2.5798 1.8829 0.4645, 2.5997 1.8774 0.4375, 2.6145 1.8721 0.4082, 2.624 1.8674 0.3777, 2.6285 1.8624 0.3456, 2.6275 1.857 0.3123, 2.6208 1.8514 0.2793, 2.2746 1.1596 0.4502, 2.2575 1.1649 0.4221, 2.2451 1.1705 0.3911, 2.2382 1.1761 0.3584, 2.237 1.1815 0.3254, 2.2411 1.1864 0.2935, 2.2503 1.1912 0.2632, 2.2648 1.1964 0.2339, 2.2843 1.2019 0.2069, 2.3083 1.2076 0.1836, 2.3357 1.213 0.1648, 2.3651 1.2181 0.1512, 2.3955 1.2228 0.1428, 2.4278 1.2279 0.1394, 2.4609 1.2334 0.1415, 2.4935 1.239 0.1493, 2.5241 1.2446 0.1624, 2.5515 1.2497 0.1802, 2.5749 1.2545 0.2015, 2.5948 1.2595 0.2268, 2.6107 1.2649 0.2558, 2.6215 1.2705 0.2874, 2.6268 1.2761 0.3204, 2.6264 1.2814 0.3532, 2.6208 1.2862 0.3845, 2.6102 1.291 0.4146, 2.5942 1.2964 0.4434, 2.5733 1.302 0.4695, 2.5482 1.3076 0.4916, 2.5201 1.3129 0.5089, 2.4904 1.3179 0.521, 2.4595 1.3226 0.528, 2.4268 1.3279 0.5298, 2.3937 1.3334 0.5261, 2.3616 1.3391 0.5168, 2.3318 1.3445 0.5022, 2.3055 1.3496 0.4834, 2.2832 1.3543 0.461, 2.2643 1.3594 0.4346, 2.2498 1.3649 0.4047, 2.2405 1.3705 0.3725, 2.2368 1.376 0.3395, 2.2387 1.3812 0.3069, 2.2457 1.3859 0.2761, 2.2579 1.391 0.2462, 2.2754 1.3964 0.2181, 2.2976 1.402 0.1931, 2.3236 1.4076 0.1722, 2.3523 1.4128 0.1564, 2.3823 1.4176 0.1458, 2.4138 1.4225 0.1402, 2.4467 1.4279 0.1399, 2.4797 1.4335 0.1453, 2.5113 1.4391 0.1562, 2.5402 1.4444 0.1721, 2.5653 1.4493 0.1919, 2.5867 1.4541 0.2154, 2.6044 1.4594 0.2429, 2.6175 1.4649 0.2736, 2.6252 1.4705 0.3062, 2.6273 1.476 0.3392, 2.6238 1.481 0.3714, 2.6154 1.4857 0.4018, 2.6017 1.4909 0.4313, 2.5828 1.4964 0.4587, 2.5594 1.502 0.4827, 2.5325 1.5075 0.5021, 2.5033 1.5127 0.5165, 2.473 1.5174 0.5256, 2.441 1.5224 0.5297, 2.4079 1.5279 0.5284, 2.3751 1.5335 0.5214, 2.3442 1.5391 0.509, 2.3163 1.5443 0.4919, 2.2923 1.5491 0.4711, 2.2719 1.554 0.4464, 2.2554 1.5594 0.4179, 2.2438 1.565 0.3865, 2.2377 1.5706 0.3536, 2.2373 1.5759 0.3207, 2.2421 1.5808 0.2891, 2.2521 1.5856 0.2589, 2.2673 1.5909 0.2299, 2.2875 1.5964 0.2033, 2.3121 1.602 0.1806, 2.3398 1.6075 0.1625, 2.3694 1.6125 0.1497, 2.4 1.6172 0.142, 2.4325 1.6224 0.1394, 2.4657 1.6279 0.1423, 2.498 1.6335 0.1509, 2.5282 1.639 0.1647, 2.5551 1.6442 0.183, 2.5779 1.6489 0.2048, 2.5973 1.6539 0.2307, 2.6125 1.6594 0.2602, 2.6226 1.665 0.2921, 2.6271 1.6705 0.3251, 2.6259 1.6758 0.3578, 2.6196 1.6805 0.3889, 2.6082 1.6855 0.4189, 2.5915 1.6909 0.4473, 2.5699 1.6965 0.4729, 2.5444 1.7021 0.4944, 2.516 1.7074 0.511, 2.4861 1.7123 0.5223, 2.4549 1.7171 0.5286, 2.4221 1.7224 0.5297, 2.389 1.7279 0.5251, 2.3571 1.7335 0.515, 2.3278 1.739 0.4998, 2.3021 1.744 0.4804, 2.2802 1.7487 0.4575, 2.2619 1.7539 0.4305, 2.2481 1.7594 0.4002, 2.2396 1.765 0.3678, 2.2368 1.7705 0.3347, 2.2394 1.7756 0.3024, 2.2472 1.7803 0.2718, 2.2601 1.7854 0.2421, 2.2783 1.7909 0.2143, 2.3011 1.7965 0.1898, 2.3276 1.802 0.1697, 2.3566 1.8073 0.1546, 2.3867 1.812 0.1447, 2.4184 1.817 0.1398, 2.4515 1.8224 0.1403, 2.4843 1.828 0.1465, 2.32 2.5278 0.4946, 2.3484 2.5225 0.5111, 2.3797 2.5169 0.5228, 2.4126 2.5113 0.5289, 2.4456 2.5059 0.5294, 2.4774 2.501 0.5246, 2.5075 2.4962 0.5147, 2.5365 2.491 0.4996, 2.563 2.4855 0.4795, 2.5858 2.4799 0.455, 2.604 2.4744 0.4272, 2.6169 2.4693 0.3975, 2.6246 2.4646 0.3669, 2.6273 2.4595 0.3346, 2.6245 2.454 0.3015, 2.616 2.4484 0.2691, 2.6022 2.4429 0.2388, 2.5838 2.4377 0.2118, 2.562 2.4329 0.1889, 2.5363 2.4279 0.1695, 2.5069 2.4225 0.1543, 2.475 2.4169 0.1442, 2.442 2.4113 0.1396, 2.4092 2.406 0.1407, 2.378 2.4012 0.147, 2.3481 2.3964 0.1583, 2.3197 2.391 0.1749, 2.2941 2.3854 0.1964, 2.2726 2.3798 0.222, 2.2559 2.3745 0.2504, 2.2444 2.3695 0.2804, 2.2381 2.3648 0.3115, 2.237 2.3595 0.3442, 2.2415 2.354 0.3772, 2.2515 2.3484 0.4091, 2.2667 2.3429 0.4386, 2.2862 2.3378 0.4645, 2.309 2.3331 0.4863, 2.3358 2.328 0.5046, 2.366 2.3225 0.5184, 2.3984 2.3169 0.527, 2.4316 2.3114 0.5299, 2.464 2.3062 0.5273, 2.4947 2.3015 0.5196, 2.5243 2.2964 0.5068, 2.552 2.291 0.4887, 2.5766 2.2854 0.466, 2.5968 2.2798 0.4394, 2.612 2.2746 0.4104, 2.6219 2.2698 0.3802, 2.6268 2.2649 0.3486, 2.6264 2.2595 0.3157, 2.6203 2.2539 0.2828, 2.6087 2.2483 0.2514, 2.5922 2.243 0.2229, 2.5717 2.2381 0.1982, 2.5478 2.2333 0.1774, 2.5199 2.228 0.1603, 2.4889 2.2225 0.1479, 2.4562 2.2169 0.1409, 2.4231 2.2114 0.1396, 2.3911 2.2064 0.1437, 2.3608 2.2017 0.1528, 2.3316 2.1965 0.1672, 2.3047 2.191 0.1866, 2.2812 2.1854 0.2106, 2.2624 2.1799 0.238, 2.2487 2.1747 0.2675, 2.2402 2.17 0.2979, 2.2368 2.165 0.33, 2.2388 2.1595 0.3631, 2.2465 2.1539 0.3957, 2.2596 2.1484 0.4263, 2.2774 2.1431 0.4539, 2.2987 2.1383 0.4773, 2.3239 2.1334 0.4972, 2.3528 2.128 0.5131, 2.3844 2.1224 0.524, 2.4173 2.1168 0.5294, 2.4503 2.1115 0.5291, 2.4818 2.1066 0.5235, 2.5117 2.1018 0.5129, 2.5404 2.0965 0.4971, 2.5665 2.091 0.4762, 2.5887 2.0854 0.4512, 2.6061 2.0799 0.4231, 2.6183 2.0749 0.3932, 2.6253 2.0702 0.3624, 2.6272 2.065 0.3298, 2.6236 2.0595 0.2968, 2.6143 2.0539 0.2646, 2.5998 2.0484 0.2347, 2.5809 2.0433 0.2083, 2.5586 2.0385 0.1859, 2.5323 2.0335 0.1671, 2.5025 2.028 0.1525, 2.4704 2.0224 0.1432, 2.4372 2.0169 0.1394, 2.4046 2.0116 0.1413, 2.3737 2.0069 0.1483, 2.3439 2.0019 0.1604, 2.3158 1.9965 0.1777, 2.2908 1.9909 0.1998, 2.2699 1.9854 0.2259, 2.2539 1.98 0.2546, 2.2432 1.9752 0.2848, 2.2376 1.9703 0.3161, 2.2373 1.965 0.3489, 2.2426 1.9595 0.3819, 2.2534 1.9539 0.4135, 2.2693 1.9484 0.4425, 2.2892 1.9435 0.4678, 2.3126 1.9387 0.4891, 2.34 1.9335 0.5069, 2.3706 1.928 0.52, 2.4031 1.9224 0.5278, 2.4363 1.9169 0.5299, 2.4685 1.9118 0.5265, 2.499 1.9071 0.5181, 2.5284 1.902 0.5045, 2.5557 1.8965 0.4857, 2.5797 1.8909 0.4624, 2.5993 1.8854 0.4354, 2.6138 1.8802 0.4061, 2.6229 1.8754 0.3758, 2.6271 1.8704 0.3439, 2.6259 1.865 0.3109, 2.619 1.8594 0.2782, 2.2781 1.1673 0.4495, 2.2611 1.1726 0.4221, 2.2487 1.1782 0.3917, 2.2416 1.1838 0.3595, 2.2402 1.1892 0.3271, 2.244 1.1941 0.2957, 2.2528 1.1989 0.2658, 2.2667 1.2041 0.2369, 2.2858 1.2096 0.2102, 2.3092 1.2153 0.1871, 2.3359 1.2207 0.1684, 2.3647 1.2258 0.1548, 2.3946 1.2305 0.1463, 2.4263 1.2356 0.1427, 2.4589 1.2411 0.1445, 2.491 1.2467 0.1519, 2.5212 1.2523 0.1646, 2.5482 1.2575 0.1818, 2.5714 1.2622 0.2026, 2.5912 1.2672 0.2273, 2.6071 1.2726 0.2556, 2.618 1.2782 0.2867, 2.6234 1.2838 0.3191, 2.6233 1.2891 0.3513, 2.6181 1.2939 0.3822, 2.6078 1.2988 0.4119, 2.5924 1.3041 0.4403, 2.572 1.3097 0.4661, 2.5475 1.3153 0.488, 2.5201 1.3207 0.5053, 2.4909 1.3256 0.5174, 2.4606 1.3304 0.5245, 2.4285 1.3356 0.5266, 2.3959 1.3411 0.5232, 2.3642 1.3468 0.5143, 2.3348 1.3522 0.5002, 2.3088 1.3573 0.4819, 2.2867 1.362 0.4601, 2.2679 1.3671 0.4343, 2.2534 1.3726 0.405, 2.244 1.3782 0.3734, 2.2401 1.3838 0.3409, 2.2417 1.3889 0.3089, 2.2484 1.3937 0.2786, 2.2601 1.3987 0.2491, 2.277 1.4041 0.2213, 2.2987 1.4097 0.1965, 2.3241 1.4153 0.1758, 2.3522 1.4206 0.16, 2.3816 1.4253 0.1494, 2.4125 1.4302 0.1436, 2.4449 1.4356 0.1431, 2.4774 1.4412 0.1481, 2.5086 1.4468 0.1585, 2.5371 1.4521 0.1739, 2.562 1.4571 0.1933, 2.5832 1.4618 0.2162, 2.6008 1.4671 0.2431, 2.6139 1.4726 0.2731, 2.6218 1.4783 0.3051, 2.624 1.4837 0.3376, 2.6209 1.4887 0.3692, 2.6129 1.4935 0.3992, 2.5996 1.4986 0.4284, 2.5813 1.5041 0.4554, 2.5585 1.5097 0.4792, 2.5321 1.5152 0.4985, 2.5035 1.5204 0.5129, 2.4738 1.5251 0.5221, 2.4424 1.5302 0.5264, 2.4098 1.5356 0.5254, 2.3776 1.5412 0.5188, 2.347 1.5468 0.5068, 2.3195 1.552 0.4902, 2.2957 1.5568 0.4699, 2.2755 1.5617 0.4458, 2.259 1.5671 0.4179, 2.2473 1.5727 0.3872, 2.2411 1.5783 0.3549, 2.2404 1.5836 0.3225, 2.2449 1.5885 0.2914, 2.2544 1.5933 0.2616, 2.2692 1.5986 0.2329, 2.2889 1.6041 0.2067, 2.3128 1.6098 0.1841, 2.3399 1.6152 0.1661, 2.3689 1.6202 0.1533, 2.399 1.6249 0.1455, 2.4309 1.6301 0.1426, 2.4635 1.6356 0.1452, 2.4955 1.6412 0.1534, 2.5253 1.6467 0.1668, 2.5518 1.6519 0.1845, 2.5744 1.6566 0.2058, 2.5938 1.6616 0.2311, 2.6089 1.6671 0.2599, 2.6191 1.6727 0.2913, 2.6237 1.6783 0.3237, 2.6229 1.6835 0.3559, 2.6169 1.6883 0.3865, 2.606 1.6932 0.416, 2.5898 1.6986 0.4442, 2.5688 1.7042 0.4695, 2.5438 1.7098 0.4908, 2.516 1.7151 0.5074, 2.4867 1.72 0.5187, 2.4561 1.7248 0.5252, 2.4238 1.7301 0.5265, 2.3913 1.7356 0.5223, 2.3598 1.7413 0.5126, 2.3309 1.7467 0.4979, 2.3054 1.7517 0.479, 2.2838 1.7564 0.4567, 2.2655 1.7616 0.4303, 2.2517 1.7671 0.4006, 2.2431 1.7727 0.3688, 2.24 1.7782 0.3363, 2.2424 1.7833 0.3045, 2.2497 1.788 0.2743, 2.2622 1.7931 0.245, 2.2798 1.7986 0.2175, 2.3021 1.8042 0.1933, 2.328 1.8098 0.1732, 2.3564 1.815 0.1582, 2.3859 1.8197 0.1482, 2.4171 1.8247 0.1432, 2.4496 1.8301 0.1434, 2.482 1.8357 0.1492, 2.3232 2.5356 0.4928, 2.3512 2.5302 0.5089, 2.3821 2.5247 0.5201, 2.4145 2.5191 0.5259, 2.447 2.5137 0.5261, 2.4782 2.5087 0.521, 2.5077 2.5039 0.5111, 2.5361 2.4987 0.4961, 2.562 2.4932 0.476, 2.5842 2.4876 0.4517, 2.6019 2.4821 0.4243, 2.6143 2.477 0.395, 2.6217 2.4723 0.3648, 2.6241 2.4672 0.333, 2.621 2.4617 0.3005, 2.6124 2.4561 0.2687, 2.5986 2.4506 0.239, 2.5803 2.4454 0.2126, 2.5587 2.4406 0.1903, 2.5332 2.4356 0.1714, 2.5042 2.4302 0.1567, 2.4728 2.4246 0.147, 2.4402 2.4191 0.1428, 2.408 2.4138 0.1441, 2.3774 2.4089 0.1506, 2.3481 2.4041 0.1619, 2.3203 2.3987 0.1785, 2.2953 2.3932 0.1998, 2.2743 2.3876 0.2251, 2.2581 2.3822 0.2532, 2.2471 2.3772 0.2828, 2.2412 2.3725 0.3134, 2.2403 2.3672 0.3456, 2.245 2.3617 0.378, 2.2551 2.3561 0.4093, 2.2703 2.3506 0.4382, 2.2896 2.3456 0.4635, 2.3123 2.3408 0.4847, 2.3388 2.3357 0.5025, 2.3686 2.3302 0.5159, 2.4005 2.3246 0.5241, 2.4331 2.3191 0.5267, 2.465 2.3139 0.5238, 2.4951 2.3092 0.516, 2.5241 2.3042 0.5031, 2.5513 2.2987 0.4852, 2.5752 2.2931 0.4626, 2.5949 2.2876 0.4364, 2.6096 2.2823 0.4077, 2.6191 2.2775 0.3779, 2.6237 2.2726 0.3468, 2.623 2.2673 0.3144, 2.6167 2.2617 0.2821, 2.6051 2.2561 0.2514, 2.5886 2.2507 0.2235, 2.5683 2.2458 0.1994, 2.5446 2.241 0.1791, 2.517 2.2357 0.1625, 2.4865 2.2302 0.1505, 2.4542 2.2246 0.1439, 2.4217 2.2191 0.1429, 2.3902 2.2141 0.1472, 2.3605 2.2094 0.1564, 2.3319 2.2042 0.1708, 2.3056 2.1987 0.1901, 2.2828 2.1931 0.2139, 2.2644 2.1876 0.2409, 2.2512 2.1824 0.2701, 2.2431 2.1777 0.3001, 2.24 2.1727 0.3317, 2.2423 2.1672 0.3642, 2.2501 2.1616 0.3962, 2.2632 2.1561 0.4262, 2.2809 2.1508 0.4531, 2.3021 2.146 0.476, 2.327 2.1411 0.4954, 2.3555 2.1358 0.5108, 2.3867 2.1302 0.5212, 2.4192 2.1246 0.5262, 2.4515 2.1192 0.5257, 2.4825 2.1143 0.5199, 2.5119 2.1095 0.5093, 2.5399 2.1043 0.4935, 2.5654 2.0987 0.4728, 2.587 2.0931 0.448, 2.604 2.0876 0.4202, 2.6157 2.0826 0.3907, 2.6223 2.0779 0.3603, 2.624 2.0727 0.3283, 2.6201 2.0672 0.2959, 2.6107 2.0616 0.2643, 2.5962 2.0561 0.235, 2.5774 2.051 0.2092, 2.5553 2.0463 0.1874, 2.5293 2.0412 0.1691, 2.4999 2.0357 0.155, 2.4682 2.0301 0.1461, 2.4356 2.0246 0.1427, 2.4035 2.0193 0.1448, 2.3731 2.0146 0.1519, 2.344 2.0096 0.164, 2.3165 2.0043 0.1812, 2.292 1.9987 0.2032, 2.2717 1.9931 0.229, 2.2562 1.9877 0.2574, 2.246 1.9829 0.2871, 2.2407 1.9781 0.318, 2.2406 1.9728 0.3502, 2.2461 1.9672 0.3826, 2.257 1.9616 0.4136, 2.2728 1.9562 0.442, 2.2927 1.9512 0.4667, 2.3158 1.9464 0.4875, 2.3429 1.9412 0.5047, 2.3731 1.9357 0.5174, 2.4052 1.9301 0.5248, 2.4378 1.9246 0.5266, 2.4695 1.9195 0.523, 2.4993 1.9148 0.5145, 2.5282 1.9097 0.5009, 2.5549 1.9042 0.4822, 2.5783 1.8986 0.4591, 2.5973 1.8931 0.4324, 2.6113 1.8879 0.4035, 2.6201 1.8831 0.3736, 2.6239 1.8782 0.3422, 2.6224 1.8728 0.3098, 2.6154 1.8672 0.2776, 2.2836 1.1749 0.4475, 2.2668 1.1802 0.421, 2.2545 1.1858 0.3916, 2.2474 1.1914 0.3604, 2.2457 1.1968 0.3289, 2.2491 1.2018 0.2984, 2.2574 1.2065 0.2693, 2.2707 1.2118 0.2412, 2.289 1.2173 0.2151, 2.3115 1.2229 0.1924, 2.3373 1.2284 0.1741, 2.3652 1.2335 0.1606, 2.3941 1.2382 0.1521, 2.4248 1.2433 0.1483, 2.4565 1.2488 0.1498, 2.4877 1.2544 0.1567, 2.5171 1.2599 0.1688, 2.5436 1.2651 0.1852, 2.5662 1.2698 0.2052, 2.5857 1.2748 0.229, 2.6013 1.2802 0.2565, 2.6122 1.2859 0.2865, 2.6177 1.2914 0.3179, 2.6179 1.2967 0.3492, 2.6131 1.3015 0.3792, 2.6034 1.3064 0.4081, 2.5886 1.3117 0.4359, 2.5691 1.3173 0.4611, 2.5455 1.3229 0.4826, 2.519 1.3283 0.4996, 2.4908 1.3333 0.5116, 2.4614 1.338 0.5188, 2.4302 1.3432 0.5211, 2.3985 1.3488 0.5181, 2.3677 1.3544 0.5096, 2.339 1.3599 0.4962, 2.3136 1.3649 0.4787, 2.292 1.3696 0.4577, 2.2735 1.3748 0.4328, 2.2592 1.3803 0.4045, 2.2498 1.3859 0.3739, 2.2457 1.3914 0.3424, 2.2471 1.3966 0.3113, 2.2532 1.4013 0.2818, 2.2644 1.4063 0.253, 2.2806 1.4117 0.2259, 2.3014 1.4174 0.2016, 2.3259 1.4229 0.1813, 2.3531 1.4282 0.1658, 2.3815 1.433 0.1552, 2.4115 1.4379 0.1493, 2.4429 1.4432 0.1485, 2.4745 1.4488 0.1531, 2.5048 1.4544 0.163, 2.5327 1.4598 0.1777, 2.557 1.4647 0.1963, 2.5778 1.4695 0.2183, 2.5951 1.4747 0.2443, 2.6081 1.4803 0.2734, 2.616 1.4859 0.3044, 2.6185 1.4914 0.3359, 2.6157 1.4964 0.3666, 2.6082 1.5011 0.3958, 2.5956 1.5063 0.4242, 2.578 1.5118 0.4507, 2.556 1.5174 0.4739, 2.5306 1.5229 0.4929, 2.503 1.528 0.5071, 2.4742 1.5328 0.5163, 2.4437 1.5378 0.5207, 2.4121 1.5432 0.52, 2.3807 1.5489 0.5139, 2.351 1.5544 0.5025, 2.3241 1.5597 0.4866, 2.3009 1.5644 0.4671, 2.281 1.5694 0.4439, 2.2647 1.5747 0.4169, 2.2531 1.5803 0.3872, 2.2468 1.5859 0.3559, 2.2459 1.5913 0.3245, 2.25 1.5962 0.2942, 2.259 1.601 0.2652, 2.273 1.6062 0.2373, 2.2919 1.6118 0.2116, 2.315 1.6174 0.1895, 2.3412 1.6228 0.1718, 2.3692 1.6279 0.1591, 2.3984 1.6326 0.1513, 2.4293 1.6377 0.1482, 2.461 1.6433 0.1505, 2.4921 1.6489 0.1581, 2.5211 1.6544 0.1709, 2.547 1.6595 0.1879, 2.5692 1.6642 0.2084, 2.5882 1.6693 0.2327, 2.6032 1.6747 0.2606, 2.6133 1.6804 0.2909, 2.6181 1.6859 0.3224, 2.6175 1.6911 0.3536, 2.612 1.6959 0.3834, 2.6016 1.7008 0.4122, 2.5861 1.7062 0.4396, 2.5659 1.7118 0.4644, 2.5419 1.7174 0.4853, 2.515 1.7227 0.5016, 2.4867 1.7276 0.5129, 2.457 1.7324 0.5194, 2.4257 1.7377 0.521, 2.394 1.7433 0.5172, 2.3634 1.7489 0.508, 2.3352 1.7543 0.494, 2.3103 1.7593 0.4759, 2.2891 1.764 0.4544, 2.2712 1.7692 0.4289, 2.2575 1.7748 0.4002, 2.2489 1.7804 0.3694, 2.2456 1.7859 0.3379, 2.2477 1.791 0.307, 2.2545 1.7957 0.2776, 2.2664 1.8008 0.249, 2.2833 1.8062 0.2222, 2.3047 1.8119 0.1985, 2.3297 1.8174 0.1788, 2.3571 1.8226 0.1639, 2.3856 1.8274 0.1541, 2.4159 1.8323 0.1489, 2.4474 1.8377 0.1488, 2.4789 1.8433 0.1542, 2.3277 2.5432 0.4892, 2.3551 2.5379 0.5045, 2.3851 2.5323 0.5151, 2.4166 2.5267 0.5205, 2.4482 2.5213 0.5204, 2.4784 2.5163 0.5152, 2.507 2.5116 0.5054, 2.5344 2.5064 0.4905, 2.5594 2.5008 0.4708, 2.5808 2.4952 0.447, 2.5977 2.4897 0.4202, 2.6095 2.4847 0.3917, 2.6164 2.48 0.3623, 2.6185 2.4748 0.3314, 2.6152 2.4694 0.2999, 2.6066 2.4637 0.2691, 2.5929 2.4582 0.2404, 2.575 2.453 0.2149, 2.5538 2.4483 0.1934, 2.5289 2.4433 0.1753, 2.5006 2.4379 0.1613, 2.47 2.4323 0.1521, 2.4384 2.4267 0.1483, 2.4071 2.4214 0.1499, 2.3774 2.4166 0.1564, 2.3491 2.4117 0.1677, 2.3222 2.4064 0.184, 2.2981 2.4008 0.2049, 2.278 2.3952 0.2296, 2.2625 2.3898 0.2571, 2.2521 2.3849 0.2859, 2.2466 2.3801 0.3157, 2.246 2.3749 0.3469, 2.2508 2.3693 0.3784, 2.2609 2.3637 0.4087, 2.2759 2.3583 0.4365, 2.2949 2.3532 0.4609, 2.317 2.3485 0.4814, 2.3429 2.3434 0.4984, 2.372 2.3379 0.5112, 2.403 2.3322 0.5188, 2.4347 2.3267 0.5211, 2.4657 2.3215 0.518, 2.4948 2.3168 0.5102, 2.5229 2.3118 0.4975, 2.5491 2.3064 0.4798, 2.5721 2.3008 0.4577, 2.591 2.2952 0.432, 2.6051 2.2899 0.4041, 2.614 2.2851 0.3751, 2.6182 2.2802 0.3448, 2.6173 2.2749 0.3134, 2.6109 2.2693 0.2821, 2.5993 2.2637 0.2524, 2.5831 2.2583 0.2254, 2.5632 2.2534 0.2021, 2.54 2.2486 0.1826, 2.5131 2.2434 0.1667, 2.4833 2.2378 0.1554, 2.452 2.2322 0.1493, 2.4204 2.2268 0.1486, 2.3898 2.2217 0.153, 2.3611 2.217 0.1622, 2.3335 2.2119 0.1764, 2.308 2.2064 0.1954, 2.2861 2.2007 0.2186, 2.2685 2.1952 0.2451, 2.2559 2.1901 0.2735, 2.2483 2.1854 0.3027, 2.2456 2.1803 0.3334, 2.2481 2.1749 0.3649, 2.2559 2.1693 0.3959, 2.2689 2.1637 0.425, 2.2863 2.1585 0.451, 2.3071 2.1537 0.473, 2.3314 2.1488 0.4916, 2.3592 2.1434 0.5063, 2.3896 2.1378 0.5162, 2.4212 2.1322 0.5208, 2.4526 2.1269 0.52, 2.4826 2.122 0.5141, 2.511 2.1172 0.5035, 2.5382 2.1119 0.4879, 2.5627 2.1063 0.4676, 2.5835 2.1007 0.4434, 2.5997 2.0953 0.4162, 2.6108 2.0903 0.3875, 2.617 2.0856 0.358, 2.6183 2.0804 0.3269, 2.6143 2.0749 0.2954, 2.6049 2.0692 0.2648, 2.5906 2.0637 0.2365, 2.5721 2.0586 0.2116, 2.5504 2.0539 0.1906, 2.525 2.0488 0.1731, 2.4964 2.0434 0.1596, 2.4655 2.0378 0.1512, 2.4339 2.0322 0.1482, 2.4027 2.027 0.1505, 2.3733 2.0222 0.1577, 2.3451 2.0173 0.1697, 2.3186 2.0119 0.1867, 2.295 2.0063 0.2082, 2.2755 2.0007 0.2334, 2.2607 1.9954 0.2611, 2.251 1.9905 0.2901, 2.2462 1.9857 0.3201, 2.2463 1.9804 0.3514, 2.2519 1.9748 0.3828, 2.2628 1.9692 0.4128, 2.2784 1.9638 0.4403, 2.2978 1.9588 0.4641, 2.3205 1.9541 0.4841, 2.3469 1.9489 0.5005, 2.3763 1.9434 0.5126, 2.4076 1.9377 0.5195, 2.4392 1.9323 0.521, 2.47 1.9271 0.5172, 2.4989 1.9224 0.5087, 2.5268 1.9174 0.4952, 2.5526 1.9119 0.4769, 2.5751 1.9063 0.4542, 2.5933 1.9007 0.4281, 2.6067 1.8955 0.3999, 2.6149 1.8908 0.3709, 2.6184 1.8858 0.3404, 2.6167 1.8804 0.3089, 2.6096 1.8748 0.2777, 2.2899 1.1807 0.4444, 2.2735 1.186 0.419, 2.2614 1.1916 0.3908, 2.2544 1.1972 0.3608, 2.2525 1.2026 0.3305, 2.2556 1.2076 0.3011, 2.2633 1.2123 0.273, 2.276 1.2175 0.2458, 2.2934 1.2231 0.2205, 2.3149 1.2287 0.1985, 2.3396 1.2342 0.1806, 2.3664 1.2393 0.1675, 2.3942 1.244 0.1591, 2.4238 1.2491 0.1552, 2.4543 1.2546 0.1564, 2.4844 1.2602 0.1629, 2.5128 1.2657 0.1742, 2.5384 1.2709 0.1899, 2.5604 1.2756 0.209, 2.5793 1.2806 0.2318, 2.5945 1.286 0.2581, 2.6052 1.2916 0.287, 2.6108 1.2972 0.3172, 2.6112 1.3025 0.3473, 2.6067 1.3073 0.3763, 2.5976 1.3122 0.4042, 2.5836 1.3175 0.431, 2.5649 1.3231 0.4554, 2.5424 1.3287 0.4763, 2.517 1.3341 0.4929, 2.4899 1.339 0.5047, 2.4616 1.3438 0.5118, 2.4316 1.349 0.5142, 2.4011 1.3546 0.5116, 2.3713 1.3602 0.5037, 2.3436 1.3657 0.491, 2.319 1.3707 0.4742, 2.298 1.3754 0.4542, 2.28 1.3806 0.4303, 2.266 1.3861 0.4031, 2.2568 1.3917 0.3738, 2.2527 1.3972 0.3434, 2.2537 1.4024 0.3135, 2.2594 1.4071 0.285, 2.27 1.4121 0.2573, 2.2854 1.4175 0.231, 2.3052 1.4232 0.2075, 2.3287 1.4287 0.1877, 2.3547 1.434 0.1725, 2.3821 1.4388 0.1621, 2.4109 1.4437 0.1563, 2.4412 1.449 0.1553, 2.4716 1.4546 0.1595, 2.5009 1.4602 0.1688, 2.5278 1.4656 0.1827, 2.5514 1.4705 0.2005, 2.5716 1.4753 0.2216, 2.5885 1.4805 0.2465, 2.6012 1.4861 0.2744, 2.609 1.4917 0.3041, 2.6116 1.4971 0.3345, 2.6092 1.5022 0.3641, 2.6021 1.5069 0.3923, 2.5902 1.5121 0.4197, 2.5735 1.5176 0.4453, 2.5525 1.5232 0.4679, 2.5281 1.5287 0.4864, 2.5016 1.5338 0.5002, 2.474 1.5386 0.5093, 2.4446 1.5436 0.5138, 2.4142 1.549 0.5133, 2.3839 1.5547 0.5077, 2.3552 1.5602 0.497, 2.3291 1.5655 0.4818, 2.3066 1.5702 0.4632, 2.2873 1.5752 0.441, 2.2715 1.5805 0.4151, 2.2601 1.5861 0.3865, 2.2538 1.5917 0.3565, 2.2526 1.5971 0.3262, 2.2564 1.602 0.297, 2.2649 1.6067 0.269, 2.2782 1.612 0.242, 2.2962 1.6176 0.2172, 2.3183 1.6232 0.1957, 2.3434 1.6286 0.1785, 2.3703 1.6336 0.166, 2.3983 1.6384 0.1582, 2.4281 1.6435 0.1551, 2.4586 1.6491 0.157, 2.4886 1.6547 0.1642, 2.5167 1.6602 0.1762, 2.5418 1.6653 0.1925, 2.5633 1.67 0.212, 2.5817 1.6751 0.2354, 2.5963 1.6805 0.2621, 2.6063 1.6862 0.2912, 2.6111 1.6917 0.3215, 2.6108 1.6969 0.3516, 2.6057 1.7017 0.3803, 2.5959 1.7066 0.4081, 2.5812 1.712 0.4347, 2.5619 1.7176 0.4587, 2.5389 1.7232 0.479, 2.5132 1.7285 0.4949, 2.486 1.7334 0.506, 2.4574 1.7382 0.5124, 2.4273 1.7435 0.5142, 2.3968 1.7491 0.5107, 2.3672 1.7547 0.5021, 2.3399 1.7601 0.4888, 2.3158 1.7651 0.4716, 2.2952 1.7698 0.451, 2.2778 1.775 0.4266, 2.2644 1.7806 0.3991, 2.2558 1.7862 0.3695, 2.2525 1.7917 0.3391, 2.2542 1.7968 0.3093, 2.2606 1.8015 0.281, 2.2719 1.8066 0.2534, 2.2879 1.812 0.2275, 2.3084 1.8177 0.2044, 2.3323 1.8232 0.1853, 2.3586 1.8284 0.1708, 2.3861 1.8332 0.161, 2.4152 1.8381 0.1558, 2.4455 1.8435 0.1556, 2.4759 1.8491 0.1605, 2.3326 2.549 0.4842, 2.3591 2.5437 0.4988, 2.3882 2.5381 0.5088, 2.4185 2.5325 0.5137, 2.4489 2.5271 0.5134, 2.478 2.5221 0.5083, 2.5055 2.5174 0.4985, 2.5318 2.5122 0.484, 2.5557 2.5066 0.4649, 2.5761 2.501 0.4418, 2.5922 2.4955 0.4159, 2.6034 2.4905 0.3883, 2.6098 2.4857 0.36, 2.6116 2.4806 0.3302, 2.6082 2.4752 0.2998, 2.5997 2.4695 0.2702, 2.5863 2.464 0.2427, 2.5688 2.4588 0.2183, 2.5483 2.4541 0.1977, 2.5242 2.4491 0.1805, 2.4969 2.4437 0.1672, 2.4673 2.4381 0.1585, 2.4368 2.4325 0.1551, 2.4067 2.4272 0.1569, 2.3781 2.4224 0.1633, 2.3509 2.4175 0.1744, 2.3252 2.4122 0.1903, 2.3021 2.4066 0.2106, 2.2829 2.401 0.2346, 2.2682 2.3956 0.2612, 2.2583 2.3907 0.289, 2.2532 2.3859 0.3177, 2.2529 2.3807 0.3478, 2.2578 2.3751 0.3781, 2.2677 2.3695 0.4072, 2.2824 2.3641 0.4339, 2.3008 2.359 0.4573, 2.3223 2.3543 0.4768, 2.3474 2.3492 0.4931, 2.3755 2.3437 0.5051, 2.4054 2.338 0.5123, 2.436 2.3325 0.5142, 2.4658 2.3273 0.511, 2.4938 2.3226 0.5033, 2.5207 2.3176 0.4908, 2.5458 2.3122 0.4736, 2.5679 2.3066 0.4521, 2.5859 2.301 0.4273, 2.5992 2.2957 0.4003, 2.6076 2.2909 0.3723, 2.6114 2.286 0.3431, 2.6103 2.2807 0.3128, 2.604 2.2751 0.2827, 2.5926 2.2695 0.2542, 2.5768 2.2641 0.2283, 2.5574 2.2592 0.2061, 2.5349 2.2544 0.1875, 2.5089 2.2492 0.1723, 2.4802 2.2436 0.1616, 2.4499 2.238 0.1559, 2.4195 2.2326 0.1555, 2.3901 2.2275 0.16, 2.3625 2.2228 0.1691, 2.3359 2.2177 0.1829, 2.3116 2.2122 0.2014, 2.2906 2.2065 0.224, 2.2739 2.201 0.2496, 2.2619 2.1959 0.277, 2.2549 2.1912 0.3052, 2.2524 2.1861 0.3348, 2.255 2.1807 0.3651, 2.2629 2.1751 0.3949, 2.2756 2.1695 0.4228, 2.2925 2.1643 0.4477, 2.3127 2.1595 0.4688, 2.3362 2.1546 0.4866, 2.3631 2.1492 0.5005, 2.3925 2.1436 0.5098, 2.4229 2.138 0.514, 2.4532 2.1327 0.513, 2.482 2.1278 0.5071, 2.5093 2.123 0.4968, 2.5354 2.1177 0.4815, 2.5589 2.1121 0.4618, 2.5787 2.1065 0.4383, 2.5941 2.1011 0.412, 2.6046 2.0961 0.3843, 2.6104 2.0913 0.3558, 2.6114 2.0862 0.3258, 2.6073 2.0807 0.2955, 2.5981 2.075 0.2661, 2.584 2.0695 0.239, 2.5661 2.0644 0.2151, 2.545 2.0597 0.1951, 2.5205 2.0546 0.1783, 2.4927 2.0492 0.1656, 2.463 2.0436 0.1577, 2.4324 2.038 0.1551, 2.4025 2.0328 0.1575, 2.3742 2.028 0.1646, 2.3471 2.0231 0.1764, 2.3217 2.0177 0.193, 2.2991 2.0121 0.2139, 2.2805 2.0065 0.2383, 2.2665 2.0012 0.2651, 2.2573 1.9963 0.293, 2.2529 1.9915 0.3219, 2.2533 1.9862 0.3521, 2.2589 1.9806 0.3823, 2.2696 1.975 0.4112, 2.2848 1.9696 0.4375, 2.3037 1.9646 0.4603, 2.3257 1.9599 0.4794, 2.3513 1.9547 0.495, 2.3797 1.9492 0.5064, 2.4098 1.9435 0.5129, 2.4403 1.9381 0.5141, 2.4699 1.9329 0.5102, 2.4977 1.9282 0.5018, 2.5244 1.9231 0.4886, 2.5492 1.9177 0.4708, 2.5707 1.9121 0.4488, 2.5881 1.9065 0.4235, 2.6007 1.9013 0.3963, 2.6085 1.8966 0.3682, 2.6116 1.8916 0.3388, 2.6097 1.8862 0.3085, 2.6026 1.8806 0.2785, 2.2971 1.1849 0.4402, 2.2813 1.1902 0.4161, 2.2696 1.1958 0.3892, 2.2627 1.2014 0.3607, 2.2607 1.2068 0.3318, 2.2635 1.2118 0.3037, 2.2707 1.2165 0.2769, 2.2826 1.2217 0.2508, 2.299 1.2273 0.2267, 2.3194 1.2329 0.2055, 2.3429 1.2384 0.1883, 2.3683 1.2434 0.1756, 2.3948 1.2481 0.1674, 2.423 1.2533 0.1636, 2.4521 1.2587 0.1645, 2.4809 1.2644 0.1704, 2.5081 1.2699 0.1811, 2.5326 1.2751 0.1959, 2.5537 1.2798 0.214, 2.5718 1.2848 0.2356, 2.5865 1.2902 0.2606, 2.5969 1.2958 0.2881, 2.6024 1.3014 0.3168, 2.603 1.3067 0.3456, 2.5989 1.3115 0.3733, 2.5904 1.3164 0.4, 2.5772 1.3217 0.4256, 2.5596 1.3273 0.449, 2.5382 1.3329 0.4691, 2.514 1.3383 0.4851, 2.4883 1.3432 0.4965, 2.4614 1.348 0.5034, 2.4328 1.3532 0.506, 2.4036 1.3588 0.5036, 2.3752 1.3644 0.4963, 2.3487 1.3698 0.4843, 2.3251 1.3749 0.4685, 2.3049 1.3796 0.4495, 2.2876 1.3847 0.4268, 2.2741 1.3902 0.401, 2.2651 1.3959 0.3731, 2.261 1.4014 0.3442, 2.2618 1.4066 0.3156, 2.2671 1.4113 0.2884, 2.277 1.4163 0.2618, 2.2915 1.4217 0.2367, 2.3103 1.4273 0.2141, 2.3326 1.4329 0.1952, 2.3573 1.4382 0.1805, 2.3833 1.443 0.1704, 2.4108 1.4479 0.1646, 2.4396 1.4532 0.1635, 2.4687 1.4588 0.1673, 2.4967 1.4644 0.176, 2.5225 1.4698 0.1891, 2.5451 1.4747 0.2059, 2.5644 1.4795 0.2259, 2.5807 1.4847 0.2495, 2.593 1.4903 0.2761, 2.6007 1.4959 0.3044, 2.6034 1.5013 0.3334, 2.6012 1.5064 0.3616, 2.5946 1.5111 0.3886, 2.5834 1.5162 0.4148, 2.5676 1.5217 0.4393, 2.5478 1.5274 0.461, 2.5247 1.5329 0.4788, 2.4994 1.538 0.4922, 2.4731 1.5427 0.501, 2.4452 1.5478 0.5055, 2.4161 1.5532 0.5052, 2.3872 1.5588 0.5, 2.3597 1.5644 0.49, 2.3348 1.5696 0.4757, 2.3132 1.5744 0.4581, 2.2946 1.5793 0.437, 2.2794 1.5847 0.4124, 2.2684 1.5903 0.3852, 2.2621 1.5959 0.3566, 2.2609 1.6012 0.3277, 2.2643 1.6061 0.2999, 2.2721 1.6109 0.2731, 2.2847 1.6162 0.2472, 2.3017 1.6218 0.2234, 2.3226 1.6274 0.2028, 2.3465 1.6328 0.1862, 2.3721 1.6378 0.1742, 2.3987 1.6425 0.1666, 2.4272 1.6477 0.1634, 2.4563 1.6532 0.165, 2.4849 1.6589 0.1717, 2.5118 1.6644 0.183, 2.5358 1.6695 0.1983, 2.5564 1.6742 0.2168, 2.5742 1.6793 0.239, 2.5883 1.6847 0.2644, 2.598 1.6903 0.2921, 2.6028 1.6959 0.321, 2.6027 1.7011 0.3497, 2.598 1.7059 0.3771, 2.5888 1.7108 0.4037, 2.5749 1.7162 0.4291, 2.5567 1.7218 0.4521, 2.5349 1.7274 0.4717, 2.5104 1.7327 0.487, 2.4845 1.7376 0.4977, 2.4573 1.7424 0.5041, 2.4286 1.7477 0.5059, 2.3995 1.7533 0.5028, 2.3713 1.7589 0.4948, 2.3451 1.7643 0.4823, 2.322 1.7693 0.466, 2.3023 1.774 0.4465, 2.2854 1.7792 0.4233, 2.2725 1.7847 0.3971, 2.2642 1.7904 0.369, 2.2608 1.7958 0.34, 2.2623 1.801 0.3116, 2.2682 1.8057 0.2845, 2.2787 1.8107 0.2581, 2.2939 1.8162 0.2333, 2.3133 1.8218 0.2112, 2.336 1.8274 0.1928, 2.3609 1.8326 0.1788, 2.3871 1.8373 0.1693, 2.4148 1.8423 0.1642, 2.4438 1.8477 0.1637, 2.4728 1.8533 0.1682, 2.3382 2.5532 0.478, 2.3635 2.5479 0.4917, 2.3913 2.5423 0.501, 2.4203 2.5367 0.5056, 2.4493 2.5313 0.5051, 2.477 2.5263 0.5, 2.5031 2.5216 0.4905, 2.5281 2.5164 0.4765, 2.5508 2.5108 0.4581, 2.5702 2.5052 0.436, 2.5853 2.4997 0.4112, 2.5959 2.4946 0.3848, 2.6018 2.4899 0.3577, 2.6033 2.4848 0.3293, 2.5999 2.4793 0.3003, 2.5916 2.4737 0.2722, 2.5786 2.4682 0.246, 2.5618 2.463 0.2228, 2.542 2.4583 0.2033, 2.519 2.4533 0.187, 2.4928 2.4479 0.1745, 2.4646 2.4422 0.1664, 2.4355 2.4367 0.1634, 2.4067 2.4314 0.1652, 2.3795 2.4266 0.1716, 2.3536 2.4217 0.1823, 2.3292 2.4164 0.1976, 2.3073 2.4108 0.2172, 2.2891 2.4052 0.2402, 2.2753 2.3998 0.2656, 2.2661 2.3949 0.2922, 2.2614 2.3901 0.3196, 2.2613 2.3849 0.3483, 2.2661 2.3793 0.3771, 2.2758 2.3737 0.4049, 2.2899 2.3682 0.4303, 2.3076 2.3632 0.4524, 2.3283 2.3585 0.471, 2.3523 2.3533 0.4863, 2.3792 2.3478 0.4976, 2.4078 2.3422 0.5042, 2.4369 2.3367 0.5059, 2.4653 2.3315 0.5027, 2.492 2.3268 0.4951, 2.5176 2.3218 0.4831, 2.5414 2.3164 0.4665, 2.5623 2.3107 0.4459, 2.5794 2.3052 0.4221, 2.5919 2.2999 0.3962, 2.5998 2.2951 0.3694, 2.6032 2.2902 0.3416, 2.6019 2.2849 0.3127, 2.5957 2.2793 0.2841, 2.5847 2.2737 0.2569, 2.5694 2.2683 0.2323, 2.5508 2.2634 0.2112, 2.5293 2.2586 0.1936, 2.5043 2.2534 0.1793, 2.4769 2.2478 0.1693, 2.448 2.2422 0.1641, 2.4189 2.2368 0.1638, 2.3909 2.2317 0.1683, 2.3646 2.227 0.1771, 2.3394 2.2218 0.1905, 2.3163 2.2163 0.2083, 2.2964 2.2107 0.2299, 2.2806 2.2052 0.2545, 2.2694 2.2001 0.2807, 2.2629 2.1953 0.3077, 2.2607 2.1903 0.3359, 2.2634 2.1849 0.3648, 2.271 2.1792 0.3932, 2.2833 2.1737 0.4197, 2.2997 2.1684 0.4434, 2.319 2.1637 0.4634, 2.3416 2.1587 0.4802, 2.3674 2.1534 0.4933, 2.3954 2.1478 0.502, 2.4244 2.1422 0.5058, 2.4533 2.1368 0.5046, 2.4808 2.1319 0.4989, 2.5068 2.1271 0.4888, 2.5315 2.1219 0.4741, 2.5538 2.1163 0.4552, 2.5726 2.1107 0.4326, 2.5871 2.1053 0.4074, 2.597 2.1003 0.3809, 2.6023 2.0955 0.3537, 2.6031 2.0904 0.3251, 2.599 2.0848 0.2962, 2.59 2.0792 0.2683, 2.5764 2.0737 0.2425, 2.5592 2.0686 0.2198, 2.539 2.0639 0.2008, 2.5154 2.0588 0.185, 2.4889 2.0534 0.173, 2.4604 2.0477 0.1657, 2.4313 2.0422 0.1633, 2.4027 2.037 0.1659, 2.3758 2.0322 0.1728, 2.35 2.0273 0.1842, 2.3259 2.0219 0.2002, 2.3045 2.0163 0.2203, 2.2869 2.0107 0.2437, 2.2737 2.0054 0.2693, 2.2651 2.0005 0.296, 2.2611 1.9957 0.3237, 2.2616 1.9904 0.3524, 2.2672 1.9848 0.3812, 2.2775 1.9792 0.4087, 2.2922 1.9738 0.4337, 2.3104 1.9688 0.4553, 2.3315 1.9641 0.4734, 2.356 1.9589 0.4882, 2.3832 1.9533 0.4989, 2.4119 1.9477 0.5048, 2.441 1.9422 0.5057, 2.4693 1.9371 0.5019, 2.4957 1.9324 0.4937, 2.5211 1.9273 0.481, 2.5446 1.9219 0.4638, 2.565 1.9162 0.4426, 2.5815 1.9107 0.4185, 2.5933 1.9055 0.3924, 2.6005 1.9007 0.3656, 2.6033 1.8958 0.3375, 2.6014 1.8904 0.3086, 2.5944 1.8848 0.2801, 2.305 1.1871 0.4351, 2.2899 1.1924 0.4124, 2.2787 1.198 0.3871, 2.272 1.2036 0.3601, 2.27 1.209 0.3328, 2.2725 1.2139 0.3062, 2.2792 1.2187 0.2808, 2.2903 1.2239 0.2561, 2.3057 1.2294 0.2332, 2.3249 1.2351 0.2131, 2.3471 1.2405 0.1967, 2.371 1.2456 0.1846, 2.396 1.2503 0.1767, 2.4227 1.2554 0.1729, 2.4502 1.2609 0.1737, 2.4775 1.2665 0.1791, 2.5032 1.2721 0.1891, 2.5264 1.2773 0.203, 2.5465 1.282 0.22, 2.5638 1.287 0.2403, 2.5778 1.2924 0.2639, 2.5877 1.298 0.2898, 2.5931 1.3036 0.317, 2.5938 1.3089 0.3442, 2.5901 1.3137 0.3704, 2.5821 1.3186 0.3956, 2.5698 1.3239 0.42, 2.5532 1.3295 0.4422, 2.5331 1.3351 0.4613, 2.5103 1.3405 0.4765, 2.486 1.3454 0.4874, 2.4606 1.3502 0.4941, 2.4336 1.3554 0.4966, 2.406 1.3609 0.4945, 2.3791 1.3666 0.4877, 2.3539 1.372 0.4766, 2.3316 1.3771 0.4617, 2.3124 1.3818 0.4439, 2.2959 1.3869 0.4225, 2.283 1.3924 0.3982, 2.2743 1.398 0.3718, 2.2703 1.4036 0.3445, 2.2709 1.4087 0.3175, 2.2758 1.4134 0.2917, 2.285 1.4185 0.2665, 2.2986 1.4239 0.2427, 2.3163 1.4295 0.2213, 2.3373 1.4351 0.2032, 2.3606 1.4403 0.1892, 2.3851 1.4451 0.1796, 2.4111 1.45 0.174, 2.4384 1.4554 0.1728, 2.4659 1.461 0.1762, 2.4924 1.4666 0.1843, 2.5169 1.4719 0.1966, 2.5383 1.4769 0.2123, 2.5567 1.4816 0.2312, 2.5722 1.4869 0.2535, 2.584 1.4924 0.2785, 2.5914 1.4981 0.3053, 2.594 1.5035 0.3326, 2.5921 1.5085 0.3594, 2.5861 1.5133 0.3849, 2.5756 1.5184 0.4097, 2.5608 1.5239 0.433, 2.5421 1.5295 0.4536, 2.5203 1.535 0.4705, 2.4965 1.5402 0.4833, 2.4717 1.5449 0.4917, 2.4453 1.5499 0.4961, 2.4178 1.5554 0.496, 2.3904 1.561 0.4912, 2.3644 1.5666 0.4819, 2.3408 1.5718 0.4685, 2.3203 1.5766 0.4519, 2.3026 1.5815 0.4321, 2.2881 1.5869 0.4089, 2.2775 1.5925 0.3833, 2.2715 1.5981 0.3562, 2.2701 1.6034 0.3289, 2.2732 1.6083 0.3026, 2.2805 1.6131 0.2772, 2.2923 1.6184 0.2527, 2.3083 1.6239 0.2301, 2.3279 1.6296 0.2105, 2.3504 1.635 0.1947, 2.3745 1.64 0.1832, 2.3997 1.6447 0.1759, 2.4266 1.6499 0.1727, 2.4542 1.6554 0.1742, 2.4813 1.661 0.1803, 2.5067 1.6665 0.1909, 2.5295 1.6717 0.2052, 2.5491 1.6764 0.2227, 2.566 1.6814 0.2435, 2.5795 1.6869 0.2675, 2.5888 1.6925 0.2937, 2.5935 1.6981 0.3209, 2.5935 1.7033 0.348, 2.5892 1.708 0.374, 2.5806 1.713 0.3992, 2.5676 1.7184 0.4233, 2.5505 1.724 0.4451, 2.5299 1.7296 0.4637, 2.5069 1.7349 0.4783, 2.4825 1.7398 0.4886, 2.4568 1.7446 0.4948, 2.4296 1.7499 0.4966, 2.4021 1.7554 0.4939, 2.3753 1.7611 0.4864, 2.3505 1.7665 0.4747, 2.3286 1.7715 0.4594, 2.3098 1.7762 0.441, 2.2938 1.7814 0.4192, 2.2815 1.7869 0.3945, 2.2735 1.7925 0.3679, 2.2701 1.798 0.3406, 2.2714 1.8031 0.3137, 2.2769 1.8078 0.288, 2.2867 1.8129 0.263, 2.3009 1.8184 0.2395, 2.3191 1.824 0.2185, 2.3405 1.8295 0.201, 2.3641 1.8348 0.1876, 2.3887 1.8395 0.1785, 2.4149 1.8445 0.1735, 2.4423 1.8499 0.173, 2.4698 1.8555 0.1771, 2.344 2.5553 0.4706, 2.368 2.55 0.4835, 2.3943 2.5445 0.4922, 2.4217 2.5388 0.4963, 2.4491 2.5335 0.4957, 2.4753 2.5285 0.4908, 2.5 2.5237 0.4817, 2.5236 2.5185 0.4683, 2.545 2.513 0.4508, 2.5631 2.5074 0.4298, 2.5774 2.5019 0.4063, 2.5872 2.4968 0.3812, 2.5927 2.4921 0.3556, 2.5939 2.487 0.3287, 2.5906 2.4815 0.3014, 2.5826 2.4759 0.2748, 2.5702 2.4704 0.2501, 2.5542 2.4652 0.2283, 2.5354 2.4604 0.2099, 2.5135 2.4554 0.1946, 2.4887 2.45 0.1829, 2.462 2.4444 0.1754, 2.4344 2.4388 0.1727, 2.4073 2.4336 0.1745, 2.3816 2.4287 0.1807, 2.3572 2.4239 0.191, 2.3341 2.4185 0.2056, 2.3136 2.413 0.2242, 2.2964 2.4074 0.246, 2.2834 2.402 0.2701, 2.2749 2.397 0.2953, 2.2706 2.3923 0.3212, 2.2706 2.387 0.3484, 2.2753 2.3815 0.3756, 2.2846 2.3759 0.4018, 2.2981 2.3704 0.4258, 2.315 2.3653 0.4466, 2.3346 2.3606 0.4641, 2.3574 2.3555 0.4784, 2.3828 2.35 0.489, 2.4099 2.3444 0.4951, 2.4375 2.3389 0.4966, 2.4643 2.3337 0.4934, 2.4895 2.329 0.4861, 2.5137 2.324 0.4746, 2.5361 2.3185 0.4588, 2.5558 2.3129 0.4392, 2.5718 2.3074 0.4166, 2.5835 2.3021 0.3921, 2.5908 2.2973 0.3667, 2.5939 2.2924 0.3404, 2.5926 2.287 0.3131, 2.5866 2.2815 0.286, 2.576 2.2759 0.2604, 2.5615 2.2705 0.2372, 2.5438 2.2656 0.2174, 2.5233 2.2608 0.2008, 2.4997 2.2555 0.1874, 2.4736 2.25 0.1781, 2.4463 2.2444 0.1733, 2.4188 2.2389 0.1732, 2.3924 2.2339 0.1776, 2.3675 2.2292 0.186, 2.3438 2.224 0.1988, 2.322 2.2185 0.2157, 2.3033 2.2129 0.2363, 2.2885 2.2074 0.2596, 2.278 2.2022 0.2844, 2.2719 2.1975 0.3099, 2.27 2.1925 0.3367, 2.2727 2.187 0.364, 2.2801 2.1814 0.3908, 2.2918 2.1759 0.4158, 2.3074 2.1706 0.4381, 2.3258 2.1658 0.4569, 2.3472 2.1609 0.4727, 2.3716 2.1555 0.485, 2.3982 2.15 0.4931, 2.4257 2.1444 0.4965, 2.453 2.139 0.4953, 2.4789 2.1341 0.4897, 2.5035 2.1293 0.4801, 2.5268 2.124 0.4661, 2.5478 2.1185 0.448, 2.5654 2.1129 0.4266, 2.579 2.1074 0.4027, 2.5882 2.1024 0.3776, 2.5931 2.0977 0.3518, 2.5937 2.0925 0.3248, 2.5897 2.087 0.2975, 2.5811 2.0814 0.2711, 2.5681 2.0759 0.2468, 2.5517 2.0708 0.2254, 2.5325 2.0661 0.2076, 2.5101 2.061 0.1927, 2.485 2.0555 0.1815, 2.4581 2.0499 0.1747, 2.4305 2.0444 0.1726, 2.4035 2.0391 0.1752, 2.3781 2.0344 0.1819, 2.3538 2.0294 0.1928, 2.331 2.0241 0.208, 2.3109 2.0184 0.2271, 2.2943 2.0129 0.2493, 2.2819 2.0075 0.2736, 2.274 2.0027 0.2989, 2.2703 1.9978 0.3251, 2.271 1.9926 0.3523, 2.2763 1.987 0.3795, 2.2863 1.9814 0.4054, 2.3003 1.976 0.429, 2.3176 1.971 0.4493, 2.3376 1.9662 0.4663, 2.3609 1.961 0.4802, 2.3866 1.9555 0.4902, 2.4139 1.9499 0.4956, 2.4414 1.9444 0.4964, 2.468 1.9393 0.4926, 2.493 1.9346 0.4847, 2.517 1.9295 0.4726, 2.5391 1.924 0.4562, 2.5583 1.9184 0.4361, 2.5737 1.9129 0.4132, 2.5848 1.9077 0.3885, 2.5915 1.9029 0.3631, 2.594 1.898 0.3365, 2.592 1.8926 0.3092, 2.5853 1.8869 0.2822, 2.312 1.1871 0.4301, 2.2977 1.1924 0.4086, 2.2871 1.198 0.3846, 2.2807 1.2036 0.3592, 2.2787 1.209 0.3333, 2.281 1.2139 0.3082, 2.2873 1.2187 0.2841, 2.2977 1.2239 0.2607, 2.3123 1.2294 0.2389, 2.3304 1.2351 0.2199, 2.3513 1.2405 0.2043, 2.3739 1.2456 0.1928, 2.3976 1.2503 0.1852, 2.4228 1.2554 0.1816, 2.4488 1.2609 0.1822, 2.4746 1.2665 0.1874, 2.499 1.2721 0.1967, 2.521 1.2773 0.2098, 2.54 1.282 0.2258, 2.5565 1.287 0.2451, 2.5698 1.2924 0.2673, 2.5793 1.298 0.2918, 2.5844 1.3036 0.3175, 2.5851 1.3089 0.3433, 2.5817 1.3137 0.368, 2.5742 1.3186 0.392, 2.5626 1.3239 0.415, 2.547 1.3295 0.4361, 2.528 1.3351 0.4542, 2.5065 1.3405 0.4687, 2.4835 1.3454 0.4791, 2.4594 1.3502 0.4855, 2.4339 1.3554 0.488, 2.4078 1.3609 0.486, 2.3823 1.3666 0.4797, 2.3585 1.372 0.4692, 2.3373 1.3771 0.4552, 2.3191 1.3818 0.4383, 2.3034 1.3869 0.4182, 2.2912 1.3924 0.3951, 2.2829 1.398 0.3702, 2.279 1.4036 0.3444, 2.2795 1.4087 0.3188, 2.2841 1.4134 0.2944, 2.2927 1.4185 0.2706, 2.3056 1.4239 0.248, 2.3222 1.4295 0.2276, 2.342 1.4351 0.2105, 2.3641 1.4403 0.1972, 2.3873 1.4451 0.188, 2.4118 1.45 0.1827, 2.4376 1.4554 0.1814, 2.4637 1.461 0.1846, 2.4888 1.4666 0.1922, 2.512 1.4719 0.2038, 2.5323 1.4769 0.2186, 2.5497 1.4816 0.2364, 2.5645 1.4869 0.2575, 2.5757 1.4924 0.2811, 2.5827 1.4981 0.3064, 2.5853 1.5035 0.3323, 2.5836 1.5085 0.3576, 2.5779 1.5133 0.3818, 2.5681 1.5184 0.4053, 2.5541 1.5239 0.4274, 2.5365 1.5295 0.4469, 2.5159 1.535 0.463, 2.4934 1.5402 0.4751, 2.47 1.5449 0.4832, 2.445 1.5499 0.4874, 2.419 1.5554 0.4874, 2.3931 1.561 0.4829, 2.3684 1.5666 0.4741, 2.346 1.5718 0.4615, 2.3266 1.5766 0.4459, 2.3098 1.5815 0.4272, 2.296 1.5869 0.4053, 2.2859 1.5925 0.3811, 2.2801 1.5981 0.3555, 2.2788 1.6034 0.3296, 2.2817 1.6083 0.3047, 2.2885 1.6131 0.2807, 2.2996 1.6184 0.2574, 2.3146 1.6239 0.236, 2.3332 1.6296 0.2174, 2.3544 1.635 0.2024, 2.3772 1.64 0.1914, 2.4011 1.6447 0.1845, 2.4265 1.6499 0.1814, 2.4526 1.6554 0.1827, 2.4782 1.661 0.1884, 2.5023 1.6665 0.1984, 2.524 1.6717 0.2119, 2.5425 1.6764 0.2284, 2.5586 1.6814 0.2481, 2.5714 1.6869 0.2707, 2.5803 1.6925 0.2955, 2.5848 1.6981 0.3212, 2.5849 1.7033 0.3469, 2.5809 1.708 0.3715, 2.5728 1.713 0.3954, 2.5606 1.7184 0.4182, 2.5444 1.724 0.4389, 2.525 1.7296 0.4566, 2.5032 1.7349 0.4704, 2.4802 1.7398 0.4802, 2.4559 1.7446 0.4861, 2.4302 1.7499 0.488, 2.4041 1.7554 0.4854, 2.3788 1.7611 0.4784, 2.3553 1.7665 0.4674, 2.3345 1.7715 0.4529, 2.3167 1.7762 0.4356, 2.3015 1.7814 0.415, 2.2897 1.7869 0.3917, 2.2821 1.7925 0.3665, 2.2788 1.798 0.3407, 2.2799 1.8031 0.3152, 2.2851 1.8078 0.2909, 2.2943 1.8129 0.2672, 2.3077 1.8184 0.2449, 2.3249 1.824 0.225, 2.3451 1.8295 0.2084, 2.3673 1.8348 0.1956, 2.3907 1.8395 0.187, 2.4154 1.8445 0.1822, 2.4414 1.8499 0.1816, 2.4674 1.8555 0.1854, 2.349 2.5553 0.4636, 2.3718 2.55 0.4756, 2.3967 2.5445 0.4838, 2.4227 2.5388 0.4877, 2.4486 2.5335 0.4871, 2.4734 2.5285 0.4823, 2.4967 2.5237 0.4736, 2.519 2.5185 0.4609, 2.5392 2.513 0.4443, 2.5564 2.5074 0.4244, 2.5697 2.5019 0.402, 2.579 2.4968 0.3784, 2.5841 2.4921 0.3541, 2.5852 2.487 0.3286, 2.582 2.4815 0.3028, 2.5744 2.4759 0.2776, 2.5626 2.4704 0.2543, 2.5474 2.4652 0.2337, 2.5296 2.4604 0.2163, 2.5088 2.4554 0.2019, 2.4853 2.45 0.1909, 2.46 2.4444 0.1839, 2.4339 2.4388 0.1813, 2.4082 2.4336 0.1832, 2.3839 2.4287 0.1891, 2.3608 2.4239 0.1989, 2.339 2.4185 0.2127, 2.3196 2.413 0.2304, 2.3035 2.4074 0.2511, 2.2912 2.402 0.2739, 2.2832 2.397 0.2978, 2.2792 2.3923 0.3224, 2.2793 2.387 0.3481, 2.2838 2.3815 0.3738, 2.2927 2.3759 0.3986, 2.3055 2.3704 0.4212, 2.3215 2.3653 0.4409, 2.3401 2.3606 0.4574, 2.3617 2.3555 0.4709, 2.3858 2.35 0.4808, 2.4115 2.3444 0.4866, 2.4376 2.3389 0.4879, 2.463 2.3337 0.4848, 2.4868 2.329 0.4778, 2.5096 2.324 0.4669, 2.5309 2.3185 0.4519, 2.5494 2.3129 0.4333, 2.5645 2.3074 0.4119, 2.5755 2.3021 0.3886, 2.5824 2.2973 0.3646, 2.5853 2.2924 0.3397, 2.5839 2.287 0.3138, 2.5782 2.2815 0.2882, 2.5681 2.2759 0.264, 2.5543 2.2705 0.2421, 2.5375 2.2656 0.2234, 2.5181 2.2608 0.2077, 2.4957 2.2555 0.1952, 2.471 2.25 0.1864, 2.4451 2.2444 0.1819, 2.4191 2.2389 0.1819, 2.3941 2.2339 0.1861, 2.3706 2.2292 0.1942, 2.3482 2.224 0.2063, 2.3276 2.2185 0.2224, 2.31 2.2129 0.2419, 2.296 2.2074 0.2639, 2.2861 2.2022 0.2875, 2.2804 2.1975 0.3117, 2.2787 2.1925 0.337, 2.2813 2.187 0.3628, 2.2884 2.1814 0.3882, 2.2996 2.1759 0.4118, 2.3143 2.1706 0.4329, 2.3318 2.1658 0.4507, 2.3521 2.1609 0.4655, 2.3753 2.1555 0.4771, 2.4004 2.15 0.4847, 2.4264 2.1444 0.4879, 2.4523 2.139 0.4866, 2.4768 2.1341 0.4813, 2.5 2.1293 0.4721, 2.522 2.124 0.4588, 2.5418 2.1185 0.4416, 2.5585 2.1129 0.4213, 2.5713 2.1074 0.3987, 2.58 2.1024 0.3749, 2.5845 2.0977 0.3505, 2.585 2.0925 0.3249, 2.5812 2.087 0.2991, 2.5729 2.0814 0.2741, 2.5606 2.0759 0.2511, 2.545 2.0708 0.231, 2.5268 2.0661 0.2141, 2.5056 2.061 0.2001, 2.4818 2.0555 0.1896, 2.4563 2.0499 0.1833, 2.4302 2.0444 0.1813, 2.4046 2.0391 0.1838, 2.3806 2.0344 0.1902, 2.3576 2.0294 0.2006, 2.3361 2.0241 0.215, 2.3171 2.0184 0.2332, 2.3015 2.0129 0.2542, 2.2898 2.0075 0.2773, 2.2824 2.0027 0.3012, 2.279 1.9978 0.326, 2.2797 1.9926 0.3518, 2.2848 1.987 0.3775, 2.2943 1.9814 0.402, 2.3076 1.976 0.4242, 2.324 1.971 0.4435, 2.343 1.9662 0.4595, 2.365 1.961 0.4726, 2.3894 1.9555 0.4819, 2.4152 1.9499 0.487, 2.4413 1.9444 0.4877, 2.4665 1.9393 0.484, 2.4901 1.9346 0.4765, 2.5128 1.9295 0.465, 2.5337 1.924 0.4494, 2.5518 1.9184 0.4304, 2.5663 1.9129 0.4086, 2.5768 1.9077 0.3852, 2.5831 1.9029 0.3611, 2.5854 1.898 0.336, 2.5834 1.8926 0.3101, 2.577 1.8869 0.2847, 2.3198 1.1847 0.4239, 2.3064 1.19 0.4038, 2.2965 1.1956 0.3814, 2.2905 1.2012 0.3576, 2.2886 1.2066 0.3334, 2.2908 1.2116 0.3099, 2.2966 1.2163 0.2874, 2.3064 1.2215 0.2655, 2.32 1.2271 0.2451, 2.3369 1.2327 0.2273, 2.3565 1.2381 0.2128, 2.3777 1.2432 0.2019, 2.3998 1.2479 0.1949, 2.4234 1.253 0.1915, 2.4477 1.2585 0.1921, 2.4719 1.2642 0.1969, 2.4947 1.2697 0.2056, 2.5153 1.2749 0.2179, 2.533 1.2796 0.2328, 2.5484 1.2846 0.2508, 2.5609 1.29 0.2717, 2.5697 1.2956 0.2946, 2.5745 1.3012 0.3186, 2.5752 1.3065 0.3427, 2.572 1.3113 0.3659, 2.565 1.3162 0.3883, 2.5542 1.3215 0.4098, 2.5395 1.3271 0.4295, 2.5218 1.3327 0.4465, 2.5017 1.3381 0.46, 2.4802 1.343 0.4697, 2.4577 1.3478 0.4757, 2.4338 1.353 0.478, 2.4094 1.3586 0.4763, 2.3855 1.3642 0.4703, 2.3632 1.3696 0.4605, 2.3434 1.3747 0.4474, 2.3264 1.3794 0.4316, 2.3118 1.3845 0.4128, 2.3003 1.39 0.3913, 2.2925 1.3957 0.3679, 2.2889 1.4012 0.3437, 2.2894 1.4063 0.3198, 2.2937 1.4111 0.297, 2.3017 1.4161 0.2747, 2.3137 1.4215 0.2536, 2.3293 1.4271 0.2346, 2.3478 1.4327 0.2186, 2.3684 1.438 0.2061, 2.3901 1.4428 0.1975, 2.4131 1.4477 0.1925, 2.4373 1.453 0.1913, 2.4616 1.4586 0.1943, 2.4851 1.4642 0.2014, 2.5068 1.4696 0.2122, 2.5258 1.4745 0.2261, 2.5421 1.4792 0.2427, 2.5559 1.4845 0.2624, 2.5664 1.4901 0.2846, 2.573 1.4957 0.3083, 2.5754 1.5011 0.3324, 2.5738 1.5062 0.3561, 2.5685 1.5109 0.3787, 2.5593 1.516 0.4008, 2.5462 1.5215 0.4214, 2.5297 1.5272 0.4396, 2.5105 1.5327 0.4547, 2.4895 1.5378 0.466, 2.4675 1.5425 0.4736, 2.4442 1.5476 0.4775, 2.4198 1.553 0.4775, 2.3956 1.5586 0.4733, 2.3725 1.5642 0.4651, 2.3516 1.5694 0.4534, 2.3334 1.5742 0.4387, 2.3177 1.5791 0.4212, 2.3048 1.5845 0.4008, 2.2954 1.5901 0.3781, 2.29 1.5957 0.3541, 2.2887 1.601 0.33, 2.2914 1.6059 0.3066, 2.2978 1.6107 0.2842, 2.3081 1.616 0.2624, 2.3222 1.6216 0.2424, 2.3396 1.6272 0.225, 2.3594 1.6326 0.211, 2.3808 1.6376 0.2007, 2.4031 1.6423 0.1942, 2.4268 1.6475 0.1913, 2.4512 1.653 0.1925, 2.4752 1.6587 0.1979, 2.4978 1.6641 0.2072, 2.518 1.6693 0.2199, 2.5354 1.674 0.2352, 2.5504 1.6791 0.2536, 2.5624 1.6845 0.2748, 2.5707 1.6901 0.298, 2.5749 1.6957 0.3221, 2.575 1.7009 0.3461, 2.5712 1.7057 0.3691, 2.5637 1.7106 0.3914, 2.5523 1.716 0.4128, 2.5372 1.7216 0.4322, 2.519 1.7272 0.4487, 2.4987 1.7325 0.4616, 2.4771 1.7374 0.4708, 2.4543 1.7422 0.4763, 2.4303 1.7475 0.478, 2.4059 1.7531 0.4757, 2.3822 1.7587 0.4691, 2.3602 1.7641 0.4588, 2.3408 1.7691 0.4453, 2.3241 1.7738 0.4291, 2.3099 1.779 0.4098, 2.2989 1.7845 0.388, 2.2918 1.7902 0.3645, 2.2887 1.7956 0.3403, 2.2898 1.8007 0.3165, 2.2946 1.8055 0.2938, 2.3032 1.8105 0.2716, 2.3157 1.816 0.2507, 2.3318 1.8216 0.2321, 2.3507 1.8272 0.2165, 2.3715 1.8324 0.2046, 2.3933 1.8371 0.1966, 2.4165 1.8421 0.1921, 2.4407 1.8475 0.1915, 2.465 1.8531 0.1951, 2.3544 2.553 0.4552, 2.3757 2.5477 0.4665, 2.399 2.5421 0.4742, 2.4233 2.5365 0.4778, 2.4476 2.5311 0.4772, 2.4708 2.5261 0.4727, 2.4926 2.5214 0.4647, 2.5134 2.5161 0.4527, 2.5323 2.5106 0.4372, 2.5483 2.505 0.4186, 2.5609 2.4995 0.3977, 2.5695 2.4944 0.3755, 2.5743 2.4897 0.3528, 2.5753 2.4846 0.329, 2.5723 2.4791 0.3048, 2.5651 2.4735 0.2813, 2.5541 2.468 0.2594, 2.5399 2.4628 0.2402, 2.5232 2.4581 0.224, 2.5038 2.4531 0.2105, 2.4819 2.4477 0.2002, 2.4582 2.442 0.1936, 2.4338 2.4365 0.1912, 2.4097 2.4312 0.193, 2.387 2.4264 0.1985, 2.3654 2.4215 0.2077, 2.345 2.4162 0.2206, 2.3269 2.4106 0.2371, 2.3118 2.405 0.2565, 2.3003 2.3996 0.2779, 2.2928 2.3946 0.3002, 2.2891 2.3899 0.3232, 2.2892 2.3847 0.3472, 2.2934 2.3791 0.3713, 2.3017 2.3735 0.3945, 2.3137 2.368 0.4156, 2.3287 2.363 0.4341, 2.3461 2.3583 0.4494, 2.3663 2.3531 0.4621, 2.3889 2.3476 0.4714, 2.4129 2.342 0.4768, 2.4373 2.3365 0.478, 2.461 2.3313 0.4751, 2.4833 2.3266 0.4686, 2.5046 2.3216 0.4583, 2.5245 2.3162 0.4443, 2.5418 2.3105 0.4269, 2.5559 2.305 0.4068, 2.5663 2.2997 0.3851, 2.5727 2.2949 0.3627, 2.5754 2.29 0.3393, 2.5741 2.2847 0.3152, 2.5687 2.2791 0.2912, 2.5593 2.2735 0.2685, 2.5464 2.2681 0.2481, 2.5307 2.2632 0.2305, 2.5125 2.2584 0.2159, 2.4915 2.2532 0.2042, 2.4685 2.2476 0.1959, 2.4442 2.242 0.1918, 2.4199 2.2365 0.1918, 2.3965 2.2315 0.1957, 2.3746 2.2268 0.2033, 2.3536 2.2216 0.2146, 2.3343 2.2161 0.2297, 2.3178 2.2105 0.2479, 2.3048 2.205 0.2685, 2.2956 2.1998 0.2906, 2.2902 2.1951 0.3132, 2.2886 2.1901 0.3368, 2.2911 2.1847 0.361, 2.2977 2.179 0.3847, 2.3081 2.1735 0.4069, 2.3219 2.1682 0.4265, 2.3383 2.1634 0.4432, 2.3573 2.1585 0.457, 2.379 2.1532 0.4679, 2.4025 2.1476 0.475, 2.4268 2.142 0.478, 2.451 2.1366 0.4768, 2.4739 2.1317 0.4718, 2.4956 2.1269 0.4632, 2.5162 2.1217 0.4507, 2.5348 2.1161 0.4347, 2.5503 2.1105 0.4157, 2.5623 2.1051 0.3946, 2.5704 2.1 0.3723, 2.5747 2.0953 0.3495, 2.5752 2.0901 0.3255, 2.5715 2.0846 0.3014, 2.5638 2.079 0.278, 2.5523 2.0735 0.2565, 2.5377 2.0684 0.2377, 2.5207 2.0637 0.2219, 2.5008 2.0586 0.2088, 2.4786 2.0532 0.199, 2.4547 2.0475 0.193, 2.4303 2.042 0.1912, 2.4064 2.0368 0.1936, 2.3839 2.032 0.1996, 2.3624 2.027 0.2093, 2.3423 2.0217 0.2228, 2.3245 2.0161 0.2397, 2.3099 2.0105 0.2595, 2.299 2.0052 0.281, 2.2921 2.0003 0.3034, 2.2889 1.9955 0.3266, 2.2895 1.9902 0.3507, 2.2943 1.9846 0.3747, 2.3032 1.979 0.3976, 2.3157 1.9736 0.4185, 2.331 1.9686 0.4364, 2.3488 1.9639 0.4514, 2.3694 1.9587 0.4636, 2.3922 1.9531 0.4724, 2.4163 1.9475 0.4772, 2.4407 1.942 0.4778, 2.4643 1.9369 0.4744, 2.4864 1.9322 0.4673, 2.5076 1.9271 0.4565, 2.5271 1.9217 0.442, 2.5441 1.916 0.4242, 2.5577 1.9105 0.4038, 2.5674 1.9053 0.3819, 2.5733 1.9005 0.3594, 2.5754 1.8956 0.3359, 2.5736 1.8902 0.3117, 2.5676 1.8846 0.2879, 2.3259 1.1805 0.4185, 2.3134 1.1858 0.3995, 2.3041 1.1913 0.3783, 2.2985 1.197 0.3559, 2.2968 1.2024 0.333, 2.2989 1.2073 0.3109, 2.3045 1.2121 0.2897, 2.3138 1.2173 0.269, 2.3267 1.2228 0.2499, 2.3427 1.2284 0.2331, 2.3612 1.2339 0.2195, 2.3812 1.239 0.2093, 2.402 1.2437 0.2028, 2.4243 1.2488 0.1996, 2.4473 1.2543 0.2003, 2.47 1.2599 0.2049, 2.4915 1.2654 0.2132, 2.5109 1.2706 0.2248, 2.5276 1.2754 0.239, 2.542 1.2804 0.256, 2.5537 1.2858 0.2756, 2.562 1.2914 0.2973, 2.5665 1.297 0.32, 2.567 1.3022 0.3427, 2.5639 1.3071 0.3645, 2.5573 1.3119 0.3856, 2.547 1.3173 0.4059, 2.5331 1.3228 0.4245, 2.5163 1.3285 0.4404, 2.4973 1.3338 0.4531, 2.477 1.3388 0.4622, 2.4558 1.3435 0.4678, 2.4332 1.3488 0.4699, 2.4102 1.3543 0.4681, 2.3878 1.3599 0.4624, 2.3668 1.3654 0.4531, 2.3481 1.3705 0.4407, 2.3321 1.3752 0.4258, 2.3184 1.3803 0.4079, 2.3076 1.3858 0.3876, 2.3004 1.3914 0.3656, 2.2971 1.3969 0.3428, 2.2976 1.4021 0.3202, 2.3017 1.4068 0.2987, 2.3094 1.4118 0.2778, 2.3207 1.4173 0.2579, 2.3355 1.4229 0.24, 2.353 1.4284 0.2249, 2.3725 1.4337 0.2132, 2.3929 1.4385 0.2052, 2.4146 1.4434 0.2005, 2.4374 1.4488 0.1995, 2.4604 1.4544 0.2024, 2.4825 1.4599 0.2092, 2.5029 1.4653 0.2195, 2.5208 1.4702 0.2326, 2.5361 1.475 0.2483, 2.5491 1.4803 0.2669, 2.5589 1.4858 0.2878, 2.565 1.4914 0.3102, 2.5673 1.4969 0.333, 2.5657 1.5019 0.3553, 2.5606 1.5066 0.3766, 2.5518 1.5118 0.3974, 2.5395 1.5173 0.4168, 2.5238 1.5229 0.4339, 2.5057 1.5284 0.4481, 2.4858 1.5336 0.4587, 2.4651 1.5383 0.4658, 2.443 1.5433 0.4694, 2.4201 1.5488 0.4693, 2.3973 1.5544 0.4653, 2.3755 1.5599 0.4575, 2.3558 1.5652 0.4463, 2.3387 1.57 0.4325, 2.324 1.5749 0.4159, 2.3118 1.5803 0.3966, 2.303 1.5859 0.3752, 2.298 1.5914 0.3526, 2.2969 1.5968 0.3298, 2.2995 1.6017 0.3078, 2.3056 1.6065 0.2867, 2.3154 1.6118 0.2662, 2.3288 1.6173 0.2473, 2.3452 1.6229 0.231, 2.3639 1.6284 0.2178, 2.3841 1.6334 0.2082, 2.4051 1.6381 0.2021, 2.4275 1.6433 0.1995, 2.4506 1.6488 0.2007, 2.4732 1.6544 0.2058, 2.4944 1.6599 0.2147, 2.5134 1.665 0.2267, 2.5298 1.6697 0.2412, 2.5439 1.6748 0.2586, 2.5551 1.6803 0.2786, 2.5629 1.6859 0.3005, 2.5668 1.6914 0.3232, 2.5668 1.6967 0.3459, 2.5632 1.7014 0.3675, 2.556 1.7064 0.3886, 2.5452 1.7118 0.4087, 2.5309 1.7174 0.4269, 2.5137 1.7229 0.4424, 2.4945 1.7283 0.4546, 2.4741 1.7331 0.4632, 2.4526 1.738 0.4683, 2.43 1.7432 0.4699, 2.407 1.7488 0.4675, 2.3847 1.7544 0.4613, 2.364 1.7598 0.4515, 2.3457 1.7648 0.4387, 2.33 1.7696 0.4234, 2.3167 1.7748 0.4052, 2.3064 1.7803 0.3846, 2.2997 1.7859 0.3624, 2.2969 1.7914 0.3395, 2.298 1.7965 0.3171, 2.3025 1.8012 0.2957, 2.3108 1.8063 0.2748, 2.3226 1.8118 0.2552, 2.3378 1.8174 0.2376, 2.3557 1.8229 0.223, 2.3754 1.8281 0.2119, 2.3959 1.8329 0.2043, 2.4178 1.8379 0.2002, 2.4407 1.8432 0.1997, 2.4636 1.8489 0.2032, 2.3585 2.5487 0.4481, 2.3785 2.5434 0.4588, 2.4005 2.5378 0.4661, 2.4234 2.5322 0.4696, 2.4463 2.5268 0.4691, 2.4681 2.5219 0.465, 2.4887 2.5171 0.4574, 2.5084 2.5119 0.4463, 2.5262 2.5064 0.4317, 2.5414 2.5007 0.4141, 2.5533 2.4953 0.3945, 2.5615 2.4902 0.3736, 2.5661 2.4855 0.3522, 2.5672 2.4804 0.3298, 2.5644 2.4749 0.3069, 2.5577 2.4693 0.2847, 2.5474 2.4637 0.2641, 2.5341 2.4585 0.2459, 2.5184 2.4538 0.2306, 2.5001 2.4488 0.2178, 2.4794 2.4434 0.208, 2.4571 2.4378 0.2018, 2.4341 2.4322 0.1994, 2.4114 2.4269 0.201, 2.39 2.4221 0.2061, 2.3696 2.4172 0.2147, 2.3504 2.4119 0.2269, 2.3332 2.4063 0.2424, 2.3189 2.4007 0.2606, 2.308 2.3953 0.2807, 2.3009 2.3904 0.3018, 2.2973 2.3856 0.3234, 2.2973 2.3804 0.3461, 2.3012 2.3749 0.3688, 2.309 2.3692 0.3907, 2.3202 2.3638 0.4107, 2.3343 2.3587 0.4281, 2.3506 2.354 0.4426, 2.3697 2.3489 0.4546, 2.3909 2.3434 0.4635, 2.4135 2.3378 0.4686, 2.4365 2.3323 0.4698, 2.4589 2.3271 0.4672, 2.48 2.3224 0.4611, 2.5001 2.3173 0.4515, 2.5189 2.3119 0.4383, 2.5353 2.3063 0.422, 2.5487 2.3007 0.4031, 2.5585 2.2955 0.3826, 2.5646 2.2907 0.3615, 2.5672 2.2858 0.3395, 2.5661 2.2804 0.3167, 2.561 2.2748 0.2941, 2.5522 2.2692 0.2727, 2.5401 2.2639 0.2534, 2.5254 2.2589 0.2368, 2.5083 2.2542 0.223, 2.4885 2.2489 0.2118, 2.4668 2.2434 0.204, 2.444 2.2377 0.1999, 2.421 2.2323 0.1999, 2.399 2.2273 0.2035, 2.3783 2.2225 0.2106, 2.3584 2.2174 0.2212, 2.3402 2.2119 0.2354, 2.3246 2.2063 0.2525, 2.3122 2.2008 0.2719, 2.3035 2.1956 0.2927, 2.2984 2.1909 0.314, 2.2968 2.1859 0.3363, 2.299 2.1804 0.3591, 2.3052 2.1748 0.3815, 2.315 2.1692 0.4024, 2.3279 2.164 0.421, 2.3433 2.1592 0.4367, 2.3612 2.1543 0.4498, 2.3816 2.1489 0.4601, 2.4037 2.1433 0.4669, 2.4267 2.1377 0.4698, 2.4495 2.1324 0.4687, 2.4711 2.1275 0.4641, 2.4916 2.1227 0.456, 2.5111 2.1174 0.4444, 2.5286 2.1119 0.4293, 2.5433 2.1062 0.4114, 2.5547 2.1008 0.3915, 2.5624 2.0958 0.3706, 2.5665 2.0911 0.3491, 2.567 2.0859 0.3265, 2.5637 2.0804 0.3037, 2.5565 2.0748 0.2817, 2.5457 2.0693 0.2613, 2.5319 2.0641 0.2435, 2.5159 2.0594 0.2286, 2.4973 2.0544 0.2162, 2.4763 2.0489 0.2069, 2.4538 2.0433 0.2012, 2.4308 2.0377 0.1994, 2.4083 2.0325 0.2015, 2.387 2.0278 0.2071, 2.3668 2.0228 0.2162, 2.3478 2.0174 0.2289, 2.3309 2.0118 0.2448, 2.3171 2.0062 0.2634, 2.3068 2.0009 0.2837, 2.3001 1.996 0.3048, 2.297 1.9912 0.3266, 2.2976 1.9859 0.3493, 2.3021 1.9804 0.372, 2.3104 1.9747 0.3936, 2.3221 1.9693 0.4133, 2.3365 1.9643 0.4303, 2.3532 1.9596 0.4445, 2.3726 1.9544 0.4561, 2.3941 1.9489 0.4644, 2.4168 1.9433 0.469, 2.4398 1.9378 0.4697, 2.462 1.9327 0.4665, 2.4829 1.928 0.4599, 2.5029 1.9229 0.4498, 2.5214 1.9174 0.4362, 2.5374 1.9118 0.4194, 2.5503 1.9063 0.4003, 2.5596 1.901 0.3796, 2.5652 1.8963 0.3584, 2.5673 1.8913 0.3363, 2.5656 1.8859 0.3134, 2.56 1.8803 0.291, 2.3308 1.1745 0.4135, 2.3191 1.1798 0.3954, 2.3104 1.1854 0.3753, 2.3052 1.191 0.3539, 2.3038 1.1964 0.3323, 2.3059 1.2014 0.3112, 2.3113 1.2061 0.2912, 2.3203 1.2113 0.2717, 2.3326 1.2169 0.2536, 2.3479 1.2225 0.2378, 2.3655 1.2279 0.2249, 2.3846 1.233 0.2155, 2.4044 1.2377 0.2094, 2.4255 1.2428 0.2065, 2.4473 1.2483 0.2073, 2.4689 1.2539 0.2118, 2.4892 1.2595 0.2198, 2.5075 1.2647 0.2309, 2.5233 1.2694 0.2445, 2.5369 1.2744 0.2607, 2.5478 1.2798 0.2795, 2.5556 1.2854 0.3, 2.5596 1.291 0.3216, 2.56 1.2963 0.3431, 2.557 1.3011 0.3638, 2.5505 1.306 0.3838, 2.5406 1.3113 0.403, 2.5274 1.3169 0.4205, 2.5113 1.3225 0.4355, 2.4932 1.3279 0.4474, 2.4739 1.3328 0.4559, 2.4537 1.3376 0.4611, 2.4323 1.3428 0.4629, 2.4105 1.3484 0.4611, 2.3892 1.354 0.4556, 2.3694 1.3594 0.4466, 2.3518 1.3645 0.4347, 2.3367 1.3692 0.4205, 2.3238 1.3743 0.4035, 2.3137 1.3798 0.3841, 2.307 1.3854 0.3632, 2.3039 1.391 0.3415, 2.3046 1.3961 0.3201, 2.3086 1.4009 0.2997, 2.316 1.4059 0.2799, 2.3269 1.4113 0.2611, 2.341 1.4169 0.2442, 2.3578 1.4225 0.2301, 2.3763 1.4278 0.2191, 2.3958 1.4326 0.2116, 2.4164 1.4374 0.2073, 2.438 1.4428 0.2065, 2.4597 1.4484 0.2094, 2.4807 1.454 0.216, 2.5 1.4593 0.2258, 2.5169 1.4643 0.2384, 2.5313 1.469 0.2534, 2.5435 1.4743 0.2712, 2.5527 1.4799 0.291, 2.5584 1.4855 0.3123, 2.5603 1.4909 0.334, 2.5587 1.496 0.3551, 2.5537 1.5007 0.3753, 2.5453 1.5058 0.3949, 2.5334 1.5113 0.4133, 2.5185 1.517 0.4294, 2.5012 1.5225 0.4427, 2.4823 1.5276 0.4527, 2.4626 1.5323 0.4592, 2.4416 1.5374 0.4626, 2.4198 1.5428 0.4623, 2.3982 1.5484 0.4584, 2.3777 1.554 0.4508, 2.359 1.5592 0.4401, 2.3429 1.564 0.4269, 2.329 1.5689 0.4111, 2.3176 1.5743 0.3926, 2.3094 1.5799 0.3723, 2.3048 1.5855 0.3508, 2.3039 1.5908 0.3292, 2.3065 1.5957 0.3083, 2.3124 1.6005 0.2883, 2.3218 1.6058 0.269, 2.3346 1.6114 0.2512, 2.3503 1.617 0.2358, 2.3682 1.6224 0.2234, 2.3874 1.6274 0.2144, 2.4074 1.6321 0.2088, 2.4286 1.6373 0.2064, 2.4505 1.6428 0.2077, 2.4719 1.6485 0.2127, 2.492 1.6539 0.2212, 2.5099 1.6591 0.2327, 2.5254 1.6638 0.2466, 2.5386 1.6688 0.2632, 2.5492 1.6743 0.2823, 2.5564 1.6799 0.3031, 2.5599 1.6855 0.3247, 2.5598 1.6907 0.3462, 2.5562 1.6955 0.3667, 2.5493 1.7004 0.3866, 2.5389 1.7058 0.4056, 2.5252 1.7114 0.4228, 2.5088 1.717 0.4374, 2.4905 1.7223 0.4488, 2.4711 1.7272 0.4568, 2.4507 1.732 0.4616, 2.4292 1.7373 0.4629, 2.4074 1.7429 0.4605, 2.3863 1.7485 0.4545, 2.3667 1.7539 0.4451, 2.3495 1.7589 0.4328, 2.3347 1.7636 0.4182, 2.3221 1.7688 0.4008, 2.3125 1.7743 0.3812, 2.3063 1.78 0.3601, 2.3038 1.7854 0.3384, 2.305 1.7905 0.3171, 2.3094 1.7952 0.2969, 2.3174 1.8003 0.2771, 2.3288 1.8058 0.2585, 2.3433 1.8114 0.242, 2.3603 1.817 0.2283, 2.379 1.8222 0.2178, 2.3986 1.8269 0.2108, 2.4194 1.8319 0.207, 2.4411 1.8373 0.2067, 2.4628 1.8429 0.2101, 2.3615 2.5428 0.4418, 2.3805 2.5374 0.4521, 2.4013 2.5319 0.4592, 2.423 2.5263 0.4626, 2.4447 2.5209 0.4623, 2.4654 2.5159 0.4585, 2.485 2.5112 0.4515, 2.5038 2.5059 0.441, 2.5208 2.5004 0.4273, 2.5353 2.4948 0.4107, 2.5467 2.4893 0.3922, 2.5546 2.4842 0.3724, 2.5591 2.4795 0.3522, 2.5603 2.4744 0.3309, 2.5578 2.4689 0.3092, 2.5516 2.4633 0.2881, 2.5419 2.4578 0.2685, 2.5294 2.4526 0.2511, 2.5146 2.4479 0.2365, 2.4974 2.4429 0.2242, 2.4778 2.4374 0.2148, 2.4567 2.4318 0.2088, 2.4349 2.4263 0.2064, 2.4133 2.421 0.2077, 2.393 2.4162 0.2125, 2.3736 2.4113 0.2205, 2.3552 2.406 0.2319, 2.3388 2.4004 0.2465, 2.3252 2.3948 0.2637, 2.3147 2.3894 0.2827, 2.3078 2.3844 0.3026, 2.3043 2.3797 0.3231, 2.3041 2.3744 0.3446, 2.3077 2.3689 0.3662, 2.3149 2.3633 0.387, 2.3255 2.3578 0.406, 2.3387 2.3528 0.4227, 2.3541 2.3481 0.4366, 2.3721 2.3429 0.4481, 2.3922 2.3374 0.4566, 2.4136 2.3318 0.4616, 2.4354 2.3263 0.4629, 2.4567 2.3211 0.4605, 2.4767 2.3164 0.4549, 2.4959 2.3114 0.4459, 2.5138 2.3059 0.4335, 2.5294 2.3003 0.4181, 2.5422 2.2948 0.4003, 2.5517 2.2895 0.381, 2.5576 2.2847 0.3609, 2.5602 2.2798 0.3401, 2.5593 2.2745 0.3185, 2.5547 2.2689 0.297, 2.5465 2.2633 0.2766, 2.5351 2.2579 0.2582, 2.5212 2.253 0.2424, 2.5051 2.2482 0.2292, 2.4864 2.243 0.2185, 2.4659 2.2374 0.2109, 2.4442 2.2318 0.2069, 2.4225 2.2263 0.2067, 2.4015 2.2213 0.21, 2.3818 2.2166 0.2166, 2.3629 2.2114 0.2266, 2.3456 2.2059 0.2399, 2.3307 2.2003 0.256, 2.3188 2.1948 0.2744, 2.3104 2.1896 0.294, 2.3054 2.1849 0.3142, 2.3038 2.1799 0.3353, 2.3057 2.1744 0.357, 2.3114 2.1688 0.3782, 2.3206 2.1633 0.3981, 2.3327 2.158 0.4159, 2.3472 2.1532 0.4309, 2.3641 2.1483 0.4435, 2.3834 2.143 0.4533, 2.4043 2.1374 0.4599, 2.4261 2.1318 0.4628, 2.4477 2.1264 0.462, 2.4683 2.1215 0.4577, 2.4878 2.1167 0.4502, 2.5063 2.1115 0.4392, 2.523 2.1059 0.4251, 2.5371 2.1003 0.4082, 2.548 2.0949 0.3894, 2.5555 2.0898 0.3696, 2.5595 2.0851 0.3492, 2.5601 2.0799 0.3278, 2.5571 2.0744 0.3061, 2.5504 2.0688 0.2852, 2.5403 2.0633 0.2658, 2.5274 2.0582 0.2488, 2.5123 2.0535 0.2346, 2.4947 2.0484 0.2227, 2.4748 2.0429 0.2137, 2.4536 2.0373 0.2082, 2.4317 2.0318 0.2064, 2.4103 2.0265 0.2082, 2.3902 2.0218 0.2134, 2.3709 2.0168 0.2219, 2.3528 2.0115 0.2338, 2.3367 2.0059 0.2488, 2.3235 2.0003 0.2663, 2.3135 1.9949 0.2855, 2.3071 1.9901 0.3055, 2.304 1.9853 0.3262, 2.3044 1.98 0.3477, 2.3085 1.9744 0.3693, 2.3162 1.9688 0.3898, 2.3272 1.9634 0.4086, 2.3408 1.9584 0.4248, 2.3565 1.9536 0.4384, 2.3749 1.9485 0.4495, 2.3952 1.9429 0.4575, 2.4167 1.9373 0.462, 2.4385 1.9318 0.4628, 2.4596 1.9267 0.4599, 2.4795 1.922 0.4538, 2.4985 1.9169 0.4443, 2.5161 1.9115 0.4315, 2.5315 1.9058 0.4157, 2.5438 1.9003 0.3976, 2.5527 1.8951 0.3781, 2.5582 1.8903 0.358, 2.5603 1.8854 0.337, 2.5589 1.88 0.3154, 2.5537 1.8744 0.294, 2.3345 1.1665 0.4089, 2.3234 1.1718 0.3915, 2.3153 1.1774 0.3722, 2.3106 1.183 0.3517, 2.3095 1.1884 0.331, 2.3118 1.1934 0.3109, 2.3172 1.1981 0.2918, 2.3259 1.2033 0.2733, 2.3379 1.2089 0.2561, 2.3527 1.2145 0.2412, 2.3697 1.2199 0.2291, 2.388 1.225 0.2203, 2.407 1.2297 0.2146, 2.4272 1.2348 0.2122, 2.448 1.2403 0.2131, 2.4685 1.2459 0.2176, 2.4879 1.2515 0.2255, 2.5053 1.2567 0.2363, 2.5202 1.2614 0.2495, 2.533 1.2664 0.2651, 2.5433 1.2718 0.2831, 2.5504 1.2774 0.3029, 2.5541 1.283 0.3235, 2.5543 1.2883 0.3441, 2.5511 1.2931 0.3639, 2.5447 1.298 0.3829, 2.535 1.3033 0.4011, 2.5222 1.3089 0.4177, 2.5067 1.3145 0.4319, 2.4893 1.3199 0.443, 2.4708 1.3248 0.451, 2.4514 1.3296 0.4557, 2.4309 1.3348 0.4572, 2.4101 1.3404 0.4553, 2.3898 1.346 0.4497, 2.371 1.3514 0.4409, 2.3543 1.3565 0.4294, 2.34 1.3612 0.4156, 2.3278 1.3663 0.3992, 2.3184 1.3718 0.3806, 2.3122 1.3774 0.3606, 2.3096 1.383 0.3398, 2.3104 1.3881 0.3194, 2.3145 1.3929 0.3, 2.3218 1.3979 0.2811, 2.3324 1.4033 0.2632, 2.346 1.4089 0.2473, 2.3622 1.4145 0.2339, 2.38 1.4198 0.2236, 2.3987 1.4246 0.2167, 2.4184 1.4294 0.2128, 2.4391 1.4348 0.2123, 2.4598 1.4404 0.2153, 2.4798 1.446 0.2217, 2.4981 1.4513 0.2314, 2.5141 1.4563 0.2436, 2.5278 1.461 0.2581, 2.5392 1.4663 0.2752, 2.5478 1.4719 0.2943, 2.553 1.4775 0.3146, 2.5546 1.4829 0.3354, 2.5528 1.488 0.3556, 2.5479 1.4927 0.3748, 2.5396 1.4978 0.3934, 2.5281 1.5033 0.4108, 2.5136 1.509 0.4261, 2.4969 1.5145 0.4386, 2.4788 1.5196 0.448, 2.4599 1.5243 0.454, 2.4398 1.5294 0.457, 2.419 1.5348 0.4565, 2.3984 1.5404 0.4525, 2.3788 1.546 0.4451, 2.3611 1.5512 0.4346, 2.3459 1.556 0.4218, 2.3328 1.5609 0.4066, 2.3221 1.5663 0.3888, 2.3144 1.5719 0.3693, 2.3103 1.5775 0.3487, 2.3096 1.5828 0.3281, 2.3123 1.5877 0.3082, 2.3182 1.5925 0.2891, 2.3274 1.5978 0.2707, 2.3398 1.6034 0.2538, 2.355 1.609 0.2393, 2.3722 1.6144 0.2276, 2.3906 1.6194 0.2193, 2.4098 1.6241 0.2141, 2.4302 1.6293 0.2121, 2.451 1.6348 0.2135, 2.4714 1.6405 0.2186, 2.4905 1.6459 0.2269, 2.5076 1.6511 0.2381, 2.5222 1.6558 0.2515, 2.5346 1.6608 0.2676, 2.5445 1.6663 0.2859, 2.5512 1.6719 0.3058, 2.5544 1.6775 0.3265, 2.554 1.6827 0.347, 2.5504 1.6875 0.3666, 2.5436 1.6924 0.3855, 2.5334 1.6978 0.4036, 2.5201 1.7034 0.4199, 2.5043 1.709 0.4336, 2.4867 1.7143 0.4444, 2.4681 1.7192 0.4518, 2.4485 1.724 0.4561, 2.428 1.7293 0.4572, 2.4072 1.7349 0.4547, 2.387 1.7405 0.4487, 2.3684 1.7459 0.4395, 2.3521 1.7509 0.4276, 2.3381 1.7556 0.4134, 2.3263 1.7608 0.3967, 2.3173 1.7663 0.3779, 2.3116 1.772 0.3576, 2.3095 1.7774 0.3369, 2.3108 1.7825 0.3166, 2.3153 1.7872 0.2972, 2.3231 1.7923 0.2785, 2.3342 1.7978 0.2608, 2.3482 1.8034 0.2452, 2.3646 1.809 0.2322, 2.3826 1.8142 0.2224, 2.4014 1.8189 0.2159, 2.4213 1.8239 0.2125, 2.4421 1.8293 0.2125, 2.4628 1.8349 0.216, 2.3635 2.5348 0.4363, 2.3815 2.5294 0.4463, 2.4013 2.5239 0.4533, 2.422 2.5183 0.4568, 2.4427 2.5129 0.4568, 2.4626 2.5079 0.4534, 2.4814 2.5032 0.4468, 2.4994 2.4979 0.437, 2.5159 2.4924 0.4241, 2.5299 2.4868 0.4085, 2.541 2.4813 0.3908, 2.5488 2.4762 0.372, 2.5533 2.4715 0.3527, 2.5546 2.4664 0.3324, 2.5525 2.4609 0.3117, 2.5468 2.4553 0.2914, 2.5378 2.4498 0.2726, 2.5259 2.4446 0.2558, 2.512 2.4399 0.2417, 2.4956 2.4349 0.2298, 2.477 2.4294 0.2206, 2.4569 2.4238 0.2146, 2.4361 2.4183 0.2121, 2.4155 2.413 0.2132, 2.396 2.4082 0.2175, 2.3774 2.4033 0.2249, 2.3597 2.398 0.2356, 2.3439 2.3924 0.2494, 2.3307 2.3868 0.2657, 2.3205 2.3814 0.2837, 2.3137 2.3764 0.3027, 2.3101 2.3717 0.3223, 2.3097 2.3664 0.3428, 2.3129 2.3609 0.3635, 2.3196 2.3553 0.3834, 2.3294 2.3498 0.4017, 2.3419 2.3448 0.4178, 2.3565 2.3401 0.4312, 2.3736 2.3349 0.4424, 2.3927 2.3294 0.4507, 2.4131 2.3238 0.4558, 2.4339 2.3183 0.4572, 2.4543 2.3131 0.4552, 2.4734 2.3084 0.45, 2.4919 2.3034 0.4416, 2.5091 2.2979 0.43, 2.5242 2.2923 0.4155, 2.5366 2.2868 0.3986, 2.5459 2.2815 0.3802, 2.5517 2.2767 0.3611, 2.5544 2.2718 0.3412, 2.5538 2.2665 0.3206, 2.5496 2.2609 0.3, 2.542 2.2553 0.2804, 2.5313 2.2499 0.2627, 2.5182 2.245 0.2475, 2.5029 2.2402 0.2346, 2.4852 2.235 0.2242, 2.4657 2.2294 0.2168, 2.445 2.2238 0.2127, 2.4243 2.2183 0.2123, 2.4042 2.2133 0.2153, 2.3853 2.2086 0.2213, 2.3671 2.2034 0.2306, 2.3504 2.1979 0.2432, 2.336 2.1923 0.2585, 2.3245 2.1868 0.2759, 2.3162 2.1816 0.2945, 2.3112 2.1769 0.3137, 2.3094 2.1719 0.3339, 2.3111 2.1664 0.3547, 2.3163 2.1608 0.375, 2.3248 2.1553 0.3941, 2.3363 2.15 0.4112, 2.35 2.1452 0.4257, 2.366 2.1403 0.4379, 2.3843 2.135 0.4475, 2.4042 2.1294 0.454, 2.425 2.1238 0.457, 2.4457 2.1184 0.4565, 2.4654 2.1135 0.4526, 2.4841 2.1087 0.4456, 2.5019 2.1035 0.4354, 2.518 2.0979 0.422, 2.5317 2.0923 0.406, 2.5423 2.0869 0.3882, 2.5496 2.0818 0.3693, 2.5537 2.0771 0.3499, 2.5545 2.0719 0.3294, 2.5519 2.0664 0.3087, 2.5457 2.0608 0.2886, 2.5362 2.0553 0.27, 2.5241 2.0502 0.2537, 2.5098 2.0455 0.2399, 2.4931 2.0404 0.2283, 2.4742 2.035 0.2195, 2.454 2.0293 0.214, 2.4331 2.0238 0.2121, 2.4126 2.0185 0.2136, 2.3933 2.0138 0.2183, 2.3748 2.0088 0.2262, 2.3574 2.0035 0.2374, 2.3419 1.9979 0.2516, 2.329 1.9923 0.2682, 2.3193 1.9869 0.2864, 2.313 1.9821 0.3054, 2.3098 1.9773 0.3252, 2.31 1.972 0.3458, 2.3136 1.9664 0.3664, 2.3208 1.9608 0.3862, 2.3311 1.9554 0.4042, 2.3439 1.9504 0.4198, 2.3588 1.9456 0.4329, 2.3762 1.9405 0.4438, 2.3955 1.9349 0.4517, 2.4161 1.9293 0.4562, 2.4369 1.9238 0.4571, 2.4571 1.9187 0.4546, 2.4761 1.914 0.449, 2.4944 1.9089 0.4402, 2.5114 1.9035 0.4281, 2.5262 1.8978 0.4132, 2.5382 1.8923 0.396, 2.5469 1.8871 0.3775, 2.5523 1.8823 0.3583, 2.5546 1.8774 0.3383, 2.5534 1.872 0.3176, 2.5487 1.8664 0.2971, 2.3362 1.1582 0.4057, 2.3256 1.1635 0.3886, 2.318 1.1691 0.3697, 2.3137 1.1747 0.3497, 2.3128 1.1801 0.3295, 2.3153 1.185 0.31, 2.3208 1.1898 0.2915, 2.3295 1.195 0.2736, 2.3414 1.2005 0.257, 2.356 1.2062 0.2427, 2.3727 1.2116 0.2311, 2.3906 1.2167 0.2227, 2.4092 1.2214 0.2175, 2.4289 1.2265 0.2154, 2.4491 1.232 0.2166, 2.4691 1.2376 0.2212, 2.4878 1.2432 0.2291, 2.5046 1.2483 0.2399, 2.5189 1.2531 0.2529, 2.5312 1.2581 0.2683, 2.541 1.2635 0.2859, 2.5477 1.2691 0.3052, 2.551 1.2747 0.3254, 2.5509 1.28 0.3454, 2.5475 1.2848 0.3646, 2.5411 1.2896 0.383, 2.5315 1.295 0.4006, 2.5187 1.3006 0.4166, 2.5035 1.3062 0.4302, 2.4864 1.3115 0.4409, 2.4682 1.3165 0.4483, 2.4494 1.3212 0.4527, 2.4294 1.3265 0.4539, 2.4092 1.332 0.4518, 2.3895 1.3377 0.4461, 2.3713 1.3431 0.4373, 2.3551 1.3482 0.4259, 2.3414 1.3529 0.4123, 2.3298 1.358 0.3962, 2.3209 1.3635 0.378, 2.3151 1.3691 0.3583, 2.3128 1.3746 0.3381, 2.3138 1.3798 0.3183, 2.318 1.3845 0.2994, 2.3254 1.3896 0.2811, 2.336 1.395 0.2639, 2.3495 1.4006 0.2485, 2.3653 1.4062 0.2357, 2.3828 1.4114 0.2259, 2.4011 1.4162 0.2194, 2.4203 1.4211 0.2159, 2.4404 1.4265 0.2156, 2.4606 1.4321 0.2188, 2.48 1.4377 0.2254, 2.4977 1.443 0.235, 2.5131 1.4479 0.2471, 2.5262 1.4527 0.2613, 2.5371 1.458 0.2781, 2.5452 1.4635 0.2968, 2.55 1.4692 0.3167, 2.5513 1.4746 0.3369, 2.5493 1.4796 0.3565, 2.5443 1.4843 0.3752, 2.536 1.4895 0.3932, 2.5245 1.495 0.41, 2.5103 1.5006 0.4247, 2.4939 1.5061 0.4367, 2.4761 1.5113 0.4455, 2.4576 1.516 0.4512, 2.438 1.521 0.4538, 2.4178 1.5265 0.4531, 2.3978 1.5321 0.449, 2.3788 1.5377 0.4415, 2.3617 1.5429 0.4311, 2.3471 1.5477 0.4184, 2.3345 1.5526 0.4034, 2.3243 1.558 0.386, 2.3171 1.5636 0.3669, 2.3133 1.5692 0.3468, 2.313 1.5745 0.3267, 2.3159 1.5794 0.3074, 2.3218 1.5842 0.2889, 2.331 1.5895 0.2711, 2.3433 1.595 0.2548, 2.3583 1.6007 0.2408, 2.3752 1.6061 0.2297, 2.3932 1.6111 0.2218, 2.4119 1.6158 0.217, 2.4318 1.621 0.2153, 2.452 1.6265 0.217, 2.4718 1.6321 0.2222, 2.4903 1.6376 0.2305, 2.5068 1.6428 0.2416, 2.5208 1.6475 0.2549, 2.5328 1.6525 0.2707, 2.5421 1.658 0.2886, 2.5484 1.6636 0.3081, 2.5512 1.6691 0.3283, 2.5506 1.6744 0.3482, 2.5468 1.6791 0.3672, 2.5399 1.6841 0.3856, 2.5298 1.6895 0.403, 2.5167 1.6951 0.4187, 2.5011 1.7007 0.4319, 2.4838 1.706 0.4421, 2.4656 1.7109 0.4492, 2.4466 1.7157 0.4531, 2.4265 1.721 0.4538, 2.4063 1.7265 0.4512, 2.3868 1.7321 0.4451, 2.3688 1.7376 0.4358, 2.353 1.7426 0.4241, 2.3396 1.7473 0.4101, 2.3283 1.7525 0.3937, 2.3198 1.758 0.3752, 2.3145 1.7636 0.3555, 2.3127 1.7691 0.3353, 2.3143 1.7742 0.3155, 2.3189 1.7789 0.2968, 2.3267 1.784 0.2786, 2.3377 1.7895 0.2616, 2.3516 1.7951 0.2465, 2.3677 1.8006 0.2341, 2.3854 1.8059 0.2248, 2.4038 1.8106 0.2187, 2.4232 1.8156 0.2156, 2.4433 1.821 0.2159, 2.4635 1.8266 0.2195, 2.3641 2.5264 0.4327, 2.3815 2.5211 0.4427, 2.4006 2.5155 0.4498, 2.4207 2.5099 0.4534, 2.4409 2.5045 0.4536, 2.4603 2.4996 0.4506, 2.4787 2.4948 0.4445, 2.4963 2.4896 0.4352, 2.5125 2.4841 0.4228, 2.5264 2.4785 0.4077, 2.5374 2.473 0.3907, 2.5452 2.4679 0.3725, 2.5498 2.4632 0.3538, 2.5514 2.4581 0.334, 2.5495 2.4526 0.3138, 2.5442 2.447 0.2941, 2.5357 2.4415 0.2756, 2.5244 2.4363 0.2591, 2.511 2.4315 0.2452, 2.4953 2.4265 0.2334, 2.4773 2.4211 0.2242, 2.4578 2.4155 0.2181, 2.4375 2.4099 0.2154, 2.4175 2.4046 0.2162, 2.3985 2.3998 0.2201, 2.3802 2.395 0.2271, 2.3629 2.3896 0.2374, 2.3474 2.384 0.2506, 2.3343 2.3784 0.2662, 2.3241 2.3731 0.2837, 2.3172 2.3681 0.3021, 2.3135 2.3634 0.3211, 2.3129 2.3581 0.341, 2.3157 2.3526 0.3612, 2.3219 2.347 0.3807, 2.3313 2.3415 0.3986, 2.3433 2.3364 0.4144, 2.3573 2.3317 0.4277, 2.3737 2.3266 0.4388, 2.3922 2.3211 0.4471, 2.412 2.3155 0.4523, 2.4323 2.31 0.454, 2.4521 2.3048 0.4523, 2.4709 2.3001 0.4475, 2.4889 2.2951 0.4396, 2.5058 2.2896 0.4284, 2.5207 2.284 0.4145, 2.533 2.2784 0.3982, 2.5422 2.2732 0.3804, 2.5482 2.2684 0.3619, 2.5511 2.2635 0.3426, 2.5507 2.2581 0.3225, 2.5469 2.2525 0.3024, 2.5397 2.2469 0.2833, 2.5296 2.2416 0.2659, 2.517 2.2367 0.2509, 2.5023 2.2319 0.2382, 2.4852 2.2266 0.2278, 2.4663 2.2211 0.2203, 2.4462 2.2155 0.2162, 2.426 2.21 0.2155, 2.4065 2.205 0.2181, 2.388 2.2003 0.2237, 2.3702 2.1951 0.2326, 2.3538 2.1896 0.2446, 2.3395 2.184 0.2593, 2.3281 2.1785 0.276, 2.3198 2.1733 0.2941, 2.3147 2.1686 0.3128, 2.3127 2.1636 0.3324, 2.3141 2.1581 0.3526, 2.3189 2.1525 0.3725, 2.3269 2.147 0.3912, 2.3379 2.1417 0.4079, 2.351 2.1369 0.4222, 2.3664 2.132 0.4343, 2.3841 2.1266 0.4439, 2.4034 2.121 0.4505, 2.4236 2.1154 0.4537, 2.4437 2.1101 0.4534, 2.463 2.1052 0.4499, 2.4813 2.1004 0.4433, 2.4988 2.0951 0.4336, 2.5146 2.0896 0.4208, 2.5281 2.084 0.4054, 2.5387 2.0785 0.3882, 2.546 2.0735 0.3699, 2.5502 2.0688 0.351, 2.5513 2.0636 0.3311, 2.549 2.0581 0.311, 2.5432 2.0525 0.2913, 2.5343 2.047 0.2731, 2.5226 2.0419 0.257, 2.5089 2.0371 0.2434, 2.4928 2.0321 0.232, 2.4746 2.0266 0.2232, 2.4549 2.021 0.2175, 2.4347 2.0155 0.2153, 2.4147 2.0102 0.2166, 2.3958 2.0055 0.2209, 2.3777 2.0005 0.2284, 2.3606 1.9951 0.2391, 2.3453 1.9895 0.2527, 2.3326 1.984 0.2686, 2.323 1.9786 0.2863, 2.3165 1.9738 0.3047, 2.3132 1.9689 0.3239, 2.3131 1.9636 0.3439, 2.3164 1.9581 0.364, 2.3231 1.9525 0.3834, 2.3329 1.947 0.401, 2.3451 1.9421 0.4164, 2.3595 1.9373 0.4294, 2.3763 1.9321 0.4401, 2.395 1.9266 0.4481, 2.4149 1.921 0.4527, 2.4352 1.9155 0.4539, 2.4549 1.9104 0.4518, 2.4735 1.9057 0.4465, 2.4914 1.9006 0.4382, 2.5081 1.8951 0.4266, 2.5227 1.8895 0.4123, 2.5345 1.884 0.3957, 2.5433 1.8788 0.3778, 2.5488 1.874 0.3592, 2.5513 1.869 0.3398, 2.5504 1.8636 0.3196, 2.5461 1.858 0.2996, 2.4826 1.8322 0.2266, 2.4825 1.8405 0.2229, 2.4836 1.8485 0.2172, 2.4855 1.8544 0.2105, 2.4883 1.8587 0.2028, 2.4923 1.8611 0.1936, 2.4961 1.8611 0.1858, 2.5005 1.8589 0.1776, 2.5049 1.8547 0.1705, 2.509 1.8489 0.1648, 2.5128 1.8413 0.1604, 2.5156 1.8335 0.1582, 2.5177 1.8255 0.1575, 2.5192 1.8157 0.1589, 2.5196 1.8072 0.162, 2.519 1.7995 0.1668, 2.5174 1.793 0.173, 2.5149 1.7881 0.1804, 2.5116 1.785 0.1885, 2.5079 1.7841 0.1964, 2.5035 1.7852 0.205, 2.499 1.7886 0.2127, 2.4948 1.7937 0.219, 2.4907 1.8008 0.2241, 2.4876 1.8083 0.2272, 2.4852 1.8162 0.2285, 2.4838 1.8227 0.2285, 2.5 1.8375 0.2366, 2.5005 1.8458 0.233, 2.5025 1.8538 0.2275, 2.5056 1.8597 0.2212, 2.5097 1.864 0.2141, 2.515 1.8664 0.2057, 2.5201 1.8664 0.1987, 2.5259 1.8642 0.1913, 2.5314 1.86 0.1851, 2.5364 1.8542 0.1801, 2.5409 1.8466 0.1765, 2.544 1.8389 0.1747, 2.5462 1.8309 0.1744, 2.5475 1.821 0.176, 2.5473 1.8125 0.1791, 2.5459 1.8048 0.1837, 2.5432 1.7983 0.1896, 2.5395 1.7934 0.1965, 2.535 1.7903 0.2039, 2.53 1.7894 0.2111, 2.5242 1.7906 0.2188, 2.5185 1.7939 0.2256, 2.5133 1.799 0.2312, 2.5084 1.8061 0.2355, 2.5048 1.8136 0.238, 2.5022 1.8215 0.2389, 2.5008 1.828 0.2387, 2.5151 1.8423 0.2489, 2.5162 1.8506 0.2455, 2.519 1.8586 0.2404, 2.5231 1.8646 0.2347, 2.5282 1.8688 0.2283, 2.5349 1.8712 0.221, 2.5411 1.8712 0.2148, 2.548 1.869 0.2085, 2.5544 1.8649 0.2032, 2.5601 1.8591 0.1992, 2.5652 1.8514 0.1963, 2.5686 1.8437 0.195, 2.5707 1.8357 0.1951, 2.5718 1.8259 0.1969, 2.5711 1.8174 0.2, 2.5689 1.8097 0.2043, 2.5654 1.8031 0.2097, 2.5606 1.7982 0.2158, 2.5549 1.7952 0.2224, 2.5488 1.7942 0.2287, 2.5418 1.7954 0.2354, 2.5351 1.7987 0.2412, 2.5291 1.8039 0.2458, 2.5235 1.8109 0.2493, 2.5196 1.8184 0.2511, 2.5169 1.8263 0.2516, 2.5156 1.8328 0.2511, 2.5279 1.8471 0.2636, 2.5296 1.8555 0.2604, 2.5332 1.8635 0.2558, 2.5381 1.8694 0.2508, 2.5443 1.8737 0.2454, 2.552 1.8761 0.2392, 2.5591 1.8761 0.2342, 2.567 1.8739 0.2291, 2.5742 1.8697 0.2249, 2.5805 1.8639 0.2218, 2.5859 1.8563 0.2198, 2.5895 1.8485 0.2191, 2.5916 1.8405 0.2196, 2.5923 1.8307 0.2215, 2.5911 1.8222 0.2244, 2.5883 1.8145 0.2283, 2.5839 1.808 0.233, 2.5782 1.8031 0.2383, 2.5715 1.8 0.2439, 2.5645 1.7991 0.2491, 2.5565 1.8002 0.2546, 2.549 1.8036 0.2592, 2.5422 1.8087 0.2627, 2.5362 1.8158 0.2653, 2.532 1.8233 0.2665, 2.5292 1.8312 0.2666, 2.528 1.8377 0.2658, 2.5385 1.8525 0.2807, 2.5406 1.8608 0.2778, 2.545 1.8688 0.2739, 2.5507 1.8747 0.2698, 2.5577 1.879 0.2655, 2.5663 1.8814 0.2607, 2.5742 1.8814 0.2569, 2.5827 1.8792 0.2532, 2.5906 1.875 0.2503, 2.5973 1.8692 0.2483, 2.603 1.8616 0.2472, 2.6066 1.8539 0.2472, 2.6086 1.8459 0.2479, 2.609 1.836 0.2499, 2.6074 1.8275 0.2526, 2.6039 1.8198 0.256, 2.5988 1.8133 0.2599, 2.5923 1.8084 0.2642, 2.5847 1.8053 0.2686, 2.577 1.8044 0.2726, 2.5682 1.8056 0.2766, 2.56 1.8089 0.2798, 2.5527 1.814 0.2822, 2.5464 1.8211 0.2838, 2.542 1.8286 0.2842, 2.5393 1.8365 0.2838, 2.5382 1.843 0.2829
            ]
        }
        coordIndex [
            0,1,2,-1,3,4,5,-1,5,4,6,-1,5,6,7,-1,2,8,0,-1,0,8,9,-1,0,9,10,-1,10,9,11,-1,10,11,3,-1,3,11,12,-1,3,12,4,-1,13,14,15,-1,15,14,16,-1,15,16,17,-1,17,16,7,-1,17,7,18,-1,18,7,6,-1,13,19,14,-1,14,19,20,-1,21,22,23,-1,24,25,26,-1,26,25,27,-1,26,27,28,-1,28,27,29,-1,30,31,32,-1,32,31,33,-1,32,33,29,-1,29,33,34,-1,29,34,28,-1,23,35,21,-1,21,35,36,-1,21,36,37,-1,37,36,38,-1,37,38,30,-1,30,38,39,-1,30,39,31,-1,24,40,25,-1,25,40,41,-1,42,43,44,-1,45,46,47,-1,47,46,48,-1,47,48,49,-1,49,48,42,-1,49,42,50,-1,50,42,44,-1,43,2,44,-1,44,2,1,-1,51,52,53,-1,41,40,54,-1,54,40,55,-1,54,55,56,-1,56,55,51,-1,56,51,57,-1,57,51,53,-1,52,58,53,-1,53,58,59,-1,14,20,22,-1,22,20,60,-1,14,22,16,-1,16,22,21,-1,16,21,7,-1,7,21,37,-1,7,37,5,-1,5,37,30,-1,5,30,3,-1,3,30,32,-1,3,32,10,-1,10,32,29,-1,10,29,0,-1,0,29,27,-1,0,27,1,-1,1,27,25,-1,44,1,41,-1,41,1,25,-1,44,41,54,-1,44,54,50,-1,50,54,56,-1,50,56,49,-1,49,56,57,-1,49,57,47,-1,47,57,53,-1,47,53,45,-1,61,45,59,-1,59,45,53,-1,62,61,58,-1,58,61,59,-1,46,62,52,-1,52,62,58,-1,46,52,48,-1,48,52,51,-1,48,51,42,-1,42,51,55,-1,42,55,43,-1,43,55,40,-1,2,43,24,-1,24,43,40,-1,2,24,26,-1,2,26,8,-1,8,26,28,-1,8,28,9,-1,9,28,34,-1,9,34,11,-1,11,34,33,-1,11,33,12,-1,12,33,31,-1,12,31,4,-1,4,31,39,-1,4,39,6,-1,6,39,38,-1,6,38,18,-1,18,38,36,-1,18,36,17,-1,17,36,35,-1,17,35,15,-1,15,35,23,-1,15,23,13,-1,19,13,63,-1,63,13,23,-1,20,19,60,-1,60,19,63,-1,45,61,46,-1,46,61,62,-1,63,23,60,-1,60,23,22,-1,64,65,66,-1,66,65,67,-1,66,67,68,-1,69,70,71,-1,71,70,72,-1,71,72,73,-1,73,72,74,-1,73,74,75,-1,75,74,68,-1,75,68,76,-1,76,68,67,-1,64,77,65,-1,65,77,78,-1,79,80,81,-1,81,80,82,-1,81,82,83,-1,84,85,86,-1,86,85,87,-1,86,87,88,-1,88,87,89,-1,88,89,90,-1,90,89,83,-1,90,83,91,-1,91,83,82,-1,79,92,80,-1,80,92,93,-1,94,95,96,-1,96,97,94,-1,94,97,98,-1,94,98,99,-1,99,98,100,-1,99,100,101,-1,101,100,102,-1,101,102,103,-1,103,102,104,-1,103,104,105,-1,105,104,106,-1,105,106,107,-1,108,109,110,-1,110,109,111,-1,110,111,112,-1,112,111,107,-1,112,107,113,-1,113,107,106,-1,108,70,109,-1,109,70,69,-1,114,93,92,-1,115,116,117,-1,117,116,118,-1,117,118,119,-1,119,118,120,-1,92,121,114,-1,114,121,122,-1,114,122,123,-1,123,122,124,-1,123,124,125,-1,125,124,126,-1,125,126,127,-1,127,126,128,-1,127,128,129,-1,129,128,130,-1,129,130,120,-1,120,130,131,-1,120,131,119,-1,115,132,116,-1,116,132,133,-1,96,134,115,-1,115,134,132,-1,96,115,117,-1,96,117,97,-1,97,117,119,-1,97,119,98,-1,98,119,131,-1,98,131,100,-1,100,131,130,-1,100,130,102,-1,102,130,128,-1,102,128,104,-1,104,128,126,-1,104,126,106,-1,106,126,124,-1,106,124,113,-1,113,124,122,-1,113,122,112,-1,112,122,121,-1,112,121,110,-1,110,121,92,-1,110,92,108,-1,70,108,79,-1,79,108,92,-1,70,79,72,-1,72,79,81,-1,72,81,74,-1,74,81,83,-1,74,83,68,-1,68,83,89,-1,68,89,66,-1,66,89,87,-1,66,87,64,-1,64,87,85,-1,77,64,135,-1,135,64,85,-1,78,77,136,-1,136,77,135,-1,65,78,84,-1,84,78,136,-1,65,84,86,-1,65,86,67,-1,67,86,88,-1,67,88,76,-1,76,88,90,-1,76,90,75,-1,75,90,91,-1,75,91,73,-1,73,91,82,-1,73,82,71,-1,71,82,80,-1,71,80,69,-1,109,69,93,-1,93,69,80,-1,109,93,111,-1,111,93,114,-1,111,114,107,-1,107,114,123,-1,107,123,105,-1,105,123,125,-1,105,125,103,-1,103,125,127,-1,103,127,101,-1,101,127,129,-1,101,129,99,-1,99,129,120,-1,99,120,94,-1,94,120,118,-1,94,118,95,-1,95,118,116,-1,137,95,133,-1,133,95,116,-1,134,137,132,-1,132,137,133,-1,95,137,96,-1,96,137,134,-1,84,136,85,-1,85,136,135,-1,138,139,140,-1,140,139,141,-1,142,143,144,-1,144,143,145,-1,146,147,148,-1,148,147,149,-1,150,151,152,-1,152,151,153,-1,154,155,153,-1,153,155,148,-1,153,148,152,-1,154,156,155,-1,155,156,157,-1,155,157,158,-1,159,160,161,-1,161,160,162,-1,148,149,152,-1,152,149,160,-1,152,160,163,-1,163,160,159,-1,164,165,151,-1,151,165,153,-1,150,152,166,-1,166,152,167,-1,153,165,168,-1,153,168,154,-1,154,168,169,-1,154,169,156,-1,156,169,170,-1,156,170,157,-1,157,170,171,-1,157,171,158,-1,158,171,172,-1,158,172,155,-1,155,172,146,-1,155,146,148,-1,143,173,145,-1,145,173,174,-1,174,173,175,-1,175,173,176,-1,175,176,177,-1,177,176,178,-1,177,178,179,-1,179,178,180,-1,179,180,181,-1,181,180,182,-1,181,182,183,-1,183,182,184,-1,183,184,185,-1,185,184,186,-1,185,186,187,-1,187,186,188,-1,187,188,189,-1,189,188,190,-1,189,190,191,-1,191,190,192,-1,191,192,193,-1,192,194,193,-1,193,194,147,-1,193,147,146,-1,167,152,163,-1,167,163,195,-1,195,163,159,-1,195,159,196,-1,196,159,161,-1,196,161,197,-1,197,161,162,-1,197,162,198,-1,198,162,160,-1,198,160,199,-1,199,160,149,-1,199,149,147,-1,174,175,200,-1,177,179,201,-1,181,183,202,-1,185,187,203,-1,189,191,204,-1,193,146,172,-1,191,193,204,-1,204,193,172,-1,204,172,205,-1,205,172,171,-1,205,171,206,-1,206,171,170,-1,206,170,207,-1,207,170,169,-1,207,169,208,-1,208,169,168,-1,208,168,165,-1,187,189,203,-1,203,189,204,-1,203,204,209,-1,209,204,205,-1,209,205,210,-1,210,205,206,-1,210,206,211,-1,211,206,207,-1,211,207,212,-1,212,207,208,-1,212,208,165,-1,183,185,202,-1,202,185,203,-1,202,203,213,-1,213,203,209,-1,213,209,214,-1,214,209,210,-1,214,210,215,-1,215,210,211,-1,215,211,216,-1,216,211,212,-1,216,212,165,-1,179,181,201,-1,201,181,202,-1,201,202,217,-1,217,202,213,-1,217,213,218,-1,218,213,214,-1,218,214,219,-1,219,214,215,-1,219,215,220,-1,220,215,216,-1,220,216,165,-1,175,177,200,-1,200,177,201,-1,200,201,221,-1,221,201,217,-1,221,217,222,-1,222,217,218,-1,222,218,223,-1,223,218,219,-1,223,219,224,-1,224,219,220,-1,224,220,165,-1,145,174,225,-1,225,174,200,-1,225,200,226,-1,226,200,221,-1,226,221,227,-1,227,221,222,-1,227,222,228,-1,228,222,223,-1,228,223,229,-1,229,223,224,-1,229,224,165,-1,173,143,230,-1,178,176,231,-1,182,180,232,-1,186,184,233,-1,190,188,234,-1,194,192,235,-1,192,190,235,-1,235,190,234,-1,235,234,236,-1,236,234,237,-1,236,237,238,-1,238,237,239,-1,238,239,240,-1,240,239,241,-1,240,241,242,-1,242,241,243,-1,242,243,167,-1,188,186,234,-1,234,186,233,-1,234,233,237,-1,237,233,244,-1,237,244,239,-1,239,244,245,-1,239,245,241,-1,241,245,246,-1,241,246,243,-1,243,246,247,-1,243,247,167,-1,147,194,199,-1,199,194,235,-1,199,235,198,-1,198,235,236,-1,198,236,197,-1,197,236,238,-1,197,238,196,-1,196,238,240,-1,196,240,195,-1,195,240,242,-1,195,242,167,-1,180,178,232,-1,232,178,231,-1,232,231,248,-1,248,231,249,-1,248,249,250,-1,250,249,251,-1,250,251,252,-1,252,251,253,-1,252,253,254,-1,254,253,255,-1,254,255,167,-1,176,173,231,-1,231,173,230,-1,231,230,249,-1,249,230,256,-1,249,256,251,-1,251,256,257,-1,251,257,253,-1,253,257,258,-1,253,258,255,-1,255,258,259,-1,255,259,167,-1,184,182,233,-1,233,182,232,-1,233,232,244,-1,244,232,248,-1,244,248,245,-1,245,248,250,-1,245,250,246,-1,246,250,252,-1,246,252,247,-1,247,252,254,-1,247,254,167,-1,165,164,260,-1,165,260,229,-1,229,260,261,-1,229,261,228,-1,228,261,262,-1,228,262,227,-1,227,262,263,-1,227,263,226,-1,226,263,264,-1,226,264,225,-1,225,264,144,-1,225,144,145,-1,141,139,265,-1,141,265,266,-1,266,265,267,-1,266,267,268,-1,268,267,269,-1,268,269,270,-1,270,269,271,-1,270,271,272,-1,272,271,273,-1,272,273,274,-1,274,273,142,-1,274,142,144,-1,166,167,259,-1,166,259,275,-1,275,259,258,-1,275,258,276,-1,276,258,257,-1,276,257,277,-1,277,257,256,-1,277,256,278,-1,278,256,230,-1,278,230,279,-1,279,230,143,-1,279,143,142,-1,144,264,280,-1,281,282,283,-1,164,284,285,-1,283,282,164,-1,286,164,282,-1,286,282,287,-1,287,282,281,-1,287,281,288,-1,260,164,286,-1,289,290,291,-1,291,290,285,-1,291,285,292,-1,292,285,284,-1,292,284,293,-1,260,286,261,-1,261,286,287,-1,261,287,262,-1,262,287,288,-1,262,288,263,-1,294,289,295,-1,295,289,291,-1,295,291,296,-1,296,291,292,-1,296,292,297,-1,297,292,293,-1,297,293,298,-1,299,294,300,-1,300,294,295,-1,300,295,301,-1,301,295,296,-1,301,296,302,-1,302,296,297,-1,302,297,303,-1,303,297,298,-1,303,298,304,-1,264,299,280,-1,280,299,300,-1,280,300,305,-1,305,300,301,-1,305,301,306,-1,306,301,302,-1,306,302,307,-1,307,302,303,-1,307,303,308,-1,308,303,304,-1,308,304,309,-1,144,280,274,-1,274,280,305,-1,274,305,272,-1,272,305,306,-1,272,306,270,-1,270,306,307,-1,270,307,268,-1,268,307,308,-1,268,308,266,-1,266,308,309,-1,266,309,141,-1,290,164,285,-1,264,263,299,-1,299,263,288,-1,299,288,294,-1,294,288,281,-1,294,281,289,-1,289,281,283,-1,289,283,290,-1,290,283,164,-1,273,271,310,-1,310,271,311,-1,310,311,312,-1,312,311,313,-1,312,313,314,-1,314,313,315,-1,314,315,316,-1,316,315,317,-1,316,317,318,-1,318,317,319,-1,318,319,166,-1,271,269,311,-1,311,269,320,-1,311,320,313,-1,313,320,321,-1,313,321,315,-1,315,321,322,-1,315,322,317,-1,317,322,323,-1,317,323,319,-1,319,323,324,-1,319,324,166,-1,142,273,279,-1,279,273,310,-1,279,310,278,-1,278,310,312,-1,278,312,277,-1,277,312,314,-1,277,314,276,-1,276,314,316,-1,276,316,275,-1,275,316,318,-1,275,318,166,-1,267,265,325,-1,325,265,326,-1,325,326,327,-1,327,326,328,-1,327,328,329,-1,329,328,330,-1,329,330,331,-1,331,330,332,-1,331,332,333,-1,333,332,334,-1,333,334,166,-1,265,139,326,-1,326,139,335,-1,326,335,328,-1,328,335,336,-1,328,336,330,-1,330,336,337,-1,330,337,332,-1,332,337,338,-1,332,338,334,-1,334,338,339,-1,334,339,166,-1,269,267,320,-1,320,267,325,-1,320,325,321,-1,321,325,327,-1,321,327,322,-1,322,327,329,-1,322,329,323,-1,323,329,331,-1,323,331,324,-1,324,331,333,-1,324,333,166,-1,140,141,309,-1,140,309,340,-1,340,309,304,-1,340,304,341,-1,341,304,298,-1,341,298,342,-1,342,298,343,-1,343,298,293,-1,343,293,344,-1,344,293,345,-1,345,293,284,-1,345,284,346,-1,346,284,347,-1,347,284,164,-1,347,164,151,-1,150,166,348,-1,348,166,339,-1,338,349,339,-1,339,349,350,-1,339,350,348,-1,351,352,338,-1,338,352,353,-1,338,353,349,-1,338,337,351,-1,351,337,336,-1,351,336,354,-1,354,336,335,-1,354,335,355,-1,355,335,139,-1,355,139,138,-1,352,351,342,-1,342,351,354,-1,342,354,341,-1,341,354,355,-1,341,355,340,-1,340,355,138,-1,340,138,140,-1,346,349,345,-1,345,349,353,-1,345,353,344,-1,344,353,352,-1,344,352,343,-1,343,352,342,-1,151,150,347,-1,347,150,348,-1,347,348,346,-1,346,348,350,-1,346,350,349,-1,356,357,358,-1,358,357,359,-1,358,359,360,-1,361,362,358,-1,358,362,363,-1,358,363,356,-1,364,365,358,-1,358,365,366,-1,358,366,361,-1,367,368,358,-1,358,368,369,-1,358,369,364,-1,370,371,358,-1,358,371,372,-1,358,372,367,-1,373,374,358,-1,358,374,375,-1,358,375,370,-1,376,377,358,-1,358,377,378,-1,358,378,373,-1,379,380,358,-1,358,380,381,-1,358,381,376,-1,360,382,358,-1,358,382,383,-1,358,383,379,-1,384,385,386,-1,386,385,387,-1,386,387,388,-1,389,390,386,-1,386,390,391,-1,386,391,384,-1,392,393,386,-1,386,393,394,-1,386,394,389,-1,395,396,386,-1,386,396,397,-1,386,397,392,-1,398,399,386,-1,386,399,400,-1,386,400,395,-1,401,402,386,-1,386,402,403,-1,386,403,398,-1,404,405,386,-1,386,405,406,-1,386,406,401,-1,407,408,386,-1,386,408,409,-1,386,409,404,-1,388,410,386,-1,386,410,411,-1,386,411,407,-1,387,385,412,-1,412,385,413,-1,412,413,414,-1,414,413,415,-1,414,415,416,-1,416,415,417,-1,416,417,418,-1,418,417,419,-1,418,419,420,-1,420,419,421,-1,420,421,422,-1,422,421,423,-1,422,423,424,-1,424,423,425,-1,424,425,426,-1,426,425,427,-1,426,427,428,-1,428,427,429,-1,428,429,430,-1,430,429,431,-1,430,431,432,-1,432,431,433,-1,432,433,434,-1,434,433,435,-1,434,435,436,-1,436,435,437,-1,436,437,438,-1,438,437,439,-1,438,439,440,-1,440,439,441,-1,440,441,442,-1,442,441,443,-1,442,443,444,-1,444,443,445,-1,444,445,446,-1,446,445,447,-1,446,447,448,-1,448,447,449,-1,448,449,450,-1,450,449,451,-1,450,451,452,-1,452,451,453,-1,452,453,454,-1,454,453,455,-1,454,455,456,-1,456,455,457,-1,456,457,458,-1,458,457,459,-1,458,459,460,-1,460,459,461,-1,460,461,462,-1,462,461,463,-1,462,463,464,-1,464,463,465,-1,464,465,466,-1,466,465,467,-1,466,467,468,-1,468,467,469,-1,468,469,470,-1,470,469,471,-1,470,471,472,-1,472,471,473,-1,472,473,474,-1,474,473,475,-1,474,475,476,-1,476,475,477,-1,476,477,478,-1,478,477,479,-1,478,479,480,-1,480,479,481,-1,480,481,482,-1,482,481,483,-1,482,483,484,-1,484,483,485,-1,484,485,486,-1,486,485,487,-1,486,487,488,-1,488,487,489,-1,488,489,490,-1,490,489,491,-1,490,491,492,-1,492,491,493,-1,492,493,494,-1,494,493,495,-1,494,495,496,-1,496,495,497,-1,496,497,498,-1,498,497,499,-1,498,499,500,-1,500,499,501,-1,500,501,502,-1,502,501,503,-1,502,503,504,-1,504,503,505,-1,504,505,506,-1,506,505,507,-1,506,507,508,-1,508,507,509,-1,508,509,510,-1,510,509,511,-1,510,511,512,-1,512,511,513,-1,512,513,514,-1,514,513,515,-1,514,515,516,-1,516,515,517,-1,516,517,518,-1,518,517,519,-1,518,519,520,-1,520,519,521,-1,520,521,522,-1,522,521,523,-1,522,523,524,-1,524,523,525,-1,524,525,526,-1,526,525,527,-1,526,527,528,-1,528,527,529,-1,528,529,530,-1,530,529,531,-1,530,531,532,-1,532,531,533,-1,532,533,534,-1,534,533,535,-1,534,535,536,-1,536,535,537,-1,536,537,538,-1,538,537,539,-1,538,539,540,-1,540,539,541,-1,540,541,542,-1,542,541,543,-1,542,543,544,-1,544,543,545,-1,544,545,546,-1,546,545,547,-1,546,547,548,-1,548,547,549,-1,548,549,550,-1,550,549,551,-1,550,551,552,-1,552,551,553,-1,552,553,554,-1,554,553,555,-1,554,555,556,-1,556,555,557,-1,556,557,558,-1,558,557,559,-1,558,559,560,-1,560,559,561,-1,560,561,562,-1,562,561,563,-1,562,563,564,-1,564,563,565,-1,564,565,566,-1,566,565,567,-1,566,567,568,-1,568,567,569,-1,568,569,570,-1,570,569,571,-1,570,571,572,-1,572,571,573,-1,572,573,574,-1,574,573,575,-1,574,575,576,-1,576,575,577,-1,576,577,578,-1,578,577,579,-1,578,579,580,-1,580,579,581,-1,580,581,582,-1,582,581,583,-1,582,583,584,-1,584,583,585,-1,584,585,586,-1,586,585,587,-1,586,587,588,-1,588,587,589,-1,588,589,590,-1,590,589,591,-1,590,591,592,-1,592,591,593,-1,592,593,594,-1,594,593,595,-1,594,595,596,-1,596,595,597,-1,596,597,598,-1,598,597,599,-1,598,599,600,-1,600,599,601,-1,600,601,602,-1,602,601,603,-1,602,603,604,-1,604,603,605,-1,604,605,606,-1,606,605,607,-1,606,607,608,-1,608,607,609,-1,608,609,610,-1,610,609,611,-1,610,611,612,-1,612,611,613,-1,612,613,614,-1,614,613,615,-1,614,615,616,-1,616,615,617,-1,616,617,618,-1,618,617,619,-1,618,619,620,-1,620,619,621,-1,620,621,622,-1,622,621,623,-1,622,623,624,-1,624,623,625,-1,624,625,626,-1,626,625,627,-1,626,627,628,-1,628,627,629,-1,628,629,630,-1,630,629,631,-1,630,631,632,-1,632,631,633,-1,632,633,634,-1,634,633,635,-1,634,635,636,-1,636,635,637,-1,636,637,638,-1,638,637,639,-1,638,639,640,-1,640,639,641,-1,640,641,642,-1,642,641,643,-1,642,643,644,-1,644,643,645,-1,644,645,646,-1,646,645,647,-1,646,647,648,-1,648,647,649,-1,648,649,650,-1,650,649,651,-1,650,651,652,-1,652,651,653,-1,652,653,654,-1,654,653,655,-1,654,655,656,-1,656,655,657,-1,656,657,658,-1,658,657,659,-1,658,659,660,-1,660,659,661,-1,660,661,662,-1,662,661,663,-1,662,663,664,-1,664,663,665,-1,664,665,666,-1,666,665,667,-1,360,359,668,-1,668,359,669,-1,668,669,670,-1,670,669,671,-1,670,671,672,-1,672,671,673,-1,672,673,674,-1,674,673,675,-1,674,675,676,-1,676,675,677,-1,676,677,678,-1,678,677,679,-1,678,679,680,-1,680,679,681,-1,680,681,682,-1,682,681,683,-1,682,683,684,-1,684,683,685,-1,684,685,686,-1,686,685,687,-1,686,687,688,-1,688,687,689,-1,688,689,690,-1,690,689,691,-1,690,691,692,-1,692,691,693,-1,692,693,694,-1,694,693,695,-1,694,695,696,-1,696,695,697,-1,696,697,698,-1,698,697,699,-1,698,699,700,-1,700,699,701,-1,700,701,702,-1,702,701,703,-1,702,703,704,-1,704,703,705,-1,704,705,706,-1,706,705,707,-1,706,707,708,-1,708,707,709,-1,708,709,710,-1,710,709,711,-1,710,711,712,-1,712,711,713,-1,712,713,714,-1,714,713,715,-1,714,715,716,-1,716,715,717,-1,716,717,718,-1,718,717,719,-1,718,719,720,-1,720,719,721,-1,720,721,722,-1,722,721,723,-1,722,723,724,-1,724,723,725,-1,724,725,726,-1,726,725,727,-1,726,727,728,-1,728,727,729,-1,728,729,730,-1,730,729,731,-1,730,731,732,-1,732,731,733,-1,732,733,734,-1,734,733,735,-1,734,735,736,-1,736,735,737,-1,736,737,738,-1,738,737,739,-1,738,739,740,-1,740,739,741,-1,740,741,742,-1,742,741,743,-1,742,743,744,-1,744,743,745,-1,744,745,746,-1,746,745,747,-1,746,747,748,-1,748,747,749,-1,748,749,750,-1,750,749,751,-1,750,751,752,-1,752,751,753,-1,752,753,754,-1,754,753,755,-1,754,755,756,-1,756,755,757,-1,756,757,758,-1,758,757,759,-1,758,759,760,-1,760,759,761,-1,760,761,762,-1,762,761,763,-1,762,763,764,-1,764,763,765,-1,764,765,766,-1,766,765,767,-1,766,767,768,-1,768,767,769,-1,768,769,770,-1,770,769,771,-1,770,771,772,-1,772,771,773,-1,772,773,774,-1,774,773,775,-1,774,775,776,-1,776,775,777,-1,776,777,778,-1,778,777,779,-1,778,779,780,-1,780,779,781,-1,780,781,782,-1,782,781,783,-1,782,783,784,-1,784,783,785,-1,784,785,786,-1,786,785,787,-1,786,787,788,-1,788,787,789,-1,788,789,790,-1,790,789,791,-1,790,791,792,-1,792,791,793,-1,792,793,794,-1,794,793,795,-1,794,795,796,-1,796,795,797,-1,796,797,798,-1,798,797,799,-1,798,799,800,-1,800,799,801,-1,800,801,802,-1,802,801,803,-1,802,803,804,-1,804,803,805,-1,804,805,806,-1,806,805,807,-1,806,807,808,-1,808,807,809,-1,808,809,810,-1,810,809,811,-1,810,811,812,-1,812,811,813,-1,812,813,814,-1,814,813,815,-1,814,815,816,-1,816,815,817,-1,816,817,818,-1,818,817,819,-1,818,819,820,-1,820,819,821,-1,820,821,822,-1,822,821,823,-1,822,823,824,-1,824,823,825,-1,824,825,826,-1,826,825,827,-1,826,827,828,-1,828,827,829,-1,828,829,830,-1,830,829,831,-1,830,831,832,-1,832,831,833,-1,832,833,834,-1,834,833,835,-1,834,835,836,-1,836,835,837,-1,836,837,838,-1,838,837,839,-1,838,839,840,-1,840,839,841,-1,840,841,842,-1,842,841,843,-1,842,843,844,-1,844,843,845,-1,844,845,846,-1,846,845,847,-1,846,847,848,-1,848,847,849,-1,848,849,850,-1,850,849,851,-1,850,851,852,-1,852,851,853,-1,852,853,854,-1,854,853,855,-1,854,855,856,-1,856,855,857,-1,856,857,858,-1,858,857,859,-1,858,859,860,-1,860,859,861,-1,860,861,862,-1,862,861,863,-1,862,863,864,-1,864,863,865,-1,864,865,866,-1,866,865,867,-1,866,867,868,-1,868,867,869,-1,868,869,870,-1,870,869,871,-1,870,871,872,-1,872,871,873,-1,872,873,874,-1,874,873,875,-1,874,875,876,-1,876,875,877,-1,876,877,878,-1,878,877,879,-1,878,879,880,-1,880,879,881,-1,880,881,882,-1,882,881,883,-1,882,883,884,-1,884,883,885,-1,884,885,886,-1,886,885,887,-1,886,887,888,-1,888,887,889,-1,888,889,890,-1,890,889,891,-1,890,891,892,-1,892,891,893,-1,892,893,894,-1,894,893,895,-1,894,895,896,-1,896,895,897,-1,896,897,898,-1,898,897,899,-1,898,899,900,-1,900,899,901,-1,900,901,902,-1,902,901,903,-1,902,903,904,-1,904,903,905,-1,904,905,906,-1,906,905,907,-1,906,907,908,-1,908,907,909,-1,908,909,910,-1,910,909,911,-1,910,911,912,-1,912,911,913,-1,912,913,914,-1,914,913,915,-1,914,915,916,-1,916,915,917,-1,916,917,918,-1,918,917,919,-1,918,919,920,-1,920,919,921,-1,920,921,922,-1,922,921,923,-1,385,384,413,-1,413,384,924,-1,413,924,415,-1,415,924,925,-1,415,925,417,-1,417,925,926,-1,417,926,419,-1,419,926,927,-1,419,927,421,-1,421,927,928,-1,421,928,423,-1,423,928,929,-1,423,929,425,-1,425,929,930,-1,425,930,427,-1,427,930,931,-1,427,931,429,-1,429,931,932,-1,429,932,431,-1,431,932,933,-1,431,933,433,-1,433,933,934,-1,433,934,435,-1,435,934,935,-1,435,935,437,-1,437,935,936,-1,437,936,439,-1,439,936,937,-1,439,937,441,-1,441,937,938,-1,441,938,443,-1,443,938,939,-1,443,939,445,-1,445,939,940,-1,445,940,447,-1,447,940,941,-1,447,941,449,-1,449,941,942,-1,449,942,451,-1,451,942,943,-1,451,943,453,-1,453,943,944,-1,453,944,455,-1,455,944,945,-1,455,945,457,-1,457,945,946,-1,457,946,459,-1,459,946,947,-1,459,947,461,-1,461,947,948,-1,461,948,463,-1,463,948,949,-1,463,949,465,-1,465,949,950,-1,465,950,467,-1,467,950,951,-1,467,951,469,-1,469,951,952,-1,469,952,471,-1,471,952,953,-1,471,953,473,-1,473,953,954,-1,473,954,475,-1,475,954,955,-1,475,955,477,-1,477,955,956,-1,477,956,479,-1,479,956,957,-1,479,957,481,-1,481,957,958,-1,481,958,483,-1,483,958,959,-1,483,959,485,-1,485,959,960,-1,485,960,487,-1,487,960,961,-1,487,961,489,-1,489,961,962,-1,489,962,491,-1,491,962,963,-1,491,963,493,-1,493,963,964,-1,493,964,495,-1,495,964,965,-1,495,965,497,-1,497,965,966,-1,497,966,499,-1,499,966,967,-1,499,967,501,-1,501,967,968,-1,501,968,503,-1,503,968,969,-1,503,969,505,-1,505,969,970,-1,505,970,507,-1,507,970,971,-1,507,971,509,-1,509,971,972,-1,509,972,511,-1,511,972,973,-1,511,973,513,-1,513,973,974,-1,513,974,515,-1,515,974,975,-1,515,975,517,-1,517,975,976,-1,517,976,519,-1,519,976,977,-1,519,977,521,-1,521,977,978,-1,521,978,523,-1,523,978,979,-1,523,979,525,-1,525,979,980,-1,525,980,527,-1,527,980,981,-1,527,981,529,-1,529,981,982,-1,529,982,531,-1,531,982,983,-1,531,983,533,-1,533,983,984,-1,533,984,535,-1,535,984,985,-1,535,985,537,-1,537,985,986,-1,537,986,539,-1,539,986,987,-1,539,987,541,-1,541,987,988,-1,541,988,543,-1,543,988,989,-1,543,989,545,-1,545,989,990,-1,545,990,547,-1,547,990,991,-1,547,991,549,-1,549,991,992,-1,549,992,551,-1,551,992,993,-1,551,993,553,-1,553,993,994,-1,553,994,555,-1,555,994,995,-1,555,995,557,-1,557,995,996,-1,557,996,559,-1,559,996,997,-1,559,997,561,-1,561,997,998,-1,561,998,563,-1,563,998,999,-1,563,999,565,-1,565,999,1000,-1,565,1000,567,-1,567,1000,1001,-1,567,1001,569,-1,569,1001,1002,-1,569,1002,571,-1,571,1002,1003,-1,571,1003,573,-1,573,1003,1004,-1,573,1004,575,-1,575,1004,1005,-1,575,1005,577,-1,577,1005,1006,-1,577,1006,579,-1,579,1006,1007,-1,579,1007,581,-1,581,1007,1008,-1,581,1008,583,-1,583,1008,1009,-1,583,1009,585,-1,585,1009,1010,-1,585,1010,587,-1,587,1010,1011,-1,587,1011,589,-1,589,1011,1012,-1,589,1012,591,-1,591,1012,1013,-1,591,1013,593,-1,593,1013,1014,-1,593,1014,595,-1,595,1014,1015,-1,595,1015,597,-1,597,1015,1016,-1,597,1016,599,-1,599,1016,1017,-1,599,1017,601,-1,601,1017,1018,-1,601,1018,603,-1,603,1018,1019,-1,603,1019,605,-1,605,1019,1020,-1,605,1020,607,-1,607,1020,1021,-1,607,1021,609,-1,609,1021,1022,-1,609,1022,611,-1,611,1022,1023,-1,611,1023,613,-1,613,1023,1024,-1,613,1024,615,-1,615,1024,1025,-1,615,1025,617,-1,617,1025,1026,-1,617,1026,619,-1,619,1026,1027,-1,619,1027,621,-1,621,1027,1028,-1,621,1028,623,-1,623,1028,1029,-1,623,1029,625,-1,625,1029,1030,-1,625,1030,627,-1,627,1030,1031,-1,627,1031,629,-1,629,1031,1032,-1,629,1032,631,-1,631,1032,1033,-1,631,1033,633,-1,633,1033,1034,-1,633,1034,635,-1,635,1034,1035,-1,635,1035,637,-1,637,1035,1036,-1,637,1036,639,-1,639,1036,1037,-1,639,1037,641,-1,641,1037,1038,-1,641,1038,643,-1,643,1038,1039,-1,643,1039,645,-1,645,1039,1040,-1,645,1040,647,-1,647,1040,1041,-1,647,1041,649,-1,649,1041,1042,-1,649,1042,651,-1,651,1042,1043,-1,651,1043,653,-1,653,1043,1044,-1,653,1044,655,-1,655,1044,1045,-1,655,1045,657,-1,657,1045,1046,-1,657,1046,659,-1,659,1046,1047,-1,659,1047,661,-1,661,1047,1048,-1,661,1048,663,-1,663,1048,1049,-1,663,1049,665,-1,665,1049,1050,-1,665,1050,667,-1,667,1050,1051,-1,382,360,1052,-1,1052,360,668,-1,1052,668,1053,-1,1053,668,670,-1,1053,670,1054,-1,1054,670,672,-1,1054,672,1055,-1,1055,672,674,-1,1055,674,1056,-1,1056,674,676,-1,1056,676,1057,-1,1057,676,678,-1,1057,678,1058,-1,1058,678,680,-1,1058,680,1059,-1,1059,680,682,-1,1059,682,1060,-1,1060,682,684,-1,1060,684,1061,-1,1061,684,686,-1,1061,686,1062,-1,1062,686,688,-1,1062,688,1063,-1,1063,688,690,-1,1063,690,1064,-1,1064,690,692,-1,1064,692,1065,-1,1065,692,694,-1,1065,694,1066,-1,1066,694,696,-1,1066,696,1067,-1,1067,696,698,-1,1067,698,1068,-1,1068,698,700,-1,1068,700,1069,-1,1069,700,702,-1,1069,702,1070,-1,1070,702,704,-1,1070,704,1071,-1,1071,704,706,-1,1071,706,1072,-1,1072,706,708,-1,1072,708,1073,-1,1073,708,710,-1,1073,710,1074,-1,1074,710,712,-1,1074,712,1075,-1,1075,712,714,-1,1075,714,1076,-1,1076,714,716,-1,1076,716,1077,-1,1077,716,718,-1,1077,718,1078,-1,1078,718,720,-1,1078,720,1079,-1,1079,720,722,-1,1079,722,1080,-1,1080,722,724,-1,1080,724,1081,-1,1081,724,726,-1,1081,726,1082,-1,1082,726,728,-1,1082,728,1083,-1,1083,728,730,-1,1083,730,1084,-1,1084,730,732,-1,1084,732,1085,-1,1085,732,734,-1,1085,734,1086,-1,1086,734,736,-1,1086,736,1087,-1,1087,736,738,-1,1087,738,1088,-1,1088,738,740,-1,1088,740,1089,-1,1089,740,742,-1,1089,742,1090,-1,1090,742,744,-1,1090,744,1091,-1,1091,744,746,-1,1091,746,1092,-1,1092,746,748,-1,1092,748,1093,-1,1093,748,750,-1,1093,750,1094,-1,1094,750,752,-1,1094,752,1095,-1,1095,752,754,-1,1095,754,1096,-1,1096,754,756,-1,1096,756,1097,-1,1097,756,758,-1,1097,758,1098,-1,1098,758,760,-1,1098,760,1099,-1,1099,760,762,-1,1099,762,1100,-1,1100,762,764,-1,1100,764,1101,-1,1101,764,766,-1,1101,766,1102,-1,1102,766,768,-1,1102,768,1103,-1,1103,768,770,-1,1103,770,1104,-1,1104,770,772,-1,1104,772,1105,-1,1105,772,774,-1,1105,774,1106,-1,1106,774,776,-1,1106,776,1107,-1,1107,776,778,-1,1107,778,1108,-1,1108,778,780,-1,1108,780,1109,-1,1109,780,782,-1,1109,782,1110,-1,1110,782,784,-1,1110,784,1111,-1,1111,784,786,-1,1111,786,1112,-1,1112,786,788,-1,1112,788,1113,-1,1113,788,790,-1,1113,790,1114,-1,1114,790,792,-1,1114,792,1115,-1,1115,792,794,-1,1115,794,1116,-1,1116,794,796,-1,1116,796,1117,-1,1117,796,798,-1,1117,798,1118,-1,1118,798,800,-1,1118,800,1119,-1,1119,800,802,-1,1119,802,1120,-1,1120,802,804,-1,1120,804,1121,-1,1121,804,806,-1,1121,806,1122,-1,1122,806,808,-1,1122,808,1123,-1,1123,808,810,-1,1123,810,1124,-1,1124,810,812,-1,1124,812,1125,-1,1125,812,814,-1,1125,814,1126,-1,1126,814,816,-1,1126,816,1127,-1,1127,816,818,-1,1127,818,1128,-1,1128,818,820,-1,1128,820,1129,-1,1129,820,822,-1,1129,822,1130,-1,1130,822,824,-1,1130,824,1131,-1,1131,824,826,-1,1131,826,1132,-1,1132,826,828,-1,1132,828,1133,-1,1133,828,830,-1,1133,830,1134,-1,1134,830,832,-1,1134,832,1135,-1,1135,832,834,-1,1135,834,1136,-1,1136,834,836,-1,1136,836,1137,-1,1137,836,838,-1,1137,838,1138,-1,1138,838,840,-1,1138,840,1139,-1,1139,840,842,-1,1139,842,1140,-1,1140,842,844,-1,1140,844,1141,-1,1141,844,846,-1,1141,846,1142,-1,1142,846,848,-1,1142,848,1143,-1,1143,848,850,-1,1143,850,1144,-1,1144,850,852,-1,1144,852,1145,-1,1145,852,854,-1,1145,854,1146,-1,1146,854,856,-1,1146,856,1147,-1,1147,856,858,-1,1147,858,1148,-1,1148,858,860,-1,1148,860,1149,-1,1149,860,862,-1,1149,862,1150,-1,1150,862,864,-1,1150,864,1151,-1,1151,864,866,-1,1151,866,1152,-1,1152,866,868,-1,1152,868,1153,-1,1153,868,870,-1,1153,870,1154,-1,1154,870,872,-1,1154,872,1155,-1,1155,872,874,-1,1155,874,1156,-1,1156,874,876,-1,1156,876,1157,-1,1157,876,878,-1,1157,878,1158,-1,1158,878,880,-1,1158,880,1159,-1,1159,880,882,-1,1159,882,1160,-1,1160,882,884,-1,1160,884,1161,-1,1161,884,886,-1,1161,886,1162,-1,1162,886,888,-1,1162,888,1163,-1,1163,888,890,-1,1163,890,1164,-1,1164,890,892,-1,1164,892,1165,-1,1165,892,894,-1,1165,894,1166,-1,1166,894,896,-1,1166,896,1167,-1,1167,896,898,-1,1167,898,1168,-1,1168,898,900,-1,1168,900,1169,-1,1169,900,902,-1,1169,902,1170,-1,1170,902,904,-1,1170,904,1171,-1,1171,904,906,-1,1171,906,1172,-1,1172,906,908,-1,1172,908,1173,-1,1173,908,910,-1,1173,910,1174,-1,1174,910,912,-1,1174,912,1175,-1,1175,912,914,-1,1175,914,1176,-1,1176,914,916,-1,1176,916,1177,-1,1177,916,918,-1,1177,918,1178,-1,1178,918,920,-1,1178,920,1179,-1,1179,920,922,-1,384,391,924,-1,924,391,1180,-1,924,1180,925,-1,925,1180,1181,-1,925,1181,926,-1,926,1181,1182,-1,926,1182,927,-1,927,1182,1183,-1,927,1183,928,-1,928,1183,1184,-1,928,1184,929,-1,929,1184,1185,-1,929,1185,930,-1,930,1185,1186,-1,930,1186,931,-1,931,1186,1187,-1,931,1187,932,-1,932,1187,1188,-1,932,1188,933,-1,933,1188,1189,-1,933,1189,934,-1,934,1189,1190,-1,934,1190,935,-1,935,1190,1191,-1,935,1191,936,-1,936,1191,1192,-1,936,1192,937,-1,937,1192,1193,-1,937,1193,938,-1,938,1193,1194,-1,938,1194,939,-1,939,1194,1195,-1,939,1195,940,-1,940,1195,1196,-1,940,1196,941,-1,941,1196,1197,-1,941,1197,942,-1,942,1197,1198,-1,942,1198,943,-1,943,1198,1199,-1,943,1199,944,-1,944,1199,1200,-1,944,1200,945,-1,945,1200,1201,-1,945,1201,946,-1,946,1201,1202,-1,946,1202,947,-1,947,1202,1203,-1,947,1203,948,-1,948,1203,1204,-1,948,1204,949,-1,949,1204,1205,-1,949,1205,950,-1,950,1205,1206,-1,950,1206,951,-1,951,1206,1207,-1,951,1207,952,-1,952,1207,1208,-1,952,1208,953,-1,953,1208,1209,-1,953,1209,954,-1,954,1209,1210,-1,954,1210,955,-1,955,1210,1211,-1,955,1211,956,-1,956,1211,1212,-1,956,1212,957,-1,957,1212,1213,-1,957,1213,958,-1,958,1213,1214,-1,958,1214,959,-1,959,1214,1215,-1,959,1215,960,-1,960,1215,1216,-1,960,1216,961,-1,961,1216,1217,-1,961,1217,962,-1,962,1217,1218,-1,962,1218,963,-1,963,1218,1219,-1,963,1219,964,-1,964,1219,1220,-1,964,1220,965,-1,965,1220,1221,-1,965,1221,966,-1,966,1221,1222,-1,966,1222,967,-1,967,1222,1223,-1,967,1223,968,-1,968,1223,1224,-1,968,1224,969,-1,969,1224,1225,-1,969,1225,970,-1,970,1225,1226,-1,970,1226,971,-1,971,1226,1227,-1,971,1227,972,-1,972,1227,1228,-1,972,1228,973,-1,973,1228,1229,-1,973,1229,974,-1,974,1229,1230,-1,974,1230,975,-1,975,1230,1231,-1,975,1231,976,-1,976,1231,1232,-1,976,1232,977,-1,977,1232,1233,-1,977,1233,978,-1,978,1233,1234,-1,978,1234,979,-1,979,1234,1235,-1,979,1235,980,-1,980,1235,1236,-1,980,1236,981,-1,981,1236,1237,-1,981,1237,982,-1,982,1237,1238,-1,982,1238,983,-1,983,1238,1239,-1,983,1239,984,-1,984,1239,1240,-1,984,1240,985,-1,985,1240,1241,-1,985,1241,986,-1,986,1241,1242,-1,986,1242,987,-1,987,1242,1243,-1,987,1243,988,-1,988,1243,1244,-1,988,1244,989,-1,989,1244,1245,-1,989,1245,990,-1,990,1245,1246,-1,990,1246,991,-1,991,1246,1247,-1,991,1247,992,-1,992,1247,1248,-1,992,1248,993,-1,993,1248,1249,-1,993,1249,994,-1,994,1249,1250,-1,994,1250,995,-1,995,1250,1251,-1,995,1251,996,-1,996,1251,1252,-1,996,1252,997,-1,997,1252,1253,-1,997,1253,998,-1,998,1253,1254,-1,998,1254,999,-1,999,1254,1255,-1,999,1255,1000,-1,1000,1255,1256,-1,1000,1256,1001,-1,1001,1256,1257,-1,1001,1257,1002,-1,1002,1257,1258,-1,1002,1258,1003,-1,1003,1258,1259,-1,1003,1259,1004,-1,1004,1259,1260,-1,1004,1260,1005,-1,1005,1260,1261,-1,1005,1261,1006,-1,1006,1261,1262,-1,1006,1262,1007,-1,1007,1262,1263,-1,1007,1263,1008,-1,1008,1263,1264,-1,1008,1264,1009,-1,1009,1264,1265,-1,1009,1265,1010,-1,1010,1265,1266,-1,1010,1266,1011,-1,1011,1266,1267,-1,1011,1267,1012,-1,1012,1267,1268,-1,1012,1268,1013,-1,1013,1268,1269,-1,1013,1269,1014,-1,1014,1269,1270,-1,1014,1270,1015,-1,1015,1270,1271,-1,1015,1271,1016,-1,1016,1271,1272,-1,1016,1272,1017,-1,1017,1272,1273,-1,1017,1273,1018,-1,1018,1273,1274,-1,1018,1274,1019,-1,1019,1274,1275,-1,1019,1275,1020,-1,1020,1275,1276,-1,1020,1276,1021,-1,1021,1276,1277,-1,1021,1277,1022,-1,1022,1277,1278,-1,1022,1278,1023,-1,1023,1278,1279,-1,1023,1279,1024,-1,1024,1279,1280,-1,1024,1280,1025,-1,1025,1280,1281,-1,1025,1281,1026,-1,1026,1281,1282,-1,1026,1282,1027,-1,1027,1282,1283,-1,1027,1283,1028,-1,1028,1283,1284,-1,1028,1284,1029,-1,1029,1284,1285,-1,1029,1285,1030,-1,1030,1285,1286,-1,1030,1286,1031,-1,1031,1286,1287,-1,1031,1287,1032,-1,1032,1287,1288,-1,1032,1288,1033,-1,1033,1288,1289,-1,1033,1289,1034,-1,1034,1289,1290,-1,1034,1290,1035,-1,1035,1290,1291,-1,1035,1291,1036,-1,1036,1291,1292,-1,1036,1292,1037,-1,1037,1292,1293,-1,1037,1293,1038,-1,1038,1293,1294,-1,1038,1294,1039,-1,1039,1294,1295,-1,1039,1295,1040,-1,1040,1295,1296,-1,1040,1296,1041,-1,1041,1296,1297,-1,1041,1297,1042,-1,1042,1297,1298,-1,1042,1298,1043,-1,1043,1298,1299,-1,1043,1299,1044,-1,1044,1299,1300,-1,1044,1300,1045,-1,1045,1300,1301,-1,1045,1301,1046,-1,1046,1301,1302,-1,1046,1302,1047,-1,1047,1302,1303,-1,1047,1303,1048,-1,1048,1303,1304,-1,1048,1304,1049,-1,1049,1304,1305,-1,1049,1305,1050,-1,1050,1305,1306,-1,1050,1306,1051,-1,1051,1306,1307,-1,383,382,1308,-1,1308,382,1052,-1,1308,1052,1309,-1,1309,1052,1053,-1,1309,1053,1310,-1,1310,1053,1054,-1,1310,1054,1311,-1,1311,1054,1055,-1,1311,1055,1312,-1,1312,1055,1056,-1,1312,1056,1313,-1,1313,1056,1057,-1,1313,1057,1314,-1,1314,1057,1058,-1,1314,1058,1315,-1,1315,1058,1059,-1,1315,1059,1316,-1,1316,1059,1060,-1,1316,1060,1317,-1,1317,1060,1061,-1,1317,1061,1318,-1,1318,1061,1062,-1,1318,1062,1319,-1,1319,1062,1063,-1,1319,1063,1320,-1,1320,1063,1064,-1,1320,1064,1321,-1,1321,1064,1065,-1,1321,1065,1322,-1,1322,1065,1066,-1,1322,1066,1323,-1,1323,1066,1067,-1,1323,1067,1324,-1,1324,1067,1068,-1,1324,1068,1325,-1,1325,1068,1069,-1,1325,1069,1326,-1,1326,1069,1070,-1,1326,1070,1327,-1,1327,1070,1071,-1,1327,1071,1328,-1,1328,1071,1072,-1,1328,1072,1329,-1,1329,1072,1073,-1,1329,1073,1330,-1,1330,1073,1074,-1,1330,1074,1331,-1,1331,1074,1075,-1,1331,1075,1332,-1,1332,1075,1076,-1,1332,1076,1333,-1,1333,1076,1077,-1,1333,1077,1334,-1,1334,1077,1078,-1,1334,1078,1335,-1,1335,1078,1079,-1,1335,1079,1336,-1,1336,1079,1080,-1,1336,1080,1337,-1,1337,1080,1081,-1,1337,1081,1338,-1,1338,1081,1082,-1,1338,1082,1339,-1,1339,1082,1083,-1,1339,1083,1340,-1,1340,1083,1084,-1,1340,1084,1341,-1,1341,1084,1085,-1,1341,1085,1342,-1,1342,1085,1086,-1,1342,1086,1343,-1,1343,1086,1087,-1,1343,1087,1344,-1,1344,1087,1088,-1,1344,1088,1345,-1,1345,1088,1089,-1,1345,1089,1346,-1,1346,1089,1090,-1,1346,1090,1347,-1,1347,1090,1091,-1,1347,1091,1348,-1,1348,1091,1092,-1,1348,1092,1349,-1,1349,1092,1093,-1,1349,1093,1350,-1,1350,1093,1094,-1,1350,1094,1351,-1,1351,1094,1095,-1,1351,1095,1352,-1,1352,1095,1096,-1,1352,1096,1353,-1,1353,1096,1097,-1,1353,1097,1354,-1,1354,1097,1098,-1,1354,1098,1355,-1,1355,1098,1099,-1,1355,1099,1356,-1,1356,1099,1100,-1,1356,1100,1357,-1,1357,1100,1101,-1,1357,1101,1358,-1,1358,1101,1102,-1,1358,1102,1359,-1,1359,1102,1103,-1,1359,1103,1360,-1,1360,1103,1104,-1,1360,1104,1361,-1,1361,1104,1105,-1,1361,1105,1362,-1,1362,1105,1106,-1,1362,1106,1363,-1,1363,1106,1107,-1,1363,1107,1364,-1,1364,1107,1108,-1,1364,1108,1365,-1,1365,1108,1109,-1,1365,1109,1366,-1,1366,1109,1110,-1,1366,1110,1367,-1,1367,1110,1111,-1,1367,1111,1368,-1,1368,1111,1112,-1,1368,1112,1369,-1,1369,1112,1113,-1,1369,1113,1370,-1,1370,1113,1114,-1,1370,1114,1371,-1,1371,1114,1115,-1,1371,1115,1372,-1,1372,1115,1116,-1,1372,1116,1373,-1,1373,1116,1117,-1,1373,1117,1374,-1,1374,1117,1118,-1,1374,1118,1375,-1,1375,1118,1119,-1,1375,1119,1376,-1,1376,1119,1120,-1,1376,1120,1377,-1,1377,1120,1121,-1,1377,1121,1378,-1,1378,1121,1122,-1,1378,1122,1379,-1,1379,1122,1123,-1,1379,1123,1380,-1,1380,1123,1124,-1,1380,1124,1381,-1,1381,1124,1125,-1,1381,1125,1382,-1,1382,1125,1126,-1,1382,1126,1383,-1,1383,1126,1127,-1,1383,1127,1384,-1,1384,1127,1128,-1,1384,1128,1385,-1,1385,1128,1129,-1,1385,1129,1386,-1,1386,1129,1130,-1,1386,1130,1387,-1,1387,1130,1131,-1,1387,1131,1388,-1,1388,1131,1132,-1,1388,1132,1389,-1,1389,1132,1133,-1,1389,1133,1390,-1,1390,1133,1134,-1,1390,1134,1391,-1,1391,1134,1135,-1,1391,1135,1392,-1,1392,1135,1136,-1,1392,1136,1393,-1,1393,1136,1137,-1,1393,1137,1394,-1,1394,1137,1138,-1,1394,1138,1395,-1,1395,1138,1139,-1,1395,1139,1396,-1,1396,1139,1140,-1,1396,1140,1397,-1,1397,1140,1141,-1,1397,1141,1398,-1,1398,1141,1142,-1,1398,1142,1399,-1,1399,1142,1143,-1,1399,1143,1400,-1,1400,1143,1144,-1,1400,1144,1401,-1,1401,1144,1145,-1,1401,1145,1402,-1,1402,1145,1146,-1,1402,1146,1403,-1,1403,1146,1147,-1,1403,1147,1404,-1,1404,1147,1148,-1,1404,1148,1405,-1,1405,1148,1149,-1,1405,1149,1406,-1,1406,1149,1150,-1,1406,1150,1407,-1,1407,1150,1151,-1,1407,1151,1408,-1,1408,1151,1152,-1,1408,1152,1409,-1,1409,1152,1153,-1,1409,1153,1410,-1,1410,1153,1154,-1,1410,1154,1411,-1,1411,1154,1155,-1,1411,1155,1412,-1,1412,1155,1156,-1,1412,1156,1413,-1,1413,1156,1157,-1,1413,1157,1414,-1,1414,1157,1158,-1,1414,1158,1415,-1,1415,1158,1159,-1,1415,1159,1416,-1,1416,1159,1160,-1,1416,1160,1417,-1,1417,1160,1161,-1,1417,1161,1418,-1,1418,1161,1162,-1,1418,1162,1419,-1,1419,1162,1163,-1,1419,1163,1420,-1,1420,1163,1164,-1,1420,1164,1421,-1,1421,1164,1165,-1,1421,1165,1422,-1,1422,1165,1166,-1,1422,1166,1423,-1,1423,1166,1167,-1,1423,1167,1424,-1,1424,1167,1168,-1,1424,1168,1425,-1,1425,1168,1169,-1,1425,1169,1426,-1,1426,1169,1170,-1,1426,1170,1427,-1,1427,1170,1171,-1,1427,1171,1428,-1,1428,1171,1172,-1,1428,1172,1429,-1,1429,1172,1173,-1,1429,1173,1430,-1,1430,1173,1174,-1,1430,1174,1431,-1,1431,1174,1175,-1,1431,1175,1432,-1,1432,1175,1176,-1,1432,1176,1433,-1,1433,1176,1177,-1,1433,1177,1434,-1,1434,1177,1178,-1,1434,1178,1435,-1,1435,1178,1179,-1,391,390,1180,-1,1180,390,1436,-1,1180,1436,1181,-1,1181,1436,1437,-1,1181,1437,1182,-1,1182,1437,1438,-1,1182,1438,1183,-1,1183,1438,1439,-1,1183,1439,1184,-1,1184,1439,1440,-1,1184,1440,1185,-1,1185,1440,1441,-1,1185,1441,1186,-1,1186,1441,1442,-1,1186,1442,1187,-1,1187,1442,1443,-1,1187,1443,1188,-1,1188,1443,1444,-1,1188,1444,1189,-1,1189,1444,1445,-1,1189,1445,1190,-1,1190,1445,1446,-1,1190,1446,1191,-1,1191,1446,1447,-1,1191,1447,1192,-1,1192,1447,1448,-1,1192,1448,1193,-1,1193,1448,1449,-1,1193,1449,1194,-1,1194,1449,1450,-1,1194,1450,1195,-1,1195,1450,1451,-1,1195,1451,1196,-1,1196,1451,1452,-1,1196,1452,1197,-1,1197,1452,1453,-1,1197,1453,1198,-1,1198,1453,1454,-1,1198,1454,1199,-1,1199,1454,1455,-1,1199,1455,1200,-1,1200,1455,1456,-1,1200,1456,1201,-1,1201,1456,1457,-1,1201,1457,1202,-1,1202,1457,1458,-1,1202,1458,1203,-1,1203,1458,1459,-1,1203,1459,1204,-1,1204,1459,1460,-1,1204,1460,1205,-1,1205,1460,1461,-1,1205,1461,1206,-1,1206,1461,1462,-1,1206,1462,1207,-1,1207,1462,1463,-1,1207,1463,1208,-1,1208,1463,1464,-1,1208,1464,1209,-1,1209,1464,1465,-1,1209,1465,1210,-1,1210,1465,1466,-1,1210,1466,1211,-1,1211,1466,1467,-1,1211,1467,1212,-1,1212,1467,1468,-1,1212,1468,1213,-1,1213,1468,1469,-1,1213,1469,1214,-1,1214,1469,1470,-1,1214,1470,1215,-1,1215,1470,1471,-1,1215,1471,1216,-1,1216,1471,1472,-1,1216,1472,1217,-1,1217,1472,1473,-1,1217,1473,1218,-1,1218,1473,1474,-1,1218,1474,1219,-1,1219,1474,1475,-1,1219,1475,1220,-1,1220,1475,1476,-1,1220,1476,1221,-1,1221,1476,1477,-1,1221,1477,1222,-1,1222,1477,1478,-1,1222,1478,1223,-1,1223,1478,1479,-1,1223,1479,1224,-1,1224,1479,1480,-1,1224,1480,1225,-1,1225,1480,1481,-1,1225,1481,1226,-1,1226,1481,1482,-1,1226,1482,1227,-1,1227,1482,1483,-1,1227,1483,1228,-1,1228,1483,1484,-1,1228,1484,1229,-1,1229,1484,1485,-1,1229,1485,1230,-1,1230,1485,1486,-1,1230,1486,1231,-1,1231,1486,1487,-1,1231,1487,1232,-1,1232,1487,1488,-1,1232,1488,1233,-1,1233,1488,1489,-1,1233,1489,1234,-1,1234,1489,1490,-1,1234,1490,1235,-1,1235,1490,1491,-1,1235,1491,1236,-1,1236,1491,1492,-1,1236,1492,1237,-1,1237,1492,1493,-1,1237,1493,1238,-1,1238,1493,1494,-1,1238,1494,1239,-1,1239,1494,1495,-1,1239,1495,1240,-1,1240,1495,1496,-1,1240,1496,1241,-1,1241,1496,1497,-1,1241,1497,1242,-1,1242,1497,1498,-1,1242,1498,1243,-1,1243,1498,1499,-1,1243,1499,1244,-1,1244,1499,1500,-1,1244,1500,1245,-1,1245,1500,1501,-1,1245,1501,1246,-1,1246,1501,1502,-1,1246,1502,1247,-1,1247,1502,1503,-1,1247,1503,1248,-1,1248,1503,1504,-1,1248,1504,1249,-1,1249,1504,1505,-1,1249,1505,1250,-1,1250,1505,1506,-1,1250,1506,1251,-1,1251,1506,1507,-1,1251,1507,1252,-1,1252,1507,1508,-1,1252,1508,1253,-1,1253,1508,1509,-1,1253,1509,1254,-1,1254,1509,1510,-1,1254,1510,1255,-1,1255,1510,1511,-1,1255,1511,1256,-1,1256,1511,1512,-1,1256,1512,1257,-1,1257,1512,1513,-1,1257,1513,1258,-1,1258,1513,1514,-1,1258,1514,1259,-1,1259,1514,1515,-1,1259,1515,1260,-1,1260,1515,1516,-1,1260,1516,1261,-1,1261,1516,1517,-1,1261,1517,1262,-1,1262,1517,1518,-1,1262,1518,1263,-1,1263,1518,1519,-1,1263,1519,1264,-1,1264,1519,1520,-1,1264,1520,1265,-1,1265,1520,1521,-1,1265,1521,1266,-1,1266,1521,1522,-1,1266,1522,1267,-1,1267,1522,1523,-1,1267,1523,1268,-1,1268,1523,1524,-1,1268,1524,1269,-1,1269,1524,1525,-1,1269,1525,1270,-1,1270,1525,1526,-1,1270,1526,1271,-1,1271,1526,1527,-1,1271,1527,1272,-1,1272,1527,1528,-1,1272,1528,1273,-1,1273,1528,1529,-1,1273,1529,1274,-1,1274,1529,1530,-1,1274,1530,1275,-1,1275,1530,1531,-1,1275,1531,1276,-1,1276,1531,1532,-1,1276,1532,1277,-1,1277,1532,1533,-1,1277,1533,1278,-1,1278,1533,1534,-1,1278,1534,1279,-1,1279,1534,1535,-1,1279,1535,1280,-1,1280,1535,1536,-1,1280,1536,1281,-1,1281,1536,1537,-1,1281,1537,1282,-1,1282,1537,1538,-1,1282,1538,1283,-1,1283,1538,1539,-1,1283,1539,1284,-1,1284,1539,1540,-1,1284,1540,1285,-1,1285,1540,1541,-1,1285,1541,1286,-1,1286,1541,1542,-1,1286,1542,1287,-1,1287,1542,1543,-1,1287,1543,1288,-1,1288,1543,1544,-1,1288,1544,1289,-1,1289,1544,1545,-1,1289,1545,1290,-1,1290,1545,1546,-1,1290,1546,1291,-1,1291,1546,1547,-1,1291,1547,1292,-1,1292,1547,1548,-1,1292,1548,1293,-1,1293,1548,1549,-1,1293,1549,1294,-1,1294,1549,1550,-1,1294,1550,1295,-1,1295,1550,1551,-1,1295,1551,1296,-1,1296,1551,1552,-1,1296,1552,1297,-1,1297,1552,1553,-1,1297,1553,1298,-1,1298,1553,1554,-1,1298,1554,1299,-1,1299,1554,1555,-1,1299,1555,1300,-1,1300,1555,1556,-1,1300,1556,1301,-1,1301,1556,1557,-1,1301,1557,1302,-1,1302,1557,1558,-1,1302,1558,1303,-1,1303,1558,1559,-1,1303,1559,1304,-1,1304,1559,1560,-1,1304,1560,1305,-1,1305,1560,1561,-1,1305,1561,1306,-1,1306,1561,1562,-1,1306,1562,1307,-1,1307,1562,1563,-1,379,383,1564,-1,1564,383,1308,-1,1564,1308,1565,-1,1565,1308,1309,-1,1565,1309,1566,-1,1566,1309,1310,-1,1566,1310,1567,-1,1567,1310,1311,-1,1567,1311,1568,-1,1568,1311,1312,-1,1568,1312,1569,-1,1569,1312,1313,-1,1569,1313,1570,-1,1570,1313,1314,-1,1570,1314,1571,-1,1571,1314,1315,-1,1571,1315,1572,-1,1572,1315,1316,-1,1572,1316,1573,-1,1573,1316,1317,-1,1573,1317,1574,-1,1574,1317,1318,-1,1574,1318,1575,-1,1575,1318,1319,-1,1575,1319,1576,-1,1576,1319,1320,-1,1576,1320,1577,-1,1577,1320,1321,-1,1577,1321,1578,-1,1578,1321,1322,-1,1578,1322,1579,-1,1579,1322,1323,-1,1579,1323,1580,-1,1580,1323,1324,-1,1580,1324,1581,-1,1581,1324,1325,-1,1581,1325,1582,-1,1582,1325,1326,-1,1582,1326,1583,-1,1583,1326,1327,-1,1583,1327,1584,-1,1584,1327,1328,-1,1584,1328,1585,-1,1585,1328,1329,-1,1585,1329,1586,-1,1586,1329,1330,-1,1586,1330,1587,-1,1587,1330,1331,-1,1587,1331,1588,-1,1588,1331,1332,-1,1588,1332,1589,-1,1589,1332,1333,-1,1589,1333,1590,-1,1590,1333,1334,-1,1590,1334,1591,-1,1591,1334,1335,-1,1591,1335,1592,-1,1592,1335,1336,-1,1592,1336,1593,-1,1593,1336,1337,-1,1593,1337,1594,-1,1594,1337,1338,-1,1594,1338,1595,-1,1595,1338,1339,-1,1595,1339,1596,-1,1596,1339,1340,-1,1596,1340,1597,-1,1597,1340,1341,-1,1597,1341,1598,-1,1598,1341,1342,-1,1598,1342,1599,-1,1599,1342,1343,-1,1599,1343,1600,-1,1600,1343,1344,-1,1600,1344,1601,-1,1601,1344,1345,-1,1601,1345,1602,-1,1602,1345,1346,-1,1602,1346,1603,-1,1603,1346,1347,-1,1603,1347,1604,-1,1604,1347,1348,-1,1604,1348,1605,-1,1605,1348,1349,-1,1605,1349,1606,-1,1606,1349,1350,-1,1606,1350,1607,-1,1607,1350,1351,-1,1607,1351,1608,-1,1608,1351,1352,-1,1608,1352,1609,-1,1609,1352,1353,-1,1609,1353,1610,-1,1610,1353,1354,-1,1610,1354,1611,-1,1611,1354,1355,-1,1611,1355,1612,-1,1612,1355,1356,-1,1612,1356,1613,-1,1613,1356,1357,-1,1613,1357,1614,-1,1614,1357,1358,-1,1614,1358,1615,-1,1615,1358,1359,-1,1615,1359,1616,-1,1616,1359,1360,-1,1616,1360,1617,-1,1617,1360,1361,-1,1617,1361,1618,-1,1618,1361,1362,-1,1618,1362,1619,-1,1619,1362,1363,-1,1619,1363,1620,-1,1620,1363,1364,-1,1620,1364,1621,-1,1621,1364,1365,-1,1621,1365,1622,-1,1622,1365,1366,-1,1622,1366,1623,-1,1623,1366,1367,-1,1623,1367,1624,-1,1624,1367,1368,-1,1624,1368,1625,-1,1625,1368,1369,-1,1625,1369,1626,-1,1626,1369,1370,-1,1626,1370,1627,-1,1627,1370,1371,-1,1627,1371,1628,-1,1628,1371,1372,-1,1628,1372,1629,-1,1629,1372,1373,-1,1629,1373,1630,-1,1630,1373,1374,-1,1630,1374,1631,-1,1631,1374,1375,-1,1631,1375,1632,-1,1632,1375,1376,-1,1632,1376,1633,-1,1633,1376,1377,-1,1633,1377,1634,-1,1634,1377,1378,-1,1634,1378,1635,-1,1635,1378,1379,-1,1635,1379,1636,-1,1636,1379,1380,-1,1636,1380,1637,-1,1637,1380,1381,-1,1637,1381,1638,-1,1638,1381,1382,-1,1638,1382,1639,-1,1639,1382,1383,-1,1639,1383,1640,-1,1640,1383,1384,-1,1640,1384,1641,-1,1641,1384,1385,-1,1641,1385,1642,-1,1642,1385,1386,-1,1642,1386,1643,-1,1643,1386,1387,-1,1643,1387,1644,-1,1644,1387,1388,-1,1644,1388,1645,-1,1645,1388,1389,-1,1645,1389,1646,-1,1646,1389,1390,-1,1646,1390,1647,-1,1647,1390,1391,-1,1647,1391,1648,-1,1648,1391,1392,-1,1648,1392,1649,-1,1649,1392,1393,-1,1649,1393,1650,-1,1650,1393,1394,-1,1650,1394,1651,-1,1651,1394,1395,-1,1651,1395,1652,-1,1652,1395,1396,-1,1652,1396,1653,-1,1653,1396,1397,-1,1653,1397,1654,-1,1654,1397,1398,-1,1654,1398,1655,-1,1655,1398,1399,-1,1655,1399,1656,-1,1656,1399,1400,-1,1656,1400,1657,-1,1657,1400,1401,-1,1657,1401,1658,-1,1658,1401,1402,-1,1658,1402,1659,-1,1659,1402,1403,-1,1659,1403,1660,-1,1660,1403,1404,-1,1660,1404,1661,-1,1661,1404,1405,-1,1661,1405,1662,-1,1662,1405,1406,-1,1662,1406,1663,-1,1663,1406,1407,-1,1663,1407,1664,-1,1664,1407,1408,-1,1664,1408,1665,-1,1665,1408,1409,-1,1665,1409,1666,-1,1666,1409,1410,-1,1666,1410,1667,-1,1667,1410,1411,-1,1667,1411,1668,-1,1668,1411,1412,-1,1668,1412,1669,-1,1669,1412,1413,-1,1669,1413,1670,-1,1670,1413,1414,-1,1670,1414,1671,-1,1671,1414,1415,-1,1671,1415,1672,-1,1672,1415,1416,-1,1672,1416,1673,-1,1673,1416,1417,-1,1673,1417,1674,-1,1674,1417,1418,-1,1674,1418,1675,-1,1675,1418,1419,-1,1675,1419,1676,-1,1676,1419,1420,-1,1676,1420,1677,-1,1677,1420,1421,-1,1677,1421,1678,-1,1678,1421,1422,-1,1678,1422,1679,-1,1679,1422,1423,-1,1679,1423,1680,-1,1680,1423,1424,-1,1680,1424,1681,-1,1681,1424,1425,-1,1681,1425,1682,-1,1682,1425,1426,-1,1682,1426,1683,-1,1683,1426,1427,-1,1683,1427,1684,-1,1684,1427,1428,-1,1684,1428,1685,-1,1685,1428,1429,-1,1685,1429,1686,-1,1686,1429,1430,-1,1686,1430,1687,-1,1687,1430,1431,-1,1687,1431,1688,-1,1688,1431,1432,-1,1688,1432,1689,-1,1689,1432,1433,-1,1689,1433,1690,-1,1690,1433,1434,-1,1690,1434,1691,-1,1691,1434,1435,-1,390,389,1436,-1,1436,389,1692,-1,1436,1692,1437,-1,1437,1692,1693,-1,1437,1693,1438,-1,1438,1693,1694,-1,1438,1694,1439,-1,1439,1694,1695,-1,1439,1695,1440,-1,1440,1695,1696,-1,1440,1696,1441,-1,1441,1696,1697,-1,1441,1697,1442,-1,1442,1697,1698,-1,1442,1698,1443,-1,1443,1698,1699,-1,1443,1699,1444,-1,1444,1699,1700,-1,1444,1700,1445,-1,1445,1700,1701,-1,1445,1701,1446,-1,1446,1701,1702,-1,1446,1702,1447,-1,1447,1702,1703,-1,1447,1703,1448,-1,1448,1703,1704,-1,1448,1704,1449,-1,1449,1704,1705,-1,1449,1705,1450,-1,1450,1705,1706,-1,1450,1706,1451,-1,1451,1706,1707,-1,1451,1707,1452,-1,1452,1707,1708,-1,1452,1708,1453,-1,1453,1708,1709,-1,1453,1709,1454,-1,1454,1709,1710,-1,1454,1710,1455,-1,1455,1710,1711,-1,1455,1711,1456,-1,1456,1711,1712,-1,1456,1712,1457,-1,1457,1712,1713,-1,1457,1713,1458,-1,1458,1713,1714,-1,1458,1714,1459,-1,1459,1714,1715,-1,1459,1715,1460,-1,1460,1715,1716,-1,1460,1716,1461,-1,1461,1716,1717,-1,1461,1717,1462,-1,1462,1717,1718,-1,1462,1718,1463,-1,1463,1718,1719,-1,1463,1719,1464,-1,1464,1719,1720,-1,1464,1720,1465,-1,1465,1720,1721,-1,1465,1721,1466,-1,1466,1721,1722,-1,1466,1722,1467,-1,1467,1722,1723,-1,1467,1723,1468,-1,1468,1723,1724,-1,1468,1724,1469,-1,1469,1724,1725,-1,1469,1725,1470,-1,1470,1725,1726,-1,1470,1726,1471,-1,1471,1726,1727,-1,1471,1727,1472,-1,1472,1727,1728,-1,1472,1728,1473,-1,1473,1728,1729,-1,1473,1729,1474,-1,1474,1729,1730,-1,1474,1730,1475,-1,1475,1730,1731,-1,1475,1731,1476,-1,1476,1731,1732,-1,1476,1732,1477,-1,1477,1732,1733,-1,1477,1733,1478,-1,1478,1733,1734,-1,1478,1734,1479,-1,1479,1734,1735,-1,1479,1735,1480,-1,1480,1735,1736,-1,1480,1736,1481,-1,1481,1736,1737,-1,1481,1737,1482,-1,1482,1737,1738,-1,1482,1738,1483,-1,1483,1738,1739,-1,1483,1739,1484,-1,1484,1739,1740,-1,1484,1740,1485,-1,1485,1740,1741,-1,1485,1741,1486,-1,1486,1741,1742,-1,1486,1742,1487,-1,1487,1742,1743,-1,1487,1743,1488,-1,1488,1743,1744,-1,1488,1744,1489,-1,1489,1744,1745,-1,1489,1745,1490,-1,1490,1745,1746,-1,1490,1746,1491,-1,1491,1746,1747,-1,1491,1747,1492,-1,1492,1747,1748,-1,1492,1748,1493,-1,1493,1748,1749,-1,1493,1749,1494,-1,1494,1749,1750,-1,1494,1750,1495,-1,1495,1750,1751,-1,1495,1751,1496,-1,1496,1751,1752,-1,1496,1752,1497,-1,1497,1752,1753,-1,1497,1753,1498,-1,1498,1753,1754,-1,1498,1754,1499,-1,1499,1754,1755,-1,1499,1755,1500,-1,1500,1755,1756,-1,1500,1756,1501,-1,1501,1756,1757,-1,1501,1757,1502,-1,1502,1757,1758,-1,1502,1758,1503,-1,1503,1758,1759,-1,1503,1759,1504,-1,1504,1759,1760,-1,1504,1760,1505,-1,1505,1760,1761,-1,1505,1761,1506,-1,1506,1761,1762,-1,1506,1762,1507,-1,1507,1762,1763,-1,1507,1763,1508,-1,1508,1763,1764,-1,1508,1764,1509,-1,1509,1764,1765,-1,1509,1765,1510,-1,1510,1765,1766,-1,1510,1766,1511,-1,1511,1766,1767,-1,1511,1767,1512,-1,1512,1767,1768,-1,1512,1768,1513,-1,1513,1768,1769,-1,1513,1769,1514,-1,1514,1769,1770,-1,1514,1770,1515,-1,1515,1770,1771,-1,1515,1771,1516,-1,1516,1771,1772,-1,1516,1772,1517,-1,1517,1772,1773,-1,1517,1773,1518,-1,1518,1773,1774,-1,1518,1774,1519,-1,1519,1774,1775,-1,1519,1775,1520,-1,1520,1775,1776,-1,1520,1776,1521,-1,1521,1776,1777,-1,1521,1777,1522,-1,1522,1777,1778,-1,1522,1778,1523,-1,1523,1778,1779,-1,1523,1779,1524,-1,1524,1779,1780,-1,1524,1780,1525,-1,1525,1780,1781,-1,1525,1781,1526,-1,1526,1781,1782,-1,1526,1782,1527,-1,1527,1782,1783,-1,1527,1783,1528,-1,1528,1783,1784,-1,1528,1784,1529,-1,1529,1784,1785,-1,1529,1785,1530,-1,1530,1785,1786,-1,1530,1786,1531,-1,1531,1786,1787,-1,1531,1787,1532,-1,1532,1787,1788,-1,1532,1788,1533,-1,1533,1788,1789,-1,1533,1789,1534,-1,1534,1789,1790,-1,1534,1790,1535,-1,1535,1790,1791,-1,1535,1791,1536,-1,1536,1791,1792,-1,1536,1792,1537,-1,1537,1792,1793,-1,1537,1793,1538,-1,1538,1793,1794,-1,1538,1794,1539,-1,1539,1794,1795,-1,1539,1795,1540,-1,1540,1795,1796,-1,1540,1796,1541,-1,1541,1796,1797,-1,1541,1797,1542,-1,1542,1797,1798,-1,1542,1798,1543,-1,1543,1798,1799,-1,1543,1799,1544,-1,1544,1799,1800,-1,1544,1800,1545,-1,1545,1800,1801,-1,1545,1801,1546,-1,1546,1801,1802,-1,1546,1802,1547,-1,1547,1802,1803,-1,1547,1803,1548,-1,1548,1803,1804,-1,1548,1804,1549,-1,1549,1804,1805,-1,1549,1805,1550,-1,1550,1805,1806,-1,1550,1806,1551,-1,1551,1806,1807,-1,1551,1807,1552,-1,1552,1807,1808,-1,1552,1808,1553,-1,1553,1808,1809,-1,1553,1809,1554,-1,1554,1809,1810,-1,1554,1810,1555,-1,1555,1810,1811,-1,1555,1811,1556,-1,1556,1811,1812,-1,1556,1812,1557,-1,1557,1812,1813,-1,1557,1813,1558,-1,1558,1813,1814,-1,1558,1814,1559,-1,1559,1814,1815,-1,1559,1815,1560,-1,1560,1815,1816,-1,1560,1816,1561,-1,1561,1816,1817,-1,1561,1817,1562,-1,1562,1817,1818,-1,1562,1818,1563,-1,1563,1818,1819,-1,380,379,1820,-1,1820,379,1564,-1,1820,1564,1821,-1,1821,1564,1565,-1,1821,1565,1822,-1,1822,1565,1566,-1,1822,1566,1823,-1,1823,1566,1567,-1,1823,1567,1824,-1,1824,1567,1568,-1,1824,1568,1825,-1,1825,1568,1569,-1,1825,1569,1826,-1,1826,1569,1570,-1,1826,1570,1827,-1,1827,1570,1571,-1,1827,1571,1828,-1,1828,1571,1572,-1,1828,1572,1829,-1,1829,1572,1573,-1,1829,1573,1830,-1,1830,1573,1574,-1,1830,1574,1831,-1,1831,1574,1575,-1,1831,1575,1832,-1,1832,1575,1576,-1,1832,1576,1833,-1,1833,1576,1577,-1,1833,1577,1834,-1,1834,1577,1578,-1,1834,1578,1835,-1,1835,1578,1579,-1,1835,1579,1836,-1,1836,1579,1580,-1,1836,1580,1837,-1,1837,1580,1581,-1,1837,1581,1838,-1,1838,1581,1582,-1,1838,1582,1839,-1,1839,1582,1583,-1,1839,1583,1840,-1,1840,1583,1584,-1,1840,1584,1841,-1,1841,1584,1585,-1,1841,1585,1842,-1,1842,1585,1586,-1,1842,1586,1843,-1,1843,1586,1587,-1,1843,1587,1844,-1,1844,1587,1588,-1,1844,1588,1845,-1,1845,1588,1589,-1,1845,1589,1846,-1,1846,1589,1590,-1,1846,1590,1847,-1,1847,1590,1591,-1,1847,1591,1848,-1,1848,1591,1592,-1,1848,1592,1849,-1,1849,1592,1593,-1,1849,1593,1850,-1,1850,1593,1594,-1,1850,1594,1851,-1,1851,1594,1595,-1,1851,1595,1852,-1,1852,1595,1596,-1,1852,1596,1853,-1,1853,1596,1597,-1,1853,1597,1854,-1,1854,1597,1598,-1,1854,1598,1855,-1,1855,1598,1599,-1,1855,1599,1856,-1,1856,1599,1600,-1,1856,1600,1857,-1,1857,1600,1601,-1,1857,1601,1858,-1,1858,1601,1602,-1,1858,1602,1859,-1,1859,1602,1603,-1,1859,1603,1860,-1,1860,1603,1604,-1,1860,1604,1861,-1,1861,1604,1605,-1,1861,1605,1862,-1,1862,1605,1606,-1,1862,1606,1863,-1,1863,1606,1607,-1,1863,1607,1864,-1,1864,1607,1608,-1,1864,1608,1865,-1,1865,1608,1609,-1,1865,1609,1866,-1,1866,1609,1610,-1,1866,1610,1867,-1,1867,1610,1611,-1,1867,1611,1868,-1,1868,1611,1612,-1,1868,1612,1869,-1,1869,1612,1613,-1,1869,1613,1870,-1,1870,1613,1614,-1,1870,1614,1871,-1,1871,1614,1615,-1,1871,1615,1872,-1,1872,1615,1616,-1,1872,1616,1873,-1,1873,1616,1617,-1,1873,1617,1874,-1,1874,1617,1618,-1,1874,1618,1875,-1,1875,1618,1619,-1,1875,1619,1876,-1,1876,1619,1620,-1,1876,1620,1877,-1,1877,1620,1621,-1,1877,1621,1878,-1,1878,1621,1622,-1,1878,1622,1879,-1,1879,1622,1623,-1,1879,1623,1880,-1,1880,1623,1624,-1,1880,1624,1881,-1,1881,1624,1625,-1,1881,1625,1882,-1,1882,1625,1626,-1,1882,1626,1883,-1,1883,1626,1627,-1,1883,1627,1884,-1,1884,1627,1628,-1,1884,1628,1885,-1,1885,1628,1629,-1,1885,1629,1886,-1,1886,1629,1630,-1,1886,1630,1887,-1,1887,1630,1631,-1,1887,1631,1888,-1,1888,1631,1632,-1,1888,1632,1889,-1,1889,1632,1633,-1,1889,1633,1890,-1,1890,1633,1634,-1,1890,1634,1891,-1,1891,1634,1635,-1,1891,1635,1892,-1,1892,1635,1636,-1,1892,1636,1893,-1,1893,1636,1637,-1,1893,1637,1894,-1,1894,1637,1638,-1,1894,1638,1895,-1,1895,1638,1639,-1,1895,1639,1896,-1,1896,1639,1640,-1,1896,1640,1897,-1,1897,1640,1641,-1,1897,1641,1898,-1,1898,1641,1642,-1,1898,1642,1899,-1,1899,1642,1643,-1,1899,1643,1900,-1,1900,1643,1644,-1,1900,1644,1901,-1,1901,1644,1645,-1,1901,1645,1902,-1,1902,1645,1646,-1,1902,1646,1903,-1,1903,1646,1647,-1,1903,1647,1904,-1,1904,1647,1648,-1,1904,1648,1905,-1,1905,1648,1649,-1,1905,1649,1906,-1,1906,1649,1650,-1,1906,1650,1907,-1,1907,1650,1651,-1,1907,1651,1908,-1,1908,1651,1652,-1,1908,1652,1909,-1,1909,1652,1653,-1,1909,1653,1910,-1,1910,1653,1654,-1,1910,1654,1911,-1,1911,1654,1655,-1,1911,1655,1912,-1,1912,1655,1656,-1,1912,1656,1913,-1,1913,1656,1657,-1,1913,1657,1914,-1,1914,1657,1658,-1,1914,1658,1915,-1,1915,1658,1659,-1,1915,1659,1916,-1,1916,1659,1660,-1,1916,1660,1917,-1,1917,1660,1661,-1,1917,1661,1918,-1,1918,1661,1662,-1,1918,1662,1919,-1,1919,1662,1663,-1,1919,1663,1920,-1,1920,1663,1664,-1,1920,1664,1921,-1,1921,1664,1665,-1,1921,1665,1922,-1,1922,1665,1666,-1,1922,1666,1923,-1,1923,1666,1667,-1,1923,1667,1924,-1,1924,1667,1668,-1,1924,1668,1925,-1,1925,1668,1669,-1,1925,1669,1926,-1,1926,1669,1670,-1,1926,1670,1927,-1,1927,1670,1671,-1,1927,1671,1928,-1,1928,1671,1672,-1,1928,1672,1929,-1,1929,1672,1673,-1,1929,1673,1930,-1,1930,1673,1674,-1,1930,1674,1931,-1,1931,1674,1675,-1,1931,1675,1932,-1,1932,1675,1676,-1,1932,1676,1933,-1,1933,1676,1677,-1,1933,1677,1934,-1,1934,1677,1678,-1,1934,1678,1935,-1,1935,1678,1679,-1,1935,1679,1936,-1,1936,1679,1680,-1,1936,1680,1937,-1,1937,1680,1681,-1,1937,1681,1938,-1,1938,1681,1682,-1,1938,1682,1939,-1,1939,1682,1683,-1,1939,1683,1940,-1,1940,1683,1684,-1,1940,1684,1941,-1,1941,1684,1685,-1,1941,1685,1942,-1,1942,1685,1686,-1,1942,1686,1943,-1,1943,1686,1687,-1,1943,1687,1944,-1,1944,1687,1688,-1,1944,1688,1945,-1,1945,1688,1689,-1,1945,1689,1946,-1,1946,1689,1690,-1,1946,1690,1947,-1,1947,1690,1691,-1,389,394,1692,-1,1692,394,1948,-1,1692,1948,1693,-1,1693,1948,1949,-1,1693,1949,1694,-1,1694,1949,1950,-1,1694,1950,1695,-1,1695,1950,1951,-1,1695,1951,1696,-1,1696,1951,1952,-1,1696,1952,1697,-1,1697,1952,1953,-1,1697,1953,1698,-1,1698,1953,1954,-1,1698,1954,1699,-1,1699,1954,1955,-1,1699,1955,1700,-1,1700,1955,1956,-1,1700,1956,1701,-1,1701,1956,1957,-1,1701,1957,1702,-1,1702,1957,1958,-1,1702,1958,1703,-1,1703,1958,1959,-1,1703,1959,1704,-1,1704,1959,1960,-1,1704,1960,1705,-1,1705,1960,1961,-1,1705,1961,1706,-1,1706,1961,1962,-1,1706,1962,1707,-1,1707,1962,1963,-1,1707,1963,1708,-1,1708,1963,1964,-1,1708,1964,1709,-1,1709,1964,1965,-1,1709,1965,1710,-1,1710,1965,1966,-1,1710,1966,1711,-1,1711,1966,1967,-1,1711,1967,1712,-1,1712,1967,1968,-1,1712,1968,1713,-1,1713,1968,1969,-1,1713,1969,1714,-1,1714,1969,1970,-1,1714,1970,1715,-1,1715,1970,1971,-1,1715,1971,1716,-1,1716,1971,1972,-1,1716,1972,1717,-1,1717,1972,1973,-1,1717,1973,1718,-1,1718,1973,1974,-1,1718,1974,1719,-1,1719,1974,1975,-1,1719,1975,1720,-1,1720,1975,1976,-1,1720,1976,1721,-1,1721,1976,1977,-1,1721,1977,1722,-1,1722,1977,1978,-1,1722,1978,1723,-1,1723,1978,1979,-1,1723,1979,1724,-1,1724,1979,1980,-1,1724,1980,1725,-1,1725,1980,1981,-1,1725,1981,1726,-1,1726,1981,1982,-1,1726,1982,1727,-1,1727,1982,1983,-1,1727,1983,1728,-1,1728,1983,1984,-1,1728,1984,1729,-1,1729,1984,1985,-1,1729,1985,1730,-1,1730,1985,1986,-1,1730,1986,1731,-1,1731,1986,1987,-1,1731,1987,1732,-1,1732,1987,1988,-1,1732,1988,1733,-1,1733,1988,1989,-1,1733,1989,1734,-1,1734,1989,1990,-1,1734,1990,1735,-1,1735,1990,1991,-1,1735,1991,1736,-1,1736,1991,1992,-1,1736,1992,1737,-1,1737,1992,1993,-1,1737,1993,1738,-1,1738,1993,1994,-1,1738,1994,1739,-1,1739,1994,1995,-1,1739,1995,1740,-1,1740,1995,1996,-1,1740,1996,1741,-1,1741,1996,1997,-1,1741,1997,1742,-1,1742,1997,1998,-1,1742,1998,1743,-1,1743,1998,1999,-1,1743,1999,1744,-1,1744,1999,2000,-1,1744,2000,1745,-1,1745,2000,2001,-1,1745,2001,1746,-1,1746,2001,2002,-1,1746,2002,1747,-1,1747,2002,2003,-1,1747,2003,1748,-1,1748,2003,2004,-1,1748,2004,1749,-1,1749,2004,2005,-1,1749,2005,1750,-1,1750,2005,2006,-1,1750,2006,1751,-1,1751,2006,2007,-1,1751,2007,1752,-1,1752,2007,2008,-1,1752,2008,1753,-1,1753,2008,2009,-1,1753,2009,1754,-1,1754,2009,2010,-1,1754,2010,1755,-1,1755,2010,2011,-1,1755,2011,1756,-1,1756,2011,2012,-1,1756,2012,1757,-1,1757,2012,2013,-1,1757,2013,1758,-1,1758,2013,2014,-1,1758,2014,1759,-1,1759,2014,2015,-1,1759,2015,1760,-1,1760,2015,2016,-1,1760,2016,1761,-1,1761,2016,2017,-1,1761,2017,1762,-1,1762,2017,2018,-1,1762,2018,1763,-1,1763,2018,2019,-1,1763,2019,1764,-1,1764,2019,2020,-1,1764,2020,1765,-1,1765,2020,2021,-1,1765,2021,1766,-1,1766,2021,2022,-1,1766,2022,1767,-1,1767,2022,2023,-1,1767,2023,1768,-1,1768,2023,2024,-1,1768,2024,1769,-1,1769,2024,2025,-1,1769,2025,1770,-1,1770,2025,2026,-1,1770,2026,1771,-1,1771,2026,2027,-1,1771,2027,1772,-1,1772,2027,2028,-1,1772,2028,1773,-1,1773,2028,2029,-1,1773,2029,1774,-1,1774,2029,2030,-1,1774,2030,1775,-1,1775,2030,2031,-1,1775,2031,1776,-1,1776,2031,2032,-1,1776,2032,1777,-1,1777,2032,2033,-1,1777,2033,1778,-1,1778,2033,2034,-1,1778,2034,1779,-1,1779,2034,2035,-1,1779,2035,1780,-1,1780,2035,2036,-1,1780,2036,1781,-1,1781,2036,2037,-1,1781,2037,1782,-1,1782,2037,2038,-1,1782,2038,1783,-1,1783,2038,2039,-1,1783,2039,1784,-1,1784,2039,2040,-1,1784,2040,1785,-1,1785,2040,2041,-1,1785,2041,1786,-1,1786,2041,2042,-1,1786,2042,1787,-1,1787,2042,2043,-1,1787,2043,1788,-1,1788,2043,2044,-1,1788,2044,1789,-1,1789,2044,2045,-1,1789,2045,1790,-1,1790,2045,2046,-1,1790,2046,1791,-1,1791,2046,2047,-1,1791,2047,1792,-1,1792,2047,2048,-1,1792,2048,1793,-1,1793,2048,2049,-1,1793,2049,1794,-1,1794,2049,2050,-1,1794,2050,1795,-1,1795,2050,2051,-1,1795,2051,1796,-1,1796,2051,2052,-1,1796,2052,1797,-1,1797,2052,2053,-1,1797,2053,1798,-1,1798,2053,2054,-1,1798,2054,1799,-1,1799,2054,2055,-1,1799,2055,1800,-1,1800,2055,2056,-1,1800,2056,1801,-1,1801,2056,2057,-1,1801,2057,1802,-1,1802,2057,2058,-1,1802,2058,1803,-1,1803,2058,2059,-1,1803,2059,1804,-1,1804,2059,2060,-1,1804,2060,1805,-1,1805,2060,2061,-1,1805,2061,1806,-1,1806,2061,2062,-1,1806,2062,1807,-1,1807,2062,2063,-1,1807,2063,1808,-1,1808,2063,2064,-1,1808,2064,1809,-1,1809,2064,2065,-1,1809,2065,1810,-1,1810,2065,2066,-1,1810,2066,1811,-1,1811,2066,2067,-1,1811,2067,1812,-1,1812,2067,2068,-1,1812,2068,1813,-1,1813,2068,2069,-1,1813,2069,1814,-1,1814,2069,2070,-1,1814,2070,1815,-1,1815,2070,2071,-1,1815,2071,1816,-1,1816,2071,2072,-1,1816,2072,1817,-1,1817,2072,2073,-1,1817,2073,1818,-1,1818,2073,2074,-1,1818,2074,1819,-1,1819,2074,2075,-1,381,380,2076,-1,2076,380,1820,-1,2076,1820,2077,-1,2077,1820,1821,-1,2077,1821,2078,-1,2078,1821,1822,-1,2078,1822,2079,-1,2079,1822,1823,-1,2079,1823,2080,-1,2080,1823,1824,-1,2080,1824,2081,-1,2081,1824,1825,-1,2081,1825,2082,-1,2082,1825,1826,-1,2082,1826,2083,-1,2083,1826,1827,-1,2083,1827,2084,-1,2084,1827,1828,-1,2084,1828,2085,-1,2085,1828,1829,-1,2085,1829,2086,-1,2086,1829,1830,-1,2086,1830,2087,-1,2087,1830,1831,-1,2087,1831,2088,-1,2088,1831,1832,-1,2088,1832,2089,-1,2089,1832,1833,-1,2089,1833,2090,-1,2090,1833,1834,-1,2090,1834,2091,-1,2091,1834,1835,-1,2091,1835,2092,-1,2092,1835,1836,-1,2092,1836,2093,-1,2093,1836,1837,-1,2093,1837,2094,-1,2094,1837,1838,-1,2094,1838,2095,-1,2095,1838,1839,-1,2095,1839,2096,-1,2096,1839,1840,-1,2096,1840,2097,-1,2097,1840,1841,-1,2097,1841,2098,-1,2098,1841,1842,-1,2098,1842,2099,-1,2099,1842,1843,-1,2099,1843,2100,-1,2100,1843,1844,-1,2100,1844,2101,-1,2101,1844,1845,-1,2101,1845,2102,-1,2102,1845,1846,-1,2102,1846,2103,-1,2103,1846,1847,-1,2103,1847,2104,-1,2104,1847,1848,-1,2104,1848,2105,-1,2105,1848,1849,-1,2105,1849,2106,-1,2106,1849,1850,-1,2106,1850,2107,-1,2107,1850,1851,-1,2107,1851,2108,-1,2108,1851,1852,-1,2108,1852,2109,-1,2109,1852,1853,-1,2109,1853,2110,-1,2110,1853,1854,-1,2110,1854,2111,-1,2111,1854,1855,-1,2111,1855,2112,-1,2112,1855,1856,-1,2112,1856,2113,-1,2113,1856,1857,-1,2113,1857,2114,-1,2114,1857,1858,-1,2114,1858,2115,-1,2115,1858,1859,-1,2115,1859,2116,-1,2116,1859,1860,-1,2116,1860,2117,-1,2117,1860,1861,-1,2117,1861,2118,-1,2118,1861,1862,-1,2118,1862,2119,-1,2119,1862,1863,-1,2119,1863,2120,-1,2120,1863,1864,-1,2120,1864,2121,-1,2121,1864,1865,-1,2121,1865,2122,-1,2122,1865,1866,-1,2122,1866,2123,-1,2123,1866,1867,-1,2123,1867,2124,-1,2124,1867,1868,-1,2124,1868,2125,-1,2125,1868,1869,-1,2125,1869,2126,-1,2126,1869,1870,-1,2126,1870,2127,-1,2127,1870,1871,-1,2127,1871,2128,-1,2128,1871,1872,-1,2128,1872,2129,-1,2129,1872,1873,-1,2129,1873,2130,-1,2130,1873,1874,-1,2130,1874,2131,-1,2131,1874,1875,-1,2131,1875,2132,-1,2132,1875,1876,-1,2132,1876,2133,-1,2133,1876,1877,-1,2133,1877,2134,-1,2134,1877,1878,-1,2134,1878,2135,-1,2135,1878,1879,-1,2135,1879,2136,-1,2136,1879,1880,-1,2136,1880,2137,-1,2137,1880,1881,-1,2137,1881,2138,-1,2138,1881,1882,-1,2138,1882,2139,-1,2139,1882,1883,-1,2139,1883,2140,-1,2140,1883,1884,-1,2140,1884,2141,-1,2141,1884,1885,-1,2141,1885,2142,-1,2142,1885,1886,-1,2142,1886,2143,-1,2143,1886,1887,-1,2143,1887,2144,-1,2144,1887,1888,-1,2144,1888,2145,-1,2145,1888,1889,-1,2145,1889,2146,-1,2146,1889,1890,-1,2146,1890,2147,-1,2147,1890,1891,-1,2147,1891,2148,-1,2148,1891,1892,-1,2148,1892,2149,-1,2149,1892,1893,-1,2149,1893,2150,-1,2150,1893,1894,-1,2150,1894,2151,-1,2151,1894,1895,-1,2151,1895,2152,-1,2152,1895,1896,-1,2152,1896,2153,-1,2153,1896,1897,-1,2153,1897,2154,-1,2154,1897,1898,-1,2154,1898,2155,-1,2155,1898,1899,-1,2155,1899,2156,-1,2156,1899,1900,-1,2156,1900,2157,-1,2157,1900,1901,-1,2157,1901,2158,-1,2158,1901,1902,-1,2158,1902,2159,-1,2159,1902,1903,-1,2159,1903,2160,-1,2160,1903,1904,-1,2160,1904,2161,-1,2161,1904,1905,-1,2161,1905,2162,-1,2162,1905,1906,-1,2162,1906,2163,-1,2163,1906,1907,-1,2163,1907,2164,-1,2164,1907,1908,-1,2164,1908,2165,-1,2165,1908,1909,-1,2165,1909,2166,-1,2166,1909,1910,-1,2166,1910,2167,-1,2167,1910,1911,-1,2167,1911,2168,-1,2168,1911,1912,-1,2168,1912,2169,-1,2169,1912,1913,-1,2169,1913,2170,-1,2170,1913,1914,-1,2170,1914,2171,-1,2171,1914,1915,-1,2171,1915,2172,-1,2172,1915,1916,-1,2172,1916,2173,-1,2173,1916,1917,-1,2173,1917,2174,-1,2174,1917,1918,-1,2174,1918,2175,-1,2175,1918,1919,-1,2175,1919,2176,-1,2176,1919,1920,-1,2176,1920,2177,-1,2177,1920,1921,-1,2177,1921,2178,-1,2178,1921,1922,-1,2178,1922,2179,-1,2179,1922,1923,-1,2179,1923,2180,-1,2180,1923,1924,-1,2180,1924,2181,-1,2181,1924,1925,-1,2181,1925,2182,-1,2182,1925,1926,-1,2182,1926,2183,-1,2183,1926,1927,-1,2183,1927,2184,-1,2184,1927,1928,-1,2184,1928,2185,-1,2185,1928,1929,-1,2185,1929,2186,-1,2186,1929,1930,-1,2186,1930,2187,-1,2187,1930,1931,-1,2187,1931,2188,-1,2188,1931,1932,-1,2188,1932,2189,-1,2189,1932,1933,-1,2189,1933,2190,-1,2190,1933,1934,-1,2190,1934,2191,-1,2191,1934,1935,-1,2191,1935,2192,-1,2192,1935,1936,-1,2192,1936,2193,-1,2193,1936,1937,-1,2193,1937,2194,-1,2194,1937,1938,-1,2194,1938,2195,-1,2195,1938,1939,-1,2195,1939,2196,-1,2196,1939,1940,-1,2196,1940,2197,-1,2197,1940,1941,-1,2197,1941,2198,-1,2198,1941,1942,-1,2198,1942,2199,-1,2199,1942,1943,-1,2199,1943,2200,-1,2200,1943,1944,-1,2200,1944,2201,-1,2201,1944,1945,-1,2201,1945,2202,-1,2202,1945,1946,-1,2202,1946,2203,-1,2203,1946,1947,-1,394,393,1948,-1,1948,393,2204,-1,1948,2204,1949,-1,1949,2204,2205,-1,1949,2205,1950,-1,1950,2205,2206,-1,1950,2206,1951,-1,1951,2206,2207,-1,1951,2207,1952,-1,1952,2207,2208,-1,1952,2208,1953,-1,1953,2208,2209,-1,1953,2209,1954,-1,1954,2209,2210,-1,1954,2210,1955,-1,1955,2210,2211,-1,1955,2211,1956,-1,1956,2211,2212,-1,1956,2212,1957,-1,1957,2212,2213,-1,1957,2213,1958,-1,1958,2213,2214,-1,1958,2214,1959,-1,1959,2214,2215,-1,1959,2215,1960,-1,1960,2215,2216,-1,1960,2216,1961,-1,1961,2216,2217,-1,1961,2217,1962,-1,1962,2217,2218,-1,1962,2218,1963,-1,1963,2218,2219,-1,1963,2219,1964,-1,1964,2219,2220,-1,1964,2220,1965,-1,1965,2220,2221,-1,1965,2221,1966,-1,1966,2221,2222,-1,1966,2222,1967,-1,1967,2222,2223,-1,1967,2223,1968,-1,1968,2223,2224,-1,1968,2224,1969,-1,1969,2224,2225,-1,1969,2225,1970,-1,1970,2225,2226,-1,1970,2226,1971,-1,1971,2226,2227,-1,1971,2227,1972,-1,1972,2227,2228,-1,1972,2228,1973,-1,1973,2228,2229,-1,1973,2229,1974,-1,1974,2229,2230,-1,1974,2230,1975,-1,1975,2230,2231,-1,1975,2231,1976,-1,1976,2231,2232,-1,1976,2232,1977,-1,1977,2232,2233,-1,1977,2233,1978,-1,1978,2233,2234,-1,1978,2234,1979,-1,1979,2234,2235,-1,1979,2235,1980,-1,1980,2235,2236,-1,1980,2236,1981,-1,1981,2236,2237,-1,1981,2237,1982,-1,1982,2237,2238,-1,1982,2238,1983,-1,1983,2238,2239,-1,1983,2239,1984,-1,1984,2239,2240,-1,1984,2240,1985,-1,1985,2240,2241,-1,1985,2241,1986,-1,1986,2241,2242,-1,1986,2242,1987,-1,1987,2242,2243,-1,1987,2243,1988,-1,1988,2243,2244,-1,1988,2244,1989,-1,1989,2244,2245,-1,1989,2245,1990,-1,1990,2245,2246,-1,1990,2246,1991,-1,1991,2246,2247,-1,1991,2247,1992,-1,1992,2247,2248,-1,1992,2248,1993,-1,1993,2248,2249,-1,1993,2249,1994,-1,1994,2249,2250,-1,1994,2250,1995,-1,1995,2250,2251,-1,1995,2251,1996,-1,1996,2251,2252,-1,1996,2252,1997,-1,1997,2252,2253,-1,1997,2253,1998,-1,1998,2253,2254,-1,1998,2254,1999,-1,1999,2254,2255,-1,1999,2255,2000,-1,2000,2255,2256,-1,2000,2256,2001,-1,2001,2256,2257,-1,2001,2257,2002,-1,2002,2257,2258,-1,2002,2258,2003,-1,2003,2258,2259,-1,2003,2259,2004,-1,2004,2259,2260,-1,2004,2260,2005,-1,2005,2260,2261,-1,2005,2261,2006,-1,2006,2261,2262,-1,2006,2262,2007,-1,2007,2262,2263,-1,2007,2263,2008,-1,2008,2263,2264,-1,2008,2264,2009,-1,2009,2264,2265,-1,2009,2265,2010,-1,2010,2265,2266,-1,2010,2266,2011,-1,2011,2266,2267,-1,2011,2267,2012,-1,2012,2267,2268,-1,2012,2268,2013,-1,2013,2268,2269,-1,2013,2269,2014,-1,2014,2269,2270,-1,2014,2270,2015,-1,2015,2270,2271,-1,2015,2271,2016,-1,2016,2271,2272,-1,2016,2272,2017,-1,2017,2272,2273,-1,2017,2273,2018,-1,2018,2273,2274,-1,2018,2274,2019,-1,2019,2274,2275,-1,2019,2275,2020,-1,2020,2275,2276,-1,2020,2276,2021,-1,2021,2276,2277,-1,2021,2277,2022,-1,2022,2277,2278,-1,2022,2278,2023,-1,2023,2278,2279,-1,2023,2279,2024,-1,2024,2279,2280,-1,2024,2280,2025,-1,2025,2280,2281,-1,2025,2281,2026,-1,2026,2281,2282,-1,2026,2282,2027,-1,2027,2282,2283,-1,2027,2283,2028,-1,2028,2283,2284,-1,2028,2284,2029,-1,2029,2284,2285,-1,2029,2285,2030,-1,2030,2285,2286,-1,2030,2286,2031,-1,2031,2286,2287,-1,2031,2287,2032,-1,2032,2287,2288,-1,2032,2288,2033,-1,2033,2288,2289,-1,2033,2289,2034,-1,2034,2289,2290,-1,2034,2290,2035,-1,2035,2290,2291,-1,2035,2291,2036,-1,2036,2291,2292,-1,2036,2292,2037,-1,2037,2292,2293,-1,2037,2293,2038,-1,2038,2293,2294,-1,2038,2294,2039,-1,2039,2294,2295,-1,2039,2295,2040,-1,2040,2295,2296,-1,2040,2296,2041,-1,2041,2296,2297,-1,2041,2297,2042,-1,2042,2297,2298,-1,2042,2298,2043,-1,2043,2298,2299,-1,2043,2299,2044,-1,2044,2299,2300,-1,2044,2300,2045,-1,2045,2300,2301,-1,2045,2301,2046,-1,2046,2301,2302,-1,2046,2302,2047,-1,2047,2302,2303,-1,2047,2303,2048,-1,2048,2303,2304,-1,2048,2304,2049,-1,2049,2304,2305,-1,2049,2305,2050,-1,2050,2305,2306,-1,2050,2306,2051,-1,2051,2306,2307,-1,2051,2307,2052,-1,2052,2307,2308,-1,2052,2308,2053,-1,2053,2308,2309,-1,2053,2309,2054,-1,2054,2309,2310,-1,2054,2310,2055,-1,2055,2310,2311,-1,2055,2311,2056,-1,2056,2311,2312,-1,2056,2312,2057,-1,2057,2312,2313,-1,2057,2313,2058,-1,2058,2313,2314,-1,2058,2314,2059,-1,2059,2314,2315,-1,2059,2315,2060,-1,2060,2315,2316,-1,2060,2316,2061,-1,2061,2316,2317,-1,2061,2317,2062,-1,2062,2317,2318,-1,2062,2318,2063,-1,2063,2318,2319,-1,2063,2319,2064,-1,2064,2319,2320,-1,2064,2320,2065,-1,2065,2320,2321,-1,2065,2321,2066,-1,2066,2321,2322,-1,2066,2322,2067,-1,2067,2322,2323,-1,2067,2323,2068,-1,2068,2323,2324,-1,2068,2324,2069,-1,2069,2324,2325,-1,2069,2325,2070,-1,2070,2325,2326,-1,2070,2326,2071,-1,2071,2326,2327,-1,2071,2327,2072,-1,2072,2327,2328,-1,2072,2328,2073,-1,2073,2328,2329,-1,2073,2329,2074,-1,2074,2329,2330,-1,2074,2330,2075,-1,2075,2330,2331,-1,376,381,2332,-1,2332,381,2076,-1,2332,2076,2333,-1,2333,2076,2077,-1,2333,2077,2334,-1,2334,2077,2078,-1,2334,2078,2335,-1,2335,2078,2079,-1,2335,2079,2336,-1,2336,2079,2080,-1,2336,2080,2337,-1,2337,2080,2081,-1,2337,2081,2338,-1,2338,2081,2082,-1,2338,2082,2339,-1,2339,2082,2083,-1,2339,2083,2340,-1,2340,2083,2084,-1,2340,2084,2341,-1,2341,2084,2085,-1,2341,2085,2342,-1,2342,2085,2086,-1,2342,2086,2343,-1,2343,2086,2087,-1,2343,2087,2344,-1,2344,2087,2088,-1,2344,2088,2345,-1,2345,2088,2089,-1,2345,2089,2346,-1,2346,2089,2090,-1,2346,2090,2347,-1,2347,2090,2091,-1,2347,2091,2348,-1,2348,2091,2092,-1,2348,2092,2349,-1,2349,2092,2093,-1,2349,2093,2350,-1,2350,2093,2094,-1,2350,2094,2351,-1,2351,2094,2095,-1,2351,2095,2352,-1,2352,2095,2096,-1,2352,2096,2353,-1,2353,2096,2097,-1,2353,2097,2354,-1,2354,2097,2098,-1,2354,2098,2355,-1,2355,2098,2099,-1,2355,2099,2356,-1,2356,2099,2100,-1,2356,2100,2357,-1,2357,2100,2101,-1,2357,2101,2358,-1,2358,2101,2102,-1,2358,2102,2359,-1,2359,2102,2103,-1,2359,2103,2360,-1,2360,2103,2104,-1,2360,2104,2361,-1,2361,2104,2105,-1,2361,2105,2362,-1,2362,2105,2106,-1,2362,2106,2363,-1,2363,2106,2107,-1,2363,2107,2364,-1,2364,2107,2108,-1,2364,2108,2365,-1,2365,2108,2109,-1,2365,2109,2366,-1,2366,2109,2110,-1,2366,2110,2367,-1,2367,2110,2111,-1,2367,2111,2368,-1,2368,2111,2112,-1,2368,2112,2369,-1,2369,2112,2113,-1,2369,2113,2370,-1,2370,2113,2114,-1,2370,2114,2371,-1,2371,2114,2115,-1,2371,2115,2372,-1,2372,2115,2116,-1,2372,2116,2373,-1,2373,2116,2117,-1,2373,2117,2374,-1,2374,2117,2118,-1,2374,2118,2375,-1,2375,2118,2119,-1,2375,2119,2376,-1,2376,2119,2120,-1,2376,2120,2377,-1,2377,2120,2121,-1,2377,2121,2378,-1,2378,2121,2122,-1,2378,2122,2379,-1,2379,2122,2123,-1,2379,2123,2380,-1,2380,2123,2124,-1,2380,2124,2381,-1,2381,2124,2125,-1,2381,2125,2382,-1,2382,2125,2126,-1,2382,2126,2383,-1,2383,2126,2127,-1,2383,2127,2384,-1,2384,2127,2128,-1,2384,2128,2385,-1,2385,2128,2129,-1,2385,2129,2386,-1,2386,2129,2130,-1,2386,2130,2387,-1,2387,2130,2131,-1,2387,2131,2388,-1,2388,2131,2132,-1,2388,2132,2389,-1,2389,2132,2133,-1,2389,2133,2390,-1,2390,2133,2134,-1,2390,2134,2391,-1,2391,2134,2135,-1,2391,2135,2392,-1,2392,2135,2136,-1,2392,2136,2393,-1,2393,2136,2137,-1,2393,2137,2394,-1,2394,2137,2138,-1,2394,2138,2395,-1,2395,2138,2139,-1,2395,2139,2396,-1,2396,2139,2140,-1,2396,2140,2397,-1,2397,2140,2141,-1,2397,2141,2398,-1,2398,2141,2142,-1,2398,2142,2399,-1,2399,2142,2143,-1,2399,2143,2400,-1,2400,2143,2144,-1,2400,2144,2401,-1,2401,2144,2145,-1,2401,2145,2402,-1,2402,2145,2146,-1,2402,2146,2403,-1,2403,2146,2147,-1,2403,2147,2404,-1,2404,2147,2148,-1,2404,2148,2405,-1,2405,2148,2149,-1,2405,2149,2406,-1,2406,2149,2150,-1,2406,2150,2407,-1,2407,2150,2151,-1,2407,2151,2408,-1,2408,2151,2152,-1,2408,2152,2409,-1,2409,2152,2153,-1,2409,2153,2410,-1,2410,2153,2154,-1,2410,2154,2411,-1,2411,2154,2155,-1,2411,2155,2412,-1,2412,2155,2156,-1,2412,2156,2413,-1,2413,2156,2157,-1,2413,2157,2414,-1,2414,2157,2158,-1,2414,2158,2415,-1,2415,2158,2159,-1,2415,2159,2416,-1,2416,2159,2160,-1,2416,2160,2417,-1,2417,2160,2161,-1,2417,2161,2418,-1,2418,2161,2162,-1,2418,2162,2419,-1,2419,2162,2163,-1,2419,2163,2420,-1,2420,2163,2164,-1,2420,2164,2421,-1,2421,2164,2165,-1,2421,2165,2422,-1,2422,2165,2166,-1,2422,2166,2423,-1,2423,2166,2167,-1,2423,2167,2424,-1,2424,2167,2168,-1,2424,2168,2425,-1,2425,2168,2169,-1,2425,2169,2426,-1,2426,2169,2170,-1,2426,2170,2427,-1,2427,2170,2171,-1,2427,2171,2428,-1,2428,2171,2172,-1,2428,2172,2429,-1,2429,2172,2173,-1,2429,2173,2430,-1,2430,2173,2174,-1,2430,2174,2431,-1,2431,2174,2175,-1,2431,2175,2432,-1,2432,2175,2176,-1,2432,2176,2433,-1,2433,2176,2177,-1,2433,2177,2434,-1,2434,2177,2178,-1,2434,2178,2435,-1,2435,2178,2179,-1,2435,2179,2436,-1,2436,2179,2180,-1,2436,2180,2437,-1,2437,2180,2181,-1,2437,2181,2438,-1,2438,2181,2182,-1,2438,2182,2439,-1,2439,2182,2183,-1,2439,2183,2440,-1,2440,2183,2184,-1,2440,2184,2441,-1,2441,2184,2185,-1,2441,2185,2442,-1,2442,2185,2186,-1,2442,2186,2443,-1,2443,2186,2187,-1,2443,2187,2444,-1,2444,2187,2188,-1,2444,2188,2445,-1,2445,2188,2189,-1,2445,2189,2446,-1,2446,2189,2190,-1,2446,2190,2447,-1,2447,2190,2191,-1,2447,2191,2448,-1,2448,2191,2192,-1,2448,2192,2449,-1,2449,2192,2193,-1,2449,2193,2450,-1,2450,2193,2194,-1,2450,2194,2451,-1,2451,2194,2195,-1,2451,2195,2452,-1,2452,2195,2196,-1,2452,2196,2453,-1,2453,2196,2197,-1,2453,2197,2454,-1,2454,2197,2198,-1,2454,2198,2455,-1,2455,2198,2199,-1,2455,2199,2456,-1,2456,2199,2200,-1,2456,2200,2457,-1,2457,2200,2201,-1,2457,2201,2458,-1,2458,2201,2202,-1,2458,2202,2459,-1,2459,2202,2203,-1,393,392,2204,-1,2204,392,2460,-1,2204,2460,2205,-1,2205,2460,2461,-1,2205,2461,2206,-1,2206,2461,2462,-1,2206,2462,2207,-1,2207,2462,2463,-1,2207,2463,2208,-1,2208,2463,2464,-1,2208,2464,2209,-1,2209,2464,2465,-1,2209,2465,2210,-1,2210,2465,2466,-1,2210,2466,2211,-1,2211,2466,2467,-1,2211,2467,2212,-1,2212,2467,2468,-1,2212,2468,2213,-1,2213,2468,2469,-1,2213,2469,2214,-1,2214,2469,2470,-1,2214,2470,2215,-1,2215,2470,2471,-1,2215,2471,2216,-1,2216,2471,2472,-1,2216,2472,2217,-1,2217,2472,2473,-1,2217,2473,2218,-1,2218,2473,2474,-1,2218,2474,2219,-1,2219,2474,2475,-1,2219,2475,2220,-1,2220,2475,2476,-1,2220,2476,2221,-1,2221,2476,2477,-1,2221,2477,2222,-1,2222,2477,2478,-1,2222,2478,2223,-1,2223,2478,2479,-1,2223,2479,2224,-1,2224,2479,2480,-1,2224,2480,2225,-1,2225,2480,2481,-1,2225,2481,2226,-1,2226,2481,2482,-1,2226,2482,2227,-1,2227,2482,2483,-1,2227,2483,2228,-1,2228,2483,2484,-1,2228,2484,2229,-1,2229,2484,2485,-1,2229,2485,2230,-1,2230,2485,2486,-1,2230,2486,2231,-1,2231,2486,2487,-1,2231,2487,2232,-1,2232,2487,2488,-1,2232,2488,2233,-1,2233,2488,2489,-1,2233,2489,2234,-1,2234,2489,2490,-1,2234,2490,2235,-1,2235,2490,2491,-1,2235,2491,2236,-1,2236,2491,2492,-1,2236,2492,2237,-1,2237,2492,2493,-1,2237,2493,2238,-1,2238,2493,2494,-1,2238,2494,2239,-1,2239,2494,2495,-1,2239,2495,2240,-1,2240,2495,2496,-1,2240,2496,2241,-1,2241,2496,2497,-1,2241,2497,2242,-1,2242,2497,2498,-1,2242,2498,2243,-1,2243,2498,2499,-1,2243,2499,2244,-1,2244,2499,2500,-1,2244,2500,2245,-1,2245,2500,2501,-1,2245,2501,2246,-1,2246,2501,2502,-1,2246,2502,2247,-1,2247,2502,2503,-1,2247,2503,2248,-1,2248,2503,2504,-1,2248,2504,2249,-1,2249,2504,2505,-1,2249,2505,2250,-1,2250,2505,2506,-1,2250,2506,2251,-1,2251,2506,2507,-1,2251,2507,2252,-1,2252,2507,2508,-1,2252,2508,2253,-1,2253,2508,2509,-1,2253,2509,2254,-1,2254,2509,2510,-1,2254,2510,2255,-1,2255,2510,2511,-1,2255,2511,2256,-1,2256,2511,2512,-1,2256,2512,2257,-1,2257,2512,2513,-1,2257,2513,2258,-1,2258,2513,2514,-1,2258,2514,2259,-1,2259,2514,2515,-1,2259,2515,2260,-1,2260,2515,2516,-1,2260,2516,2261,-1,2261,2516,2517,-1,2261,2517,2262,-1,2262,2517,2518,-1,2262,2518,2263,-1,2263,2518,2519,-1,2263,2519,2264,-1,2264,2519,2520,-1,2264,2520,2265,-1,2265,2520,2521,-1,2265,2521,2266,-1,2266,2521,2522,-1,2266,2522,2267,-1,2267,2522,2523,-1,2267,2523,2268,-1,2268,2523,2524,-1,2268,2524,2269,-1,2269,2524,2525,-1,2269,2525,2270,-1,2270,2525,2526,-1,2270,2526,2271,-1,2271,2526,2527,-1,2271,2527,2272,-1,2272,2527,2528,-1,2272,2528,2273,-1,2273,2528,2529,-1,2273,2529,2274,-1,2274,2529,2530,-1,2274,2530,2275,-1,2275,2530,2531,-1,2275,2531,2276,-1,2276,2531,2532,-1,2276,2532,2277,-1,2277,2532,2533,-1,2277,2533,2278,-1,2278,2533,2534,-1,2278,2534,2279,-1,2279,2534,2535,-1,2279,2535,2280,-1,2280,2535,2536,-1,2280,2536,2281,-1,2281,2536,2537,-1,2281,2537,2282,-1,2282,2537,2538,-1,2282,2538,2283,-1,2283,2538,2539,-1,2283,2539,2284,-1,2284,2539,2540,-1,2284,2540,2285,-1,2285,2540,2541,-1,2285,2541,2286,-1,2286,2541,2542,-1,2286,2542,2287,-1,2287,2542,2543,-1,2287,2543,2288,-1,2288,2543,2544,-1,2288,2544,2289,-1,2289,2544,2545,-1,2289,2545,2290,-1,2290,2545,2546,-1,2290,2546,2291,-1,2291,2546,2547,-1,2291,2547,2292,-1,2292,2547,2548,-1,2292,2548,2293,-1,2293,2548,2549,-1,2293,2549,2294,-1,2294,2549,2550,-1,2294,2550,2295,-1,2295,2550,2551,-1,2295,2551,2296,-1,2296,2551,2552,-1,2296,2552,2297,-1,2297,2552,2553,-1,2297,2553,2298,-1,2298,2553,2554,-1,2298,2554,2299,-1,2299,2554,2555,-1,2299,2555,2300,-1,2300,2555,2556,-1,2300,2556,2301,-1,2301,2556,2557,-1,2301,2557,2302,-1,2302,2557,2558,-1,2302,2558,2303,-1,2303,2558,2559,-1,2303,2559,2304,-1,2304,2559,2560,-1,2304,2560,2305,-1,2305,2560,2561,-1,2305,2561,2306,-1,2306,2561,2562,-1,2306,2562,2307,-1,2307,2562,2563,-1,2307,2563,2308,-1,2308,2563,2564,-1,2308,2564,2309,-1,2309,2564,2565,-1,2309,2565,2310,-1,2310,2565,2566,-1,2310,2566,2311,-1,2311,2566,2567,-1,2311,2567,2312,-1,2312,2567,2568,-1,2312,2568,2313,-1,2313,2568,2569,-1,2313,2569,2314,-1,2314,2569,2570,-1,2314,2570,2315,-1,2315,2570,2571,-1,2315,2571,2316,-1,2316,2571,2572,-1,2316,2572,2317,-1,2317,2572,2573,-1,2317,2573,2318,-1,2318,2573,2574,-1,2318,2574,2319,-1,2319,2574,2575,-1,2319,2575,2320,-1,2320,2575,2576,-1,2320,2576,2321,-1,2321,2576,2577,-1,2321,2577,2322,-1,2322,2577,2578,-1,2322,2578,2323,-1,2323,2578,2579,-1,2323,2579,2324,-1,2324,2579,2580,-1,2324,2580,2325,-1,2325,2580,2581,-1,2325,2581,2326,-1,2326,2581,2582,-1,2326,2582,2327,-1,2327,2582,2583,-1,2327,2583,2328,-1,2328,2583,2584,-1,2328,2584,2329,-1,2329,2584,2585,-1,2329,2585,2330,-1,2330,2585,2586,-1,2330,2586,2331,-1,2331,2586,2587,-1,377,376,2588,-1,2588,376,2332,-1,2588,2332,2589,-1,2589,2332,2333,-1,2589,2333,2590,-1,2590,2333,2334,-1,2590,2334,2591,-1,2591,2334,2335,-1,2591,2335,2592,-1,2592,2335,2336,-1,2592,2336,2593,-1,2593,2336,2337,-1,2593,2337,2594,-1,2594,2337,2338,-1,2594,2338,2595,-1,2595,2338,2339,-1,2595,2339,2596,-1,2596,2339,2340,-1,2596,2340,2597,-1,2597,2340,2341,-1,2597,2341,2598,-1,2598,2341,2342,-1,2598,2342,2599,-1,2599,2342,2343,-1,2599,2343,2600,-1,2600,2343,2344,-1,2600,2344,2601,-1,2601,2344,2345,-1,2601,2345,2602,-1,2602,2345,2346,-1,2602,2346,2603,-1,2603,2346,2347,-1,2603,2347,2604,-1,2604,2347,2348,-1,2604,2348,2605,-1,2605,2348,2349,-1,2605,2349,2606,-1,2606,2349,2350,-1,2606,2350,2607,-1,2607,2350,2351,-1,2607,2351,2608,-1,2608,2351,2352,-1,2608,2352,2609,-1,2609,2352,2353,-1,2609,2353,2610,-1,2610,2353,2354,-1,2610,2354,2611,-1,2611,2354,2355,-1,2611,2355,2612,-1,2612,2355,2356,-1,2612,2356,2613,-1,2613,2356,2357,-1,2613,2357,2614,-1,2614,2357,2358,-1,2614,2358,2615,-1,2615,2358,2359,-1,2615,2359,2616,-1,2616,2359,2360,-1,2616,2360,2617,-1,2617,2360,2361,-1,2617,2361,2618,-1,2618,2361,2362,-1,2618,2362,2619,-1,2619,2362,2363,-1,2619,2363,2620,-1,2620,2363,2364,-1,2620,2364,2621,-1,2621,2364,2365,-1,2621,2365,2622,-1,2622,2365,2366,-1,2622,2366,2623,-1,2623,2366,2367,-1,2623,2367,2624,-1,2624,2367,2368,-1,2624,2368,2625,-1,2625,2368,2369,-1,2625,2369,2626,-1,2626,2369,2370,-1,2626,2370,2627,-1,2627,2370,2371,-1,2627,2371,2628,-1,2628,2371,2372,-1,2628,2372,2629,-1,2629,2372,2373,-1,2629,2373,2630,-1,2630,2373,2374,-1,2630,2374,2631,-1,2631,2374,2375,-1,2631,2375,2632,-1,2632,2375,2376,-1,2632,2376,2633,-1,2633,2376,2377,-1,2633,2377,2634,-1,2634,2377,2378,-1,2634,2378,2635,-1,2635,2378,2379,-1,2635,2379,2636,-1,2636,2379,2380,-1,2636,2380,2637,-1,2637,2380,2381,-1,2637,2381,2638,-1,2638,2381,2382,-1,2638,2382,2639,-1,2639,2382,2383,-1,2639,2383,2640,-1,2640,2383,2384,-1,2640,2384,2641,-1,2641,2384,2385,-1,2641,2385,2642,-1,2642,2385,2386,-1,2642,2386,2643,-1,2643,2386,2387,-1,2643,2387,2644,-1,2644,2387,2388,-1,2644,2388,2645,-1,2645,2388,2389,-1,2645,2389,2646,-1,2646,2389,2390,-1,2646,2390,2647,-1,2647,2390,2391,-1,2647,2391,2648,-1,2648,2391,2392,-1,2648,2392,2649,-1,2649,2392,2393,-1,2649,2393,2650,-1,2650,2393,2394,-1,2650,2394,2651,-1,2651,2394,2395,-1,2651,2395,2652,-1,2652,2395,2396,-1,2652,2396,2653,-1,2653,2396,2397,-1,2653,2397,2654,-1,2654,2397,2398,-1,2654,2398,2655,-1,2655,2398,2399,-1,2655,2399,2656,-1,2656,2399,2400,-1,2656,2400,2657,-1,2657,2400,2401,-1,2657,2401,2658,-1,2658,2401,2402,-1,2658,2402,2659,-1,2659,2402,2403,-1,2659,2403,2660,-1,2660,2403,2404,-1,2660,2404,2661,-1,2661,2404,2405,-1,2661,2405,2662,-1,2662,2405,2406,-1,2662,2406,2663,-1,2663,2406,2407,-1,2663,2407,2664,-1,2664,2407,2408,-1,2664,2408,2665,-1,2665,2408,2409,-1,2665,2409,2666,-1,2666,2409,2410,-1,2666,2410,2667,-1,2667,2410,2411,-1,2667,2411,2668,-1,2668,2411,2412,-1,2668,2412,2669,-1,2669,2412,2413,-1,2669,2413,2670,-1,2670,2413,2414,-1,2670,2414,2671,-1,2671,2414,2415,-1,2671,2415,2672,-1,2672,2415,2416,-1,2672,2416,2673,-1,2673,2416,2417,-1,2673,2417,2674,-1,2674,2417,2418,-1,2674,2418,2675,-1,2675,2418,2419,-1,2675,2419,2676,-1,2676,2419,2420,-1,2676,2420,2677,-1,2677,2420,2421,-1,2677,2421,2678,-1,2678,2421,2422,-1,2678,2422,2679,-1,2679,2422,2423,-1,2679,2423,2680,-1,2680,2423,2424,-1,2680,2424,2681,-1,2681,2424,2425,-1,2681,2425,2682,-1,2682,2425,2426,-1,2682,2426,2683,-1,2683,2426,2427,-1,2683,2427,2684,-1,2684,2427,2428,-1,2684,2428,2685,-1,2685,2428,2429,-1,2685,2429,2686,-1,2686,2429,2430,-1,2686,2430,2687,-1,2687,2430,2431,-1,2687,2431,2688,-1,2688,2431,2432,-1,2688,2432,2689,-1,2689,2432,2433,-1,2689,2433,2690,-1,2690,2433,2434,-1,2690,2434,2691,-1,2691,2434,2435,-1,2691,2435,2692,-1,2692,2435,2436,-1,2692,2436,2693,-1,2693,2436,2437,-1,2693,2437,2694,-1,2694,2437,2438,-1,2694,2438,2695,-1,2695,2438,2439,-1,2695,2439,2696,-1,2696,2439,2440,-1,2696,2440,2697,-1,2697,2440,2441,-1,2697,2441,2698,-1,2698,2441,2442,-1,2698,2442,2699,-1,2699,2442,2443,-1,2699,2443,2700,-1,2700,2443,2444,-1,2700,2444,2701,-1,2701,2444,2445,-1,2701,2445,2702,-1,2702,2445,2446,-1,2702,2446,2703,-1,2703,2446,2447,-1,2703,2447,2704,-1,2704,2447,2448,-1,2704,2448,2705,-1,2705,2448,2449,-1,2705,2449,2706,-1,2706,2449,2450,-1,2706,2450,2707,-1,2707,2450,2451,-1,2707,2451,2708,-1,2708,2451,2452,-1,2708,2452,2709,-1,2709,2452,2453,-1,2709,2453,2710,-1,2710,2453,2454,-1,2710,2454,2711,-1,2711,2454,2455,-1,2711,2455,2712,-1,2712,2455,2456,-1,2712,2456,2713,-1,2713,2456,2457,-1,2713,2457,2714,-1,2714,2457,2458,-1,2714,2458,2715,-1,2715,2458,2459,-1,392,397,2460,-1,2460,397,2716,-1,2460,2716,2461,-1,2461,2716,2717,-1,2461,2717,2462,-1,2462,2717,2718,-1,2462,2718,2463,-1,2463,2718,2719,-1,2463,2719,2464,-1,2464,2719,2720,-1,2464,2720,2465,-1,2465,2720,2721,-1,2465,2721,2466,-1,2466,2721,2722,-1,2466,2722,2467,-1,2467,2722,2723,-1,2467,2723,2468,-1,2468,2723,2724,-1,2468,2724,2469,-1,2469,2724,2725,-1,2469,2725,2470,-1,2470,2725,2726,-1,2470,2726,2471,-1,2471,2726,2727,-1,2471,2727,2472,-1,2472,2727,2728,-1,2472,2728,2473,-1,2473,2728,2729,-1,2473,2729,2474,-1,2474,2729,2730,-1,2474,2730,2475,-1,2475,2730,2731,-1,2475,2731,2476,-1,2476,2731,2732,-1,2476,2732,2477,-1,2477,2732,2733,-1,2477,2733,2478,-1,2478,2733,2734,-1,2478,2734,2479,-1,2479,2734,2735,-1,2479,2735,2480,-1,2480,2735,2736,-1,2480,2736,2481,-1,2481,2736,2737,-1,2481,2737,2482,-1,2482,2737,2738,-1,2482,2738,2483,-1,2483,2738,2739,-1,2483,2739,2484,-1,2484,2739,2740,-1,2484,2740,2485,-1,2485,2740,2741,-1,2485,2741,2486,-1,2486,2741,2742,-1,2486,2742,2487,-1,2487,2742,2743,-1,2487,2743,2488,-1,2488,2743,2744,-1,2488,2744,2489,-1,2489,2744,2745,-1,2489,2745,2490,-1,2490,2745,2746,-1,2490,2746,2491,-1,2491,2746,2747,-1,2491,2747,2492,-1,2492,2747,2748,-1,2492,2748,2493,-1,2493,2748,2749,-1,2493,2749,2494,-1,2494,2749,2750,-1,2494,2750,2495,-1,2495,2750,2751,-1,2495,2751,2496,-1,2496,2751,2752,-1,2496,2752,2497,-1,2497,2752,2753,-1,2497,2753,2498,-1,2498,2753,2754,-1,2498,2754,2499,-1,2499,2754,2755,-1,2499,2755,2500,-1,2500,2755,2756,-1,2500,2756,2501,-1,2501,2756,2757,-1,2501,2757,2502,-1,2502,2757,2758,-1,2502,2758,2503,-1,2503,2758,2759,-1,2503,2759,2504,-1,2504,2759,2760,-1,2504,2760,2505,-1,2505,2760,2761,-1,2505,2761,2506,-1,2506,2761,2762,-1,2506,2762,2507,-1,2507,2762,2763,-1,2507,2763,2508,-1,2508,2763,2764,-1,2508,2764,2509,-1,2509,2764,2765,-1,2509,2765,2510,-1,2510,2765,2766,-1,2510,2766,2511,-1,2511,2766,2767,-1,2511,2767,2512,-1,2512,2767,2768,-1,2512,2768,2513,-1,2513,2768,2769,-1,2513,2769,2514,-1,2514,2769,2770,-1,2514,2770,2515,-1,2515,2770,2771,-1,2515,2771,2516,-1,2516,2771,2772,-1,2516,2772,2517,-1,2517,2772,2773,-1,2517,2773,2518,-1,2518,2773,2774,-1,2518,2774,2519,-1,2519,2774,2775,-1,2519,2775,2520,-1,2520,2775,2776,-1,2520,2776,2521,-1,2521,2776,2777,-1,2521,2777,2522,-1,2522,2777,2778,-1,2522,2778,2523,-1,2523,2778,2779,-1,2523,2779,2524,-1,2524,2779,2780,-1,2524,2780,2525,-1,2525,2780,2781,-1,2525,2781,2526,-1,2526,2781,2782,-1,2526,2782,2527,-1,2527,2782,2783,-1,2527,2783,2528,-1,2528,2783,2784,-1,2528,2784,2529,-1,2529,2784,2785,-1,2529,2785,2530,-1,2530,2785,2786,-1,2530,2786,2531,-1,2531,2786,2787,-1,2531,2787,2532,-1,2532,2787,2788,-1,2532,2788,2533,-1,2533,2788,2789,-1,2533,2789,2534,-1,2534,2789,2790,-1,2534,2790,2535,-1,2535,2790,2791,-1,2535,2791,2536,-1,2536,2791,2792,-1,2536,2792,2537,-1,2537,2792,2793,-1,2537,2793,2538,-1,2538,2793,2794,-1,2538,2794,2539,-1,2539,2794,2795,-1,2539,2795,2540,-1,2540,2795,2796,-1,2540,2796,2541,-1,2541,2796,2797,-1,2541,2797,2542,-1,2542,2797,2798,-1,2542,2798,2543,-1,2543,2798,2799,-1,2543,2799,2544,-1,2544,2799,2800,-1,2544,2800,2545,-1,2545,2800,2801,-1,2545,2801,2546,-1,2546,2801,2802,-1,2546,2802,2547,-1,2547,2802,2803,-1,2547,2803,2548,-1,2548,2803,2804,-1,2548,2804,2549,-1,2549,2804,2805,-1,2549,2805,2550,-1,2550,2805,2806,-1,2550,2806,2551,-1,2551,2806,2807,-1,2551,2807,2552,-1,2552,2807,2808,-1,2552,2808,2553,-1,2553,2808,2809,-1,2553,2809,2554,-1,2554,2809,2810,-1,2554,2810,2555,-1,2555,2810,2811,-1,2555,2811,2556,-1,2556,2811,2812,-1,2556,2812,2557,-1,2557,2812,2813,-1,2557,2813,2558,-1,2558,2813,2814,-1,2558,2814,2559,-1,2559,2814,2815,-1,2559,2815,2560,-1,2560,2815,2816,-1,2560,2816,2561,-1,2561,2816,2817,-1,2561,2817,2562,-1,2562,2817,2818,-1,2562,2818,2563,-1,2563,2818,2819,-1,2563,2819,2564,-1,2564,2819,2820,-1,2564,2820,2565,-1,2565,2820,2821,-1,2565,2821,2566,-1,2566,2821,2822,-1,2566,2822,2567,-1,2567,2822,2823,-1,2567,2823,2568,-1,2568,2823,2824,-1,2568,2824,2569,-1,2569,2824,2825,-1,2569,2825,2570,-1,2570,2825,2826,-1,2570,2826,2571,-1,2571,2826,2827,-1,2571,2827,2572,-1,2572,2827,2828,-1,2572,2828,2573,-1,2573,2828,2829,-1,2573,2829,2574,-1,2574,2829,2830,-1,2574,2830,2575,-1,2575,2830,2831,-1,2575,2831,2576,-1,2576,2831,2832,-1,2576,2832,2577,-1,2577,2832,2833,-1,2577,2833,2578,-1,2578,2833,2834,-1,2578,2834,2579,-1,2579,2834,2835,-1,2579,2835,2580,-1,2580,2835,2836,-1,2580,2836,2581,-1,2581,2836,2837,-1,2581,2837,2582,-1,2582,2837,2838,-1,2582,2838,2583,-1,2583,2838,2839,-1,2583,2839,2584,-1,2584,2839,2840,-1,2584,2840,2585,-1,2585,2840,2841,-1,2585,2841,2586,-1,2586,2841,2842,-1,2586,2842,2587,-1,2587,2842,2843,-1,378,377,2844,-1,2844,377,2588,-1,2844,2588,2845,-1,2845,2588,2589,-1,2845,2589,2846,-1,2846,2589,2590,-1,2846,2590,2847,-1,2847,2590,2591,-1,2847,2591,2848,-1,2848,2591,2592,-1,2848,2592,2849,-1,2849,2592,2593,-1,2849,2593,2850,-1,2850,2593,2594,-1,2850,2594,2851,-1,2851,2594,2595,-1,2851,2595,2852,-1,2852,2595,2596,-1,2852,2596,2853,-1,2853,2596,2597,-1,2853,2597,2854,-1,2854,2597,2598,-1,2854,2598,2855,-1,2855,2598,2599,-1,2855,2599,2856,-1,2856,2599,2600,-1,2856,2600,2857,-1,2857,2600,2601,-1,2857,2601,2858,-1,2858,2601,2602,-1,2858,2602,2859,-1,2859,2602,2603,-1,2859,2603,2860,-1,2860,2603,2604,-1,2860,2604,2861,-1,2861,2604,2605,-1,2861,2605,2862,-1,2862,2605,2606,-1,2862,2606,2863,-1,2863,2606,2607,-1,2863,2607,2864,-1,2864,2607,2608,-1,2864,2608,2865,-1,2865,2608,2609,-1,2865,2609,2866,-1,2866,2609,2610,-1,2866,2610,2867,-1,2867,2610,2611,-1,2867,2611,2868,-1,2868,2611,2612,-1,2868,2612,2869,-1,2869,2612,2613,-1,2869,2613,2870,-1,2870,2613,2614,-1,2870,2614,2871,-1,2871,2614,2615,-1,2871,2615,2872,-1,2872,2615,2616,-1,2872,2616,2873,-1,2873,2616,2617,-1,2873,2617,2874,-1,2874,2617,2618,-1,2874,2618,2875,-1,2875,2618,2619,-1,2875,2619,2876,-1,2876,2619,2620,-1,2876,2620,2877,-1,2877,2620,2621,-1,2877,2621,2878,-1,2878,2621,2622,-1,2878,2622,2879,-1,2879,2622,2623,-1,2879,2623,2880,-1,2880,2623,2624,-1,2880,2624,2881,-1,2881,2624,2625,-1,2881,2625,2882,-1,2882,2625,2626,-1,2882,2626,2883,-1,2883,2626,2627,-1,2883,2627,2884,-1,2884,2627,2628,-1,2884,2628,2885,-1,2885,2628,2629,-1,2885,2629,2886,-1,2886,2629,2630,-1,2886,2630,2887,-1,2887,2630,2631,-1,2887,2631,2888,-1,2888,2631,2632,-1,2888,2632,2889,-1,2889,2632,2633,-1,2889,2633,2890,-1,2890,2633,2634,-1,2890,2634,2891,-1,2891,2634,2635,-1,2891,2635,2892,-1,2892,2635,2636,-1,2892,2636,2893,-1,2893,2636,2637,-1,2893,2637,2894,-1,2894,2637,2638,-1,2894,2638,2895,-1,2895,2638,2639,-1,2895,2639,2896,-1,2896,2639,2640,-1,2896,2640,2897,-1,2897,2640,2641,-1,2897,2641,2898,-1,2898,2641,2642,-1,2898,2642,2899,-1,2899,2642,2643,-1,2899,2643,2900,-1,2900,2643,2644,-1,2900,2644,2901,-1,2901,2644,2645,-1,2901,2645,2902,-1,2902,2645,2646,-1,2902,2646,2903,-1,2903,2646,2647,-1,2903,2647,2904,-1,2904,2647,2648,-1,2904,2648,2905,-1,2905,2648,2649,-1,2905,2649,2906,-1,2906,2649,2650,-1,2906,2650,2907,-1,2907,2650,2651,-1,2907,2651,2908,-1,2908,2651,2652,-1,2908,2652,2909,-1,2909,2652,2653,-1,2909,2653,2910,-1,2910,2653,2654,-1,2910,2654,2911,-1,2911,2654,2655,-1,2911,2655,2912,-1,2912,2655,2656,-1,2912,2656,2913,-1,2913,2656,2657,-1,2913,2657,2914,-1,2914,2657,2658,-1,2914,2658,2915,-1,2915,2658,2659,-1,2915,2659,2916,-1,2916,2659,2660,-1,2916,2660,2917,-1,2917,2660,2661,-1,2917,2661,2918,-1,2918,2661,2662,-1,2918,2662,2919,-1,2919,2662,2663,-1,2919,2663,2920,-1,2920,2663,2664,-1,2920,2664,2921,-1,2921,2664,2665,-1,2921,2665,2922,-1,2922,2665,2666,-1,2922,2666,2923,-1,2923,2666,2667,-1,2923,2667,2924,-1,2924,2667,2668,-1,2924,2668,2925,-1,2925,2668,2669,-1,2925,2669,2926,-1,2926,2669,2670,-1,2926,2670,2927,-1,2927,2670,2671,-1,2927,2671,2928,-1,2928,2671,2672,-1,2928,2672,2929,-1,2929,2672,2673,-1,2929,2673,2930,-1,2930,2673,2674,-1,2930,2674,2931,-1,2931,2674,2675,-1,2931,2675,2932,-1,2932,2675,2676,-1,2932,2676,2933,-1,2933,2676,2677,-1,2933,2677,2934,-1,2934,2677,2678,-1,2934,2678,2935,-1,2935,2678,2679,-1,2935,2679,2936,-1,2936,2679,2680,-1,2936,2680,2937,-1,2937,2680,2681,-1,2937,2681,2938,-1,2938,2681,2682,-1,2938,2682,2939,-1,2939,2682,2683,-1,2939,2683,2940,-1,2940,2683,2684,-1,2940,2684,2941,-1,2941,2684,2685,-1,2941,2685,2942,-1,2942,2685,2686,-1,2942,2686,2943,-1,2943,2686,2687,-1,2943,2687,2944,-1,2944,2687,2688,-1,2944,2688,2945,-1,2945,2688,2689,-1,2945,2689,2946,-1,2946,2689,2690,-1,2946,2690,2947,-1,2947,2690,2691,-1,2947,2691,2948,-1,2948,2691,2692,-1,2948,2692,2949,-1,2949,2692,2693,-1,2949,2693,2950,-1,2950,2693,2694,-1,2950,2694,2951,-1,2951,2694,2695,-1,2951,2695,2952,-1,2952,2695,2696,-1,2952,2696,2953,-1,2953,2696,2697,-1,2953,2697,2954,-1,2954,2697,2698,-1,2954,2698,2955,-1,2955,2698,2699,-1,2955,2699,2956,-1,2956,2699,2700,-1,2956,2700,2957,-1,2957,2700,2701,-1,2957,2701,2958,-1,2958,2701,2702,-1,2958,2702,2959,-1,2959,2702,2703,-1,2959,2703,2960,-1,2960,2703,2704,-1,2960,2704,2961,-1,2961,2704,2705,-1,2961,2705,2962,-1,2962,2705,2706,-1,2962,2706,2963,-1,2963,2706,2707,-1,2963,2707,2964,-1,2964,2707,2708,-1,2964,2708,2965,-1,2965,2708,2709,-1,2965,2709,2966,-1,2966,2709,2710,-1,2966,2710,2967,-1,2967,2710,2711,-1,2967,2711,2968,-1,2968,2711,2712,-1,2968,2712,2969,-1,2969,2712,2713,-1,2969,2713,2970,-1,2970,2713,2714,-1,2970,2714,2971,-1,2971,2714,2715,-1,397,396,2716,-1,2716,396,2972,-1,2716,2972,2717,-1,2717,2972,2973,-1,2717,2973,2718,-1,2718,2973,2974,-1,2718,2974,2719,-1,2719,2974,2975,-1,2719,2975,2720,-1,2720,2975,2976,-1,2720,2976,2721,-1,2721,2976,2977,-1,2721,2977,2722,-1,2722,2977,2978,-1,2722,2978,2723,-1,2723,2978,2979,-1,2723,2979,2724,-1,2724,2979,2980,-1,2724,2980,2725,-1,2725,2980,2981,-1,2725,2981,2726,-1,2726,2981,2982,-1,2726,2982,2727,-1,2727,2982,2983,-1,2727,2983,2728,-1,2728,2983,2984,-1,2728,2984,2729,-1,2729,2984,2985,-1,2729,2985,2730,-1,2730,2985,2986,-1,2730,2986,2731,-1,2731,2986,2987,-1,2731,2987,2732,-1,2732,2987,2988,-1,2732,2988,2733,-1,2733,2988,2989,-1,2733,2989,2734,-1,2734,2989,2990,-1,2734,2990,2735,-1,2735,2990,2991,-1,2735,2991,2736,-1,2736,2991,2992,-1,2736,2992,2737,-1,2737,2992,2993,-1,2737,2993,2738,-1,2738,2993,2994,-1,2738,2994,2739,-1,2739,2994,2995,-1,2739,2995,2740,-1,2740,2995,2996,-1,2740,2996,2741,-1,2741,2996,2997,-1,2741,2997,2742,-1,2742,2997,2998,-1,2742,2998,2743,-1,2743,2998,2999,-1,2743,2999,2744,-1,2744,2999,3000,-1,2744,3000,2745,-1,2745,3000,3001,-1,2745,3001,2746,-1,2746,3001,3002,-1,2746,3002,2747,-1,2747,3002,3003,-1,2747,3003,2748,-1,2748,3003,3004,-1,2748,3004,2749,-1,2749,3004,3005,-1,2749,3005,2750,-1,2750,3005,3006,-1,2750,3006,2751,-1,2751,3006,3007,-1,2751,3007,2752,-1,2752,3007,3008,-1,2752,3008,2753,-1,2753,3008,3009,-1,2753,3009,2754,-1,2754,3009,3010,-1,2754,3010,2755,-1,2755,3010,3011,-1,2755,3011,2756,-1,2756,3011,3012,-1,2756,3012,2757,-1,2757,3012,3013,-1,2757,3013,2758,-1,2758,3013,3014,-1,2758,3014,2759,-1,2759,3014,3015,-1,2759,3015,2760,-1,2760,3015,3016,-1,2760,3016,2761,-1,2761,3016,3017,-1,2761,3017,2762,-1,2762,3017,3018,-1,2762,3018,2763,-1,2763,3018,3019,-1,2763,3019,2764,-1,2764,3019,3020,-1,2764,3020,2765,-1,2765,3020,3021,-1,2765,3021,2766,-1,2766,3021,3022,-1,2766,3022,2767,-1,2767,3022,3023,-1,2767,3023,2768,-1,2768,3023,3024,-1,2768,3024,2769,-1,2769,3024,3025,-1,2769,3025,2770,-1,2770,3025,3026,-1,2770,3026,2771,-1,2771,3026,3027,-1,2771,3027,2772,-1,2772,3027,3028,-1,2772,3028,2773,-1,2773,3028,3029,-1,2773,3029,2774,-1,2774,3029,3030,-1,2774,3030,2775,-1,2775,3030,3031,-1,2775,3031,2776,-1,2776,3031,3032,-1,2776,3032,2777,-1,2777,3032,3033,-1,2777,3033,2778,-1,2778,3033,3034,-1,2778,3034,2779,-1,2779,3034,3035,-1,2779,3035,2780,-1,2780,3035,3036,-1,2780,3036,2781,-1,2781,3036,3037,-1,2781,3037,2782,-1,2782,3037,3038,-1,2782,3038,2783,-1,2783,3038,3039,-1,2783,3039,2784,-1,2784,3039,3040,-1,2784,3040,2785,-1,2785,3040,3041,-1,2785,3041,2786,-1,2786,3041,3042,-1,2786,3042,2787,-1,2787,3042,3043,-1,2787,3043,2788,-1,2788,3043,3044,-1,2788,3044,2789,-1,2789,3044,3045,-1,2789,3045,2790,-1,2790,3045,3046,-1,2790,3046,2791,-1,2791,3046,3047,-1,2791,3047,2792,-1,2792,3047,3048,-1,2792,3048,2793,-1,2793,3048,3049,-1,2793,3049,2794,-1,2794,3049,3050,-1,2794,3050,2795,-1,2795,3050,3051,-1,2795,3051,2796,-1,2796,3051,3052,-1,2796,3052,2797,-1,2797,3052,3053,-1,2797,3053,2798,-1,2798,3053,3054,-1,2798,3054,2799,-1,2799,3054,3055,-1,2799,3055,2800,-1,2800,3055,3056,-1,2800,3056,2801,-1,2801,3056,3057,-1,2801,3057,2802,-1,2802,3057,3058,-1,2802,3058,2803,-1,2803,3058,3059,-1,2803,3059,2804,-1,2804,3059,3060,-1,2804,3060,2805,-1,2805,3060,3061,-1,2805,3061,2806,-1,2806,3061,3062,-1,2806,3062,2807,-1,2807,3062,3063,-1,2807,3063,2808,-1,2808,3063,3064,-1,2808,3064,2809,-1,2809,3064,3065,-1,2809,3065,2810,-1,2810,3065,3066,-1,2810,3066,2811,-1,2811,3066,3067,-1,2811,3067,2812,-1,2812,3067,3068,-1,2812,3068,2813,-1,2813,3068,3069,-1,2813,3069,2814,-1,2814,3069,3070,-1,2814,3070,2815,-1,2815,3070,3071,-1,2815,3071,2816,-1,2816,3071,3072,-1,2816,3072,2817,-1,2817,3072,3073,-1,2817,3073,2818,-1,2818,3073,3074,-1,2818,3074,2819,-1,2819,3074,3075,-1,2819,3075,2820,-1,2820,3075,3076,-1,2820,3076,2821,-1,2821,3076,3077,-1,2821,3077,2822,-1,2822,3077,3078,-1,2822,3078,2823,-1,2823,3078,3079,-1,2823,3079,2824,-1,2824,3079,3080,-1,2824,3080,2825,-1,2825,3080,3081,-1,2825,3081,2826,-1,2826,3081,3082,-1,2826,3082,2827,-1,2827,3082,3083,-1,2827,3083,2828,-1,2828,3083,3084,-1,2828,3084,2829,-1,2829,3084,3085,-1,2829,3085,2830,-1,2830,3085,3086,-1,2830,3086,2831,-1,2831,3086,3087,-1,2831,3087,2832,-1,2832,3087,3088,-1,2832,3088,2833,-1,2833,3088,3089,-1,2833,3089,2834,-1,2834,3089,3090,-1,2834,3090,2835,-1,2835,3090,3091,-1,2835,3091,2836,-1,2836,3091,3092,-1,2836,3092,2837,-1,2837,3092,3093,-1,2837,3093,2838,-1,2838,3093,3094,-1,2838,3094,2839,-1,2839,3094,3095,-1,2839,3095,2840,-1,2840,3095,3096,-1,2840,3096,2841,-1,2841,3096,3097,-1,2841,3097,2842,-1,2842,3097,3098,-1,2842,3098,2843,-1,2843,3098,3099,-1,373,378,3100,-1,3100,378,2844,-1,3100,2844,3101,-1,3101,2844,2845,-1,3101,2845,3102,-1,3102,2845,2846,-1,3102,2846,3103,-1,3103,2846,2847,-1,3103,2847,3104,-1,3104,2847,2848,-1,3104,2848,3105,-1,3105,2848,2849,-1,3105,2849,3106,-1,3106,2849,2850,-1,3106,2850,3107,-1,3107,2850,2851,-1,3107,2851,3108,-1,3108,2851,2852,-1,3108,2852,3109,-1,3109,2852,2853,-1,3109,2853,3110,-1,3110,2853,2854,-1,3110,2854,3111,-1,3111,2854,2855,-1,3111,2855,3112,-1,3112,2855,2856,-1,3112,2856,3113,-1,3113,2856,2857,-1,3113,2857,3114,-1,3114,2857,2858,-1,3114,2858,3115,-1,3115,2858,2859,-1,3115,2859,3116,-1,3116,2859,2860,-1,3116,2860,3117,-1,3117,2860,2861,-1,3117,2861,3118,-1,3118,2861,2862,-1,3118,2862,3119,-1,3119,2862,2863,-1,3119,2863,3120,-1,3120,2863,2864,-1,3120,2864,3121,-1,3121,2864,2865,-1,3121,2865,3122,-1,3122,2865,2866,-1,3122,2866,3123,-1,3123,2866,2867,-1,3123,2867,3124,-1,3124,2867,2868,-1,3124,2868,3125,-1,3125,2868,2869,-1,3125,2869,3126,-1,3126,2869,2870,-1,3126,2870,3127,-1,3127,2870,2871,-1,3127,2871,3128,-1,3128,2871,2872,-1,3128,2872,3129,-1,3129,2872,2873,-1,3129,2873,3130,-1,3130,2873,2874,-1,3130,2874,3131,-1,3131,2874,2875,-1,3131,2875,3132,-1,3132,2875,2876,-1,3132,2876,3133,-1,3133,2876,2877,-1,3133,2877,3134,-1,3134,2877,2878,-1,3134,2878,3135,-1,3135,2878,2879,-1,3135,2879,3136,-1,3136,2879,2880,-1,3136,2880,3137,-1,3137,2880,2881,-1,3137,2881,3138,-1,3138,2881,2882,-1,3138,2882,3139,-1,3139,2882,2883,-1,3139,2883,3140,-1,3140,2883,2884,-1,3140,2884,3141,-1,3141,2884,2885,-1,3141,2885,3142,-1,3142,2885,2886,-1,3142,2886,3143,-1,3143,2886,2887,-1,3143,2887,3144,-1,3144,2887,2888,-1,3144,2888,3145,-1,3145,2888,2889,-1,3145,2889,3146,-1,3146,2889,2890,-1,3146,2890,3147,-1,3147,2890,2891,-1,3147,2891,3148,-1,3148,2891,2892,-1,3148,2892,3149,-1,3149,2892,2893,-1,3149,2893,3150,-1,3150,2893,2894,-1,3150,2894,3151,-1,3151,2894,2895,-1,3151,2895,3152,-1,3152,2895,2896,-1,3152,2896,3153,-1,3153,2896,2897,-1,3153,2897,3154,-1,3154,2897,2898,-1,3154,2898,3155,-1,3155,2898,2899,-1,3155,2899,3156,-1,3156,2899,2900,-1,3156,2900,3157,-1,3157,2900,2901,-1,3157,2901,3158,-1,3158,2901,2902,-1,3158,2902,3159,-1,3159,2902,2903,-1,3159,2903,3160,-1,3160,2903,2904,-1,3160,2904,3161,-1,3161,2904,2905,-1,3161,2905,3162,-1,3162,2905,2906,-1,3162,2906,3163,-1,3163,2906,2907,-1,3163,2907,3164,-1,3164,2907,2908,-1,3164,2908,3165,-1,3165,2908,2909,-1,3165,2909,3166,-1,3166,2909,2910,-1,3166,2910,3167,-1,3167,2910,2911,-1,3167,2911,3168,-1,3168,2911,2912,-1,3168,2912,3169,-1,3169,2912,2913,-1,3169,2913,3170,-1,3170,2913,2914,-1,3170,2914,3171,-1,3171,2914,2915,-1,3171,2915,3172,-1,3172,2915,2916,-1,3172,2916,3173,-1,3173,2916,2917,-1,3173,2917,3174,-1,3174,2917,2918,-1,3174,2918,3175,-1,3175,2918,2919,-1,3175,2919,3176,-1,3176,2919,2920,-1,3176,2920,3177,-1,3177,2920,2921,-1,3177,2921,3178,-1,3178,2921,2922,-1,3178,2922,3179,-1,3179,2922,2923,-1,3179,2923,3180,-1,3180,2923,2924,-1,3180,2924,3181,-1,3181,2924,2925,-1,3181,2925,3182,-1,3182,2925,2926,-1,3182,2926,3183,-1,3183,2926,2927,-1,3183,2927,3184,-1,3184,2927,2928,-1,3184,2928,3185,-1,3185,2928,2929,-1,3185,2929,3186,-1,3186,2929,2930,-1,3186,2930,3187,-1,3187,2930,2931,-1,3187,2931,3188,-1,3188,2931,2932,-1,3188,2932,3189,-1,3189,2932,2933,-1,3189,2933,3190,-1,3190,2933,2934,-1,3190,2934,3191,-1,3191,2934,2935,-1,3191,2935,3192,-1,3192,2935,2936,-1,3192,2936,3193,-1,3193,2936,2937,-1,3193,2937,3194,-1,3194,2937,2938,-1,3194,2938,3195,-1,3195,2938,2939,-1,3195,2939,3196,-1,3196,2939,2940,-1,3196,2940,3197,-1,3197,2940,2941,-1,3197,2941,3198,-1,3198,2941,2942,-1,3198,2942,3199,-1,3199,2942,2943,-1,3199,2943,3200,-1,3200,2943,2944,-1,3200,2944,3201,-1,3201,2944,2945,-1,3201,2945,3202,-1,3202,2945,2946,-1,3202,2946,3203,-1,3203,2946,2947,-1,3203,2947,3204,-1,3204,2947,2948,-1,3204,2948,3205,-1,3205,2948,2949,-1,3205,2949,3206,-1,3206,2949,2950,-1,3206,2950,3207,-1,3207,2950,2951,-1,3207,2951,3208,-1,3208,2951,2952,-1,3208,2952,3209,-1,3209,2952,2953,-1,3209,2953,3210,-1,3210,2953,2954,-1,3210,2954,3211,-1,3211,2954,2955,-1,3211,2955,3212,-1,3212,2955,2956,-1,3212,2956,3213,-1,3213,2956,2957,-1,3213,2957,3214,-1,3214,2957,2958,-1,3214,2958,3215,-1,3215,2958,2959,-1,3215,2959,3216,-1,3216,2959,2960,-1,3216,2960,3217,-1,3217,2960,2961,-1,3217,2961,3218,-1,3218,2961,2962,-1,3218,2962,3219,-1,3219,2962,2963,-1,3219,2963,3220,-1,3220,2963,2964,-1,3220,2964,3221,-1,3221,2964,2965,-1,3221,2965,3222,-1,3222,2965,2966,-1,3222,2966,3223,-1,3223,2966,2967,-1,3223,2967,3224,-1,3224,2967,2968,-1,3224,2968,3225,-1,3225,2968,2969,-1,3225,2969,3226,-1,3226,2969,2970,-1,3226,2970,3227,-1,3227,2970,2971,-1,396,395,2972,-1,2972,395,3228,-1,2972,3228,2973,-1,2973,3228,3229,-1,2973,3229,2974,-1,2974,3229,3230,-1,2974,3230,2975,-1,2975,3230,3231,-1,2975,3231,2976,-1,2976,3231,3232,-1,2976,3232,2977,-1,2977,3232,3233,-1,2977,3233,2978,-1,2978,3233,3234,-1,2978,3234,2979,-1,2979,3234,3235,-1,2979,3235,2980,-1,2980,3235,3236,-1,2980,3236,2981,-1,2981,3236,3237,-1,2981,3237,2982,-1,2982,3237,3238,-1,2982,3238,2983,-1,2983,3238,3239,-1,2983,3239,2984,-1,2984,3239,3240,-1,2984,3240,2985,-1,2985,3240,3241,-1,2985,3241,2986,-1,2986,3241,3242,-1,2986,3242,2987,-1,2987,3242,3243,-1,2987,3243,2988,-1,2988,3243,3244,-1,2988,3244,2989,-1,2989,3244,3245,-1,2989,3245,2990,-1,2990,3245,3246,-1,2990,3246,2991,-1,2991,3246,3247,-1,2991,3247,2992,-1,2992,3247,3248,-1,2992,3248,2993,-1,2993,3248,3249,-1,2993,3249,2994,-1,2994,3249,3250,-1,2994,3250,2995,-1,2995,3250,3251,-1,2995,3251,2996,-1,2996,3251,3252,-1,2996,3252,2997,-1,2997,3252,3253,-1,2997,3253,2998,-1,2998,3253,3254,-1,2998,3254,2999,-1,2999,3254,3255,-1,2999,3255,3000,-1,3000,3255,3256,-1,3000,3256,3001,-1,3001,3256,3257,-1,3001,3257,3002,-1,3002,3257,3258,-1,3002,3258,3003,-1,3003,3258,3259,-1,3003,3259,3004,-1,3004,3259,3260,-1,3004,3260,3005,-1,3005,3260,3261,-1,3005,3261,3006,-1,3006,3261,3262,-1,3006,3262,3007,-1,3007,3262,3263,-1,3007,3263,3008,-1,3008,3263,3264,-1,3008,3264,3009,-1,3009,3264,3265,-1,3009,3265,3010,-1,3010,3265,3266,-1,3010,3266,3011,-1,3011,3266,3267,-1,3011,3267,3012,-1,3012,3267,3268,-1,3012,3268,3013,-1,3013,3268,3269,-1,3013,3269,3014,-1,3014,3269,3270,-1,3014,3270,3015,-1,3015,3270,3271,-1,3015,3271,3016,-1,3016,3271,3272,-1,3016,3272,3017,-1,3017,3272,3273,-1,3017,3273,3018,-1,3018,3273,3274,-1,3018,3274,3019,-1,3019,3274,3275,-1,3019,3275,3020,-1,3020,3275,3276,-1,3020,3276,3021,-1,3021,3276,3277,-1,3021,3277,3022,-1,3022,3277,3278,-1,3022,3278,3023,-1,3023,3278,3279,-1,3023,3279,3024,-1,3024,3279,3280,-1,3024,3280,3025,-1,3025,3280,3281,-1,3025,3281,3026,-1,3026,3281,3282,-1,3026,3282,3027,-1,3027,3282,3283,-1,3027,3283,3028,-1,3028,3283,3284,-1,3028,3284,3029,-1,3029,3284,3285,-1,3029,3285,3030,-1,3030,3285,3286,-1,3030,3286,3031,-1,3031,3286,3287,-1,3031,3287,3032,-1,3032,3287,3288,-1,3032,3288,3033,-1,3033,3288,3289,-1,3033,3289,3034,-1,3034,3289,3290,-1,3034,3290,3035,-1,3035,3290,3291,-1,3035,3291,3036,-1,3036,3291,3292,-1,3036,3292,3037,-1,3037,3292,3293,-1,3037,3293,3038,-1,3038,3293,3294,-1,3038,3294,3039,-1,3039,3294,3295,-1,3039,3295,3040,-1,3040,3295,3296,-1,3040,3296,3041,-1,3041,3296,3297,-1,3041,3297,3042,-1,3042,3297,3298,-1,3042,3298,3043,-1,3043,3298,3299,-1,3043,3299,3044,-1,3044,3299,3300,-1,3044,3300,3045,-1,3045,3300,3301,-1,3045,3301,3046,-1,3046,3301,3302,-1,3046,3302,3047,-1,3047,3302,3303,-1,3047,3303,3048,-1,3048,3303,3304,-1,3048,3304,3049,-1,3049,3304,3305,-1,3049,3305,3050,-1,3050,3305,3306,-1,3050,3306,3051,-1,3051,3306,3307,-1,3051,3307,3052,-1,3052,3307,3308,-1,3052,3308,3053,-1,3053,3308,3309,-1,3053,3309,3054,-1,3054,3309,3310,-1,3054,3310,3055,-1,3055,3310,3311,-1,3055,3311,3056,-1,3056,3311,3312,-1,3056,3312,3057,-1,3057,3312,3313,-1,3057,3313,3058,-1,3058,3313,3314,-1,3058,3314,3059,-1,3059,3314,3315,-1,3059,3315,3060,-1,3060,3315,3316,-1,3060,3316,3061,-1,3061,3316,3317,-1,3061,3317,3062,-1,3062,3317,3318,-1,3062,3318,3063,-1,3063,3318,3319,-1,3063,3319,3064,-1,3064,3319,3320,-1,3064,3320,3065,-1,3065,3320,3321,-1,3065,3321,3066,-1,3066,3321,3322,-1,3066,3322,3067,-1,3067,3322,3323,-1,3067,3323,3068,-1,3068,3323,3324,-1,3068,3324,3069,-1,3069,3324,3325,-1,3069,3325,3070,-1,3070,3325,3326,-1,3070,3326,3071,-1,3071,3326,3327,-1,3071,3327,3072,-1,3072,3327,3328,-1,3072,3328,3073,-1,3073,3328,3329,-1,3073,3329,3074,-1,3074,3329,3330,-1,3074,3330,3075,-1,3075,3330,3331,-1,3075,3331,3076,-1,3076,3331,3332,-1,3076,3332,3077,-1,3077,3332,3333,-1,3077,3333,3078,-1,3078,3333,3334,-1,3078,3334,3079,-1,3079,3334,3335,-1,3079,3335,3080,-1,3080,3335,3336,-1,3080,3336,3081,-1,3081,3336,3337,-1,3081,3337,3082,-1,3082,3337,3338,-1,3082,3338,3083,-1,3083,3338,3339,-1,3083,3339,3084,-1,3084,3339,3340,-1,3084,3340,3085,-1,3085,3340,3341,-1,3085,3341,3086,-1,3086,3341,3342,-1,3086,3342,3087,-1,3087,3342,3343,-1,3087,3343,3088,-1,3088,3343,3344,-1,3088,3344,3089,-1,3089,3344,3345,-1,3089,3345,3090,-1,3090,3345,3346,-1,3090,3346,3091,-1,3091,3346,3347,-1,3091,3347,3092,-1,3092,3347,3348,-1,3092,3348,3093,-1,3093,3348,3349,-1,3093,3349,3094,-1,3094,3349,3350,-1,3094,3350,3095,-1,3095,3350,3351,-1,3095,3351,3096,-1,3096,3351,3352,-1,3096,3352,3097,-1,3097,3352,3353,-1,3097,3353,3098,-1,3098,3353,3354,-1,3098,3354,3099,-1,3099,3354,3355,-1,374,373,3356,-1,3356,373,3100,-1,3356,3100,3357,-1,3357,3100,3101,-1,3357,3101,3358,-1,3358,3101,3102,-1,3358,3102,3359,-1,3359,3102,3103,-1,3359,3103,3360,-1,3360,3103,3104,-1,3360,3104,3361,-1,3361,3104,3105,-1,3361,3105,3362,-1,3362,3105,3106,-1,3362,3106,3363,-1,3363,3106,3107,-1,3363,3107,3364,-1,3364,3107,3108,-1,3364,3108,3365,-1,3365,3108,3109,-1,3365,3109,3366,-1,3366,3109,3110,-1,3366,3110,3367,-1,3367,3110,3111,-1,3367,3111,3368,-1,3368,3111,3112,-1,3368,3112,3369,-1,3369,3112,3113,-1,3369,3113,3370,-1,3370,3113,3114,-1,3370,3114,3371,-1,3371,3114,3115,-1,3371,3115,3372,-1,3372,3115,3116,-1,3372,3116,3373,-1,3373,3116,3117,-1,3373,3117,3374,-1,3374,3117,3118,-1,3374,3118,3375,-1,3375,3118,3119,-1,3375,3119,3376,-1,3376,3119,3120,-1,3376,3120,3377,-1,3377,3120,3121,-1,3377,3121,3378,-1,3378,3121,3122,-1,3378,3122,3379,-1,3379,3122,3123,-1,3379,3123,3380,-1,3380,3123,3124,-1,3380,3124,3381,-1,3381,3124,3125,-1,3381,3125,3382,-1,3382,3125,3126,-1,3382,3126,3383,-1,3383,3126,3127,-1,3383,3127,3384,-1,3384,3127,3128,-1,3384,3128,3385,-1,3385,3128,3129,-1,3385,3129,3386,-1,3386,3129,3130,-1,3386,3130,3387,-1,3387,3130,3131,-1,3387,3131,3388,-1,3388,3131,3132,-1,3388,3132,3389,-1,3389,3132,3133,-1,3389,3133,3390,-1,3390,3133,3134,-1,3390,3134,3391,-1,3391,3134,3135,-1,3391,3135,3392,-1,3392,3135,3136,-1,3392,3136,3393,-1,3393,3136,3137,-1,3393,3137,3394,-1,3394,3137,3138,-1,3394,3138,3395,-1,3395,3138,3139,-1,3395,3139,3396,-1,3396,3139,3140,-1,3396,3140,3397,-1,3397,3140,3141,-1,3397,3141,3398,-1,3398,3141,3142,-1,3398,3142,3399,-1,3399,3142,3143,-1,3399,3143,3400,-1,3400,3143,3144,-1,3400,3144,3401,-1,3401,3144,3145,-1,3401,3145,3402,-1,3402,3145,3146,-1,3402,3146,3403,-1,3403,3146,3147,-1,3403,3147,3404,-1,3404,3147,3148,-1,3404,3148,3405,-1,3405,3148,3149,-1,3405,3149,3406,-1,3406,3149,3150,-1,3406,3150,3407,-1,3407,3150,3151,-1,3407,3151,3408,-1,3408,3151,3152,-1,3408,3152,3409,-1,3409,3152,3153,-1,3409,3153,3410,-1,3410,3153,3154,-1,3410,3154,3411,-1,3411,3154,3155,-1,3411,3155,3412,-1,3412,3155,3156,-1,3412,3156,3413,-1,3413,3156,3157,-1,3413,3157,3414,-1,3414,3157,3158,-1,3414,3158,3415,-1,3415,3158,3159,-1,3415,3159,3416,-1,3416,3159,3160,-1,3416,3160,3417,-1,3417,3160,3161,-1,3417,3161,3418,-1,3418,3161,3162,-1,3418,3162,3419,-1,3419,3162,3163,-1,3419,3163,3420,-1,3420,3163,3164,-1,3420,3164,3421,-1,3421,3164,3165,-1,3421,3165,3422,-1,3422,3165,3166,-1,3422,3166,3423,-1,3423,3166,3167,-1,3423,3167,3424,-1,3424,3167,3168,-1,3424,3168,3425,-1,3425,3168,3169,-1,3425,3169,3426,-1,3426,3169,3170,-1,3426,3170,3427,-1,3427,3170,3171,-1,3427,3171,3428,-1,3428,3171,3172,-1,3428,3172,3429,-1,3429,3172,3173,-1,3429,3173,3430,-1,3430,3173,3174,-1,3430,3174,3431,-1,3431,3174,3175,-1,3431,3175,3432,-1,3432,3175,3176,-1,3432,3176,3433,-1,3433,3176,3177,-1,3433,3177,3434,-1,3434,3177,3178,-1,3434,3178,3435,-1,3435,3178,3179,-1,3435,3179,3436,-1,3436,3179,3180,-1,3436,3180,3437,-1,3437,3180,3181,-1,3437,3181,3438,-1,3438,3181,3182,-1,3438,3182,3439,-1,3439,3182,3183,-1,3439,3183,3440,-1,3440,3183,3184,-1,3440,3184,3441,-1,3441,3184,3185,-1,3441,3185,3442,-1,3442,3185,3186,-1,3442,3186,3443,-1,3443,3186,3187,-1,3443,3187,3444,-1,3444,3187,3188,-1,3444,3188,3445,-1,3445,3188,3189,-1,3445,3189,3446,-1,3446,3189,3190,-1,3446,3190,3447,-1,3447,3190,3191,-1,3447,3191,3448,-1,3448,3191,3192,-1,3448,3192,3449,-1,3449,3192,3193,-1,3449,3193,3450,-1,3450,3193,3194,-1,3450,3194,3451,-1,3451,3194,3195,-1,3451,3195,3452,-1,3452,3195,3196,-1,3452,3196,3453,-1,3453,3196,3197,-1,3453,3197,3454,-1,3454,3197,3198,-1,3454,3198,3455,-1,3455,3198,3199,-1,3455,3199,3456,-1,3456,3199,3200,-1,3456,3200,3457,-1,3457,3200,3201,-1,3457,3201,3458,-1,3458,3201,3202,-1,3458,3202,3459,-1,3459,3202,3203,-1,3459,3203,3460,-1,3460,3203,3204,-1,3460,3204,3461,-1,3461,3204,3205,-1,3461,3205,3462,-1,3462,3205,3206,-1,3462,3206,3463,-1,3463,3206,3207,-1,3463,3207,3464,-1,3464,3207,3208,-1,3464,3208,3465,-1,3465,3208,3209,-1,3465,3209,3466,-1,3466,3209,3210,-1,3466,3210,3467,-1,3467,3210,3211,-1,3467,3211,3468,-1,3468,3211,3212,-1,3468,3212,3469,-1,3469,3212,3213,-1,3469,3213,3470,-1,3470,3213,3214,-1,3470,3214,3471,-1,3471,3214,3215,-1,3471,3215,3472,-1,3472,3215,3216,-1,3472,3216,3473,-1,3473,3216,3217,-1,3473,3217,3474,-1,3474,3217,3218,-1,3474,3218,3475,-1,3475,3218,3219,-1,3475,3219,3476,-1,3476,3219,3220,-1,3476,3220,3477,-1,3477,3220,3221,-1,3477,3221,3478,-1,3478,3221,3222,-1,3478,3222,3479,-1,3479,3222,3223,-1,3479,3223,3480,-1,3480,3223,3224,-1,3480,3224,3481,-1,3481,3224,3225,-1,3481,3225,3482,-1,3482,3225,3226,-1,3482,3226,3483,-1,3483,3226,3227,-1,395,400,3228,-1,3228,400,3484,-1,3228,3484,3229,-1,3229,3484,3485,-1,3229,3485,3230,-1,3230,3485,3486,-1,3230,3486,3231,-1,3231,3486,3487,-1,3231,3487,3232,-1,3232,3487,3488,-1,3232,3488,3233,-1,3233,3488,3489,-1,3233,3489,3234,-1,3234,3489,3490,-1,3234,3490,3235,-1,3235,3490,3491,-1,3235,3491,3236,-1,3236,3491,3492,-1,3236,3492,3237,-1,3237,3492,3493,-1,3237,3493,3238,-1,3238,3493,3494,-1,3238,3494,3239,-1,3239,3494,3495,-1,3239,3495,3240,-1,3240,3495,3496,-1,3240,3496,3241,-1,3241,3496,3497,-1,3241,3497,3242,-1,3242,3497,3498,-1,3242,3498,3243,-1,3243,3498,3499,-1,3243,3499,3244,-1,3244,3499,3500,-1,3244,3500,3245,-1,3245,3500,3501,-1,3245,3501,3246,-1,3246,3501,3502,-1,3246,3502,3247,-1,3247,3502,3503,-1,3247,3503,3248,-1,3248,3503,3504,-1,3248,3504,3249,-1,3249,3504,3505,-1,3249,3505,3250,-1,3250,3505,3506,-1,3250,3506,3251,-1,3251,3506,3507,-1,3251,3507,3252,-1,3252,3507,3508,-1,3252,3508,3253,-1,3253,3508,3509,-1,3253,3509,3254,-1,3254,3509,3510,-1,3254,3510,3255,-1,3255,3510,3511,-1,3255,3511,3256,-1,3256,3511,3512,-1,3256,3512,3257,-1,3257,3512,3513,-1,3257,3513,3258,-1,3258,3513,3514,-1,3258,3514,3259,-1,3259,3514,3515,-1,3259,3515,3260,-1,3260,3515,3516,-1,3260,3516,3261,-1,3261,3516,3517,-1,3261,3517,3262,-1,3262,3517,3518,-1,3262,3518,3263,-1,3263,3518,3519,-1,3263,3519,3264,-1,3264,3519,3520,-1,3264,3520,3265,-1,3265,3520,3521,-1,3265,3521,3266,-1,3266,3521,3522,-1,3266,3522,3267,-1,3267,3522,3523,-1,3267,3523,3268,-1,3268,3523,3524,-1,3268,3524,3269,-1,3269,3524,3525,-1,3269,3525,3270,-1,3270,3525,3526,-1,3270,3526,3271,-1,3271,3526,3527,-1,3271,3527,3272,-1,3272,3527,3528,-1,3272,3528,3273,-1,3273,3528,3529,-1,3273,3529,3274,-1,3274,3529,3530,-1,3274,3530,3275,-1,3275,3530,3531,-1,3275,3531,3276,-1,3276,3531,3532,-1,3276,3532,3277,-1,3277,3532,3533,-1,3277,3533,3278,-1,3278,3533,3534,-1,3278,3534,3279,-1,3279,3534,3535,-1,3279,3535,3280,-1,3280,3535,3536,-1,3280,3536,3281,-1,3281,3536,3537,-1,3281,3537,3282,-1,3282,3537,3538,-1,3282,3538,3283,-1,3283,3538,3539,-1,3283,3539,3284,-1,3284,3539,3540,-1,3284,3540,3285,-1,3285,3540,3541,-1,3285,3541,3286,-1,3286,3541,3542,-1,3286,3542,3287,-1,3287,3542,3543,-1,3287,3543,3288,-1,3288,3543,3544,-1,3288,3544,3289,-1,3289,3544,3545,-1,3289,3545,3290,-1,3290,3545,3546,-1,3290,3546,3291,-1,3291,3546,3547,-1,3291,3547,3292,-1,3292,3547,3548,-1,3292,3548,3293,-1,3293,3548,3549,-1,3293,3549,3294,-1,3294,3549,3550,-1,3294,3550,3295,-1,3295,3550,3551,-1,3295,3551,3296,-1,3296,3551,3552,-1,3296,3552,3297,-1,3297,3552,3553,-1,3297,3553,3298,-1,3298,3553,3554,-1,3298,3554,3299,-1,3299,3554,3555,-1,3299,3555,3300,-1,3300,3555,3556,-1,3300,3556,3301,-1,3301,3556,3557,-1,3301,3557,3302,-1,3302,3557,3558,-1,3302,3558,3303,-1,3303,3558,3559,-1,3303,3559,3304,-1,3304,3559,3560,-1,3304,3560,3305,-1,3305,3560,3561,-1,3305,3561,3306,-1,3306,3561,3562,-1,3306,3562,3307,-1,3307,3562,3563,-1,3307,3563,3308,-1,3308,3563,3564,-1,3308,3564,3309,-1,3309,3564,3565,-1,3309,3565,3310,-1,3310,3565,3566,-1,3310,3566,3311,-1,3311,3566,3567,-1,3311,3567,3312,-1,3312,3567,3568,-1,3312,3568,3313,-1,3313,3568,3569,-1,3313,3569,3314,-1,3314,3569,3570,-1,3314,3570,3315,-1,3315,3570,3571,-1,3315,3571,3316,-1,3316,3571,3572,-1,3316,3572,3317,-1,3317,3572,3573,-1,3317,3573,3318,-1,3318,3573,3574,-1,3318,3574,3319,-1,3319,3574,3575,-1,3319,3575,3320,-1,3320,3575,3576,-1,3320,3576,3321,-1,3321,3576,3577,-1,3321,3577,3322,-1,3322,3577,3578,-1,3322,3578,3323,-1,3323,3578,3579,-1,3323,3579,3324,-1,3324,3579,3580,-1,3324,3580,3325,-1,3325,3580,3581,-1,3325,3581,3326,-1,3326,3581,3582,-1,3326,3582,3327,-1,3327,3582,3583,-1,3327,3583,3328,-1,3328,3583,3584,-1,3328,3584,3329,-1,3329,3584,3585,-1,3329,3585,3330,-1,3330,3585,3586,-1,3330,3586,3331,-1,3331,3586,3587,-1,3331,3587,3332,-1,3332,3587,3588,-1,3332,3588,3333,-1,3333,3588,3589,-1,3333,3589,3334,-1,3334,3589,3590,-1,3334,3590,3335,-1,3335,3590,3591,-1,3335,3591,3336,-1,3336,3591,3592,-1,3336,3592,3337,-1,3337,3592,3593,-1,3337,3593,3338,-1,3338,3593,3594,-1,3338,3594,3339,-1,3339,3594,3595,-1,3339,3595,3340,-1,3340,3595,3596,-1,3340,3596,3341,-1,3341,3596,3597,-1,3341,3597,3342,-1,3342,3597,3598,-1,3342,3598,3343,-1,3343,3598,3599,-1,3343,3599,3344,-1,3344,3599,3600,-1,3344,3600,3345,-1,3345,3600,3601,-1,3345,3601,3346,-1,3346,3601,3602,-1,3346,3602,3347,-1,3347,3602,3603,-1,3347,3603,3348,-1,3348,3603,3604,-1,3348,3604,3349,-1,3349,3604,3605,-1,3349,3605,3350,-1,3350,3605,3606,-1,3350,3606,3351,-1,3351,3606,3607,-1,3351,3607,3352,-1,3352,3607,3608,-1,3352,3608,3353,-1,3353,3608,3609,-1,3353,3609,3354,-1,3354,3609,3610,-1,3354,3610,3355,-1,3355,3610,3611,-1,375,374,3612,-1,3612,374,3356,-1,3612,3356,3613,-1,3613,3356,3357,-1,3613,3357,3614,-1,3614,3357,3358,-1,3614,3358,3615,-1,3615,3358,3359,-1,3615,3359,3616,-1,3616,3359,3360,-1,3616,3360,3617,-1,3617,3360,3361,-1,3617,3361,3618,-1,3618,3361,3362,-1,3618,3362,3619,-1,3619,3362,3363,-1,3619,3363,3620,-1,3620,3363,3364,-1,3620,3364,3621,-1,3621,3364,3365,-1,3621,3365,3622,-1,3622,3365,3366,-1,3622,3366,3623,-1,3623,3366,3367,-1,3623,3367,3624,-1,3624,3367,3368,-1,3624,3368,3625,-1,3625,3368,3369,-1,3625,3369,3626,-1,3626,3369,3370,-1,3626,3370,3627,-1,3627,3370,3371,-1,3627,3371,3628,-1,3628,3371,3372,-1,3628,3372,3629,-1,3629,3372,3373,-1,3629,3373,3630,-1,3630,3373,3374,-1,3630,3374,3631,-1,3631,3374,3375,-1,3631,3375,3632,-1,3632,3375,3376,-1,3632,3376,3633,-1,3633,3376,3377,-1,3633,3377,3634,-1,3634,3377,3378,-1,3634,3378,3635,-1,3635,3378,3379,-1,3635,3379,3636,-1,3636,3379,3380,-1,3636,3380,3637,-1,3637,3380,3381,-1,3637,3381,3638,-1,3638,3381,3382,-1,3638,3382,3639,-1,3639,3382,3383,-1,3639,3383,3640,-1,3640,3383,3384,-1,3640,3384,3641,-1,3641,3384,3385,-1,3641,3385,3642,-1,3642,3385,3386,-1,3642,3386,3643,-1,3643,3386,3387,-1,3643,3387,3644,-1,3644,3387,3388,-1,3644,3388,3645,-1,3645,3388,3389,-1,3645,3389,3646,-1,3646,3389,3390,-1,3646,3390,3647,-1,3647,3390,3391,-1,3647,3391,3648,-1,3648,3391,3392,-1,3648,3392,3649,-1,3649,3392,3393,-1,3649,3393,3650,-1,3650,3393,3394,-1,3650,3394,3651,-1,3651,3394,3395,-1,3651,3395,3652,-1,3652,3395,3396,-1,3652,3396,3653,-1,3653,3396,3397,-1,3653,3397,3654,-1,3654,3397,3398,-1,3654,3398,3655,-1,3655,3398,3399,-1,3655,3399,3656,-1,3656,3399,3400,-1,3656,3400,3657,-1,3657,3400,3401,-1,3657,3401,3658,-1,3658,3401,3402,-1,3658,3402,3659,-1,3659,3402,3403,-1,3659,3403,3660,-1,3660,3403,3404,-1,3660,3404,3661,-1,3661,3404,3405,-1,3661,3405,3662,-1,3662,3405,3406,-1,3662,3406,3663,-1,3663,3406,3407,-1,3663,3407,3664,-1,3664,3407,3408,-1,3664,3408,3665,-1,3665,3408,3409,-1,3665,3409,3666,-1,3666,3409,3410,-1,3666,3410,3667,-1,3667,3410,3411,-1,3667,3411,3668,-1,3668,3411,3412,-1,3668,3412,3669,-1,3669,3412,3413,-1,3669,3413,3670,-1,3670,3413,3414,-1,3670,3414,3671,-1,3671,3414,3415,-1,3671,3415,3672,-1,3672,3415,3416,-1,3672,3416,3673,-1,3673,3416,3417,-1,3673,3417,3674,-1,3674,3417,3418,-1,3674,3418,3675,-1,3675,3418,3419,-1,3675,3419,3676,-1,3676,3419,3420,-1,3676,3420,3677,-1,3677,3420,3421,-1,3677,3421,3678,-1,3678,3421,3422,-1,3678,3422,3679,-1,3679,3422,3423,-1,3679,3423,3680,-1,3680,3423,3424,-1,3680,3424,3681,-1,3681,3424,3425,-1,3681,3425,3682,-1,3682,3425,3426,-1,3682,3426,3683,-1,3683,3426,3427,-1,3683,3427,3684,-1,3684,3427,3428,-1,3684,3428,3685,-1,3685,3428,3429,-1,3685,3429,3686,-1,3686,3429,3430,-1,3686,3430,3687,-1,3687,3430,3431,-1,3687,3431,3688,-1,3688,3431,3432,-1,3688,3432,3689,-1,3689,3432,3433,-1,3689,3433,3690,-1,3690,3433,3434,-1,3690,3434,3691,-1,3691,3434,3435,-1,3691,3435,3692,-1,3692,3435,3436,-1,3692,3436,3693,-1,3693,3436,3437,-1,3693,3437,3694,-1,3694,3437,3438,-1,3694,3438,3695,-1,3695,3438,3439,-1,3695,3439,3696,-1,3696,3439,3440,-1,3696,3440,3697,-1,3697,3440,3441,-1,3697,3441,3698,-1,3698,3441,3442,-1,3698,3442,3699,-1,3699,3442,3443,-1,3699,3443,3700,-1,3700,3443,3444,-1,3700,3444,3701,-1,3701,3444,3445,-1,3701,3445,3702,-1,3702,3445,3446,-1,3702,3446,3703,-1,3703,3446,3447,-1,3703,3447,3704,-1,3704,3447,3448,-1,3704,3448,3705,-1,3705,3448,3449,-1,3705,3449,3706,-1,3706,3449,3450,-1,3706,3450,3707,-1,3707,3450,3451,-1,3707,3451,3708,-1,3708,3451,3452,-1,3708,3452,3709,-1,3709,3452,3453,-1,3709,3453,3710,-1,3710,3453,3454,-1,3710,3454,3711,-1,3711,3454,3455,-1,3711,3455,3712,-1,3712,3455,3456,-1,3712,3456,3713,-1,3713,3456,3457,-1,3713,3457,3714,-1,3714,3457,3458,-1,3714,3458,3715,-1,3715,3458,3459,-1,3715,3459,3716,-1,3716,3459,3460,-1,3716,3460,3717,-1,3717,3460,3461,-1,3717,3461,3718,-1,3718,3461,3462,-1,3718,3462,3719,-1,3719,3462,3463,-1,3719,3463,3720,-1,3720,3463,3464,-1,3720,3464,3721,-1,3721,3464,3465,-1,3721,3465,3722,-1,3722,3465,3466,-1,3722,3466,3723,-1,3723,3466,3467,-1,3723,3467,3724,-1,3724,3467,3468,-1,3724,3468,3725,-1,3725,3468,3469,-1,3725,3469,3726,-1,3726,3469,3470,-1,3726,3470,3727,-1,3727,3470,3471,-1,3727,3471,3728,-1,3728,3471,3472,-1,3728,3472,3729,-1,3729,3472,3473,-1,3729,3473,3730,-1,3730,3473,3474,-1,3730,3474,3731,-1,3731,3474,3475,-1,3731,3475,3732,-1,3732,3475,3476,-1,3732,3476,3733,-1,3733,3476,3477,-1,3733,3477,3734,-1,3734,3477,3478,-1,3734,3478,3735,-1,3735,3478,3479,-1,3735,3479,3736,-1,3736,3479,3480,-1,3736,3480,3737,-1,3737,3480,3481,-1,3737,3481,3738,-1,3738,3481,3482,-1,3738,3482,3739,-1,3739,3482,3483,-1,400,399,3484,-1,3484,399,3740,-1,3484,3740,3485,-1,3485,3740,3741,-1,3485,3741,3486,-1,3486,3741,3742,-1,3486,3742,3487,-1,3487,3742,3743,-1,3487,3743,3488,-1,3488,3743,3744,-1,3488,3744,3489,-1,3489,3744,3745,-1,3489,3745,3490,-1,3490,3745,3746,-1,3490,3746,3491,-1,3491,3746,3747,-1,3491,3747,3492,-1,3492,3747,3748,-1,3492,3748,3493,-1,3493,3748,3749,-1,3493,3749,3494,-1,3494,3749,3750,-1,3494,3750,3495,-1,3495,3750,3751,-1,3495,3751,3496,-1,3496,3751,3752,-1,3496,3752,3497,-1,3497,3752,3753,-1,3497,3753,3498,-1,3498,3753,3754,-1,3498,3754,3499,-1,3499,3754,3755,-1,3499,3755,3500,-1,3500,3755,3756,-1,3500,3756,3501,-1,3501,3756,3757,-1,3501,3757,3502,-1,3502,3757,3758,-1,3502,3758,3503,-1,3503,3758,3759,-1,3503,3759,3504,-1,3504,3759,3760,-1,3504,3760,3505,-1,3505,3760,3761,-1,3505,3761,3506,-1,3506,3761,3762,-1,3506,3762,3507,-1,3507,3762,3763,-1,3507,3763,3508,-1,3508,3763,3764,-1,3508,3764,3509,-1,3509,3764,3765,-1,3509,3765,3510,-1,3510,3765,3766,-1,3510,3766,3511,-1,3511,3766,3767,-1,3511,3767,3512,-1,3512,3767,3768,-1,3512,3768,3513,-1,3513,3768,3769,-1,3513,3769,3514,-1,3514,3769,3770,-1,3514,3770,3515,-1,3515,3770,3771,-1,3515,3771,3516,-1,3516,3771,3772,-1,3516,3772,3517,-1,3517,3772,3773,-1,3517,3773,3518,-1,3518,3773,3774,-1,3518,3774,3519,-1,3519,3774,3775,-1,3519,3775,3520,-1,3520,3775,3776,-1,3520,3776,3521,-1,3521,3776,3777,-1,3521,3777,3522,-1,3522,3777,3778,-1,3522,3778,3523,-1,3523,3778,3779,-1,3523,3779,3524,-1,3524,3779,3780,-1,3524,3780,3525,-1,3525,3780,3781,-1,3525,3781,3526,-1,3526,3781,3782,-1,3526,3782,3527,-1,3527,3782,3783,-1,3527,3783,3528,-1,3528,3783,3784,-1,3528,3784,3529,-1,3529,3784,3785,-1,3529,3785,3530,-1,3530,3785,3786,-1,3530,3786,3531,-1,3531,3786,3787,-1,3531,3787,3532,-1,3532,3787,3788,-1,3532,3788,3533,-1,3533,3788,3789,-1,3533,3789,3534,-1,3534,3789,3790,-1,3534,3790,3535,-1,3535,3790,3791,-1,3535,3791,3536,-1,3536,3791,3792,-1,3536,3792,3537,-1,3537,3792,3793,-1,3537,3793,3538,-1,3538,3793,3794,-1,3538,3794,3539,-1,3539,3794,3795,-1,3539,3795,3540,-1,3540,3795,3796,-1,3540,3796,3541,-1,3541,3796,3797,-1,3541,3797,3542,-1,3542,3797,3798,-1,3542,3798,3543,-1,3543,3798,3799,-1,3543,3799,3544,-1,3544,3799,3800,-1,3544,3800,3545,-1,3545,3800,3801,-1,3545,3801,3546,-1,3546,3801,3802,-1,3546,3802,3547,-1,3547,3802,3803,-1,3547,3803,3548,-1,3548,3803,3804,-1,3548,3804,3549,-1,3549,3804,3805,-1,3549,3805,3550,-1,3550,3805,3806,-1,3550,3806,3551,-1,3551,3806,3807,-1,3551,3807,3552,-1,3552,3807,3808,-1,3552,3808,3553,-1,3553,3808,3809,-1,3553,3809,3554,-1,3554,3809,3810,-1,3554,3810,3555,-1,3555,3810,3811,-1,3555,3811,3556,-1,3556,3811,3812,-1,3556,3812,3557,-1,3557,3812,3813,-1,3557,3813,3558,-1,3558,3813,3814,-1,3558,3814,3559,-1,3559,3814,3815,-1,3559,3815,3560,-1,3560,3815,3816,-1,3560,3816,3561,-1,3561,3816,3817,-1,3561,3817,3562,-1,3562,3817,3818,-1,3562,3818,3563,-1,3563,3818,3819,-1,3563,3819,3564,-1,3564,3819,3820,-1,3564,3820,3565,-1,3565,3820,3821,-1,3565,3821,3566,-1,3566,3821,3822,-1,3566,3822,3567,-1,3567,3822,3823,-1,3567,3823,3568,-1,3568,3823,3824,-1,3568,3824,3569,-1,3569,3824,3825,-1,3569,3825,3570,-1,3570,3825,3826,-1,3570,3826,3571,-1,3571,3826,3827,-1,3571,3827,3572,-1,3572,3827,3828,-1,3572,3828,3573,-1,3573,3828,3829,-1,3573,3829,3574,-1,3574,3829,3830,-1,3574,3830,3575,-1,3575,3830,3831,-1,3575,3831,3576,-1,3576,3831,3832,-1,3576,3832,3577,-1,3577,3832,3833,-1,3577,3833,3578,-1,3578,3833,3834,-1,3578,3834,3579,-1,3579,3834,3835,-1,3579,3835,3580,-1,3580,3835,3836,-1,3580,3836,3581,-1,3581,3836,3837,-1,3581,3837,3582,-1,3582,3837,3838,-1,3582,3838,3583,-1,3583,3838,3839,-1,3583,3839,3584,-1,3584,3839,3840,-1,3584,3840,3585,-1,3585,3840,3841,-1,3585,3841,3586,-1,3586,3841,3842,-1,3586,3842,3587,-1,3587,3842,3843,-1,3587,3843,3588,-1,3588,3843,3844,-1,3588,3844,3589,-1,3589,3844,3845,-1,3589,3845,3590,-1,3590,3845,3846,-1,3590,3846,3591,-1,3591,3846,3847,-1,3591,3847,3592,-1,3592,3847,3848,-1,3592,3848,3593,-1,3593,3848,3849,-1,3593,3849,3594,-1,3594,3849,3850,-1,3594,3850,3595,-1,3595,3850,3851,-1,3595,3851,3596,-1,3596,3851,3852,-1,3596,3852,3597,-1,3597,3852,3853,-1,3597,3853,3598,-1,3598,3853,3854,-1,3598,3854,3599,-1,3599,3854,3855,-1,3599,3855,3600,-1,3600,3855,3856,-1,3600,3856,3601,-1,3601,3856,3857,-1,3601,3857,3602,-1,3602,3857,3858,-1,3602,3858,3603,-1,3603,3858,3859,-1,3603,3859,3604,-1,3604,3859,3860,-1,3604,3860,3605,-1,3605,3860,3861,-1,3605,3861,3606,-1,3606,3861,3862,-1,3606,3862,3607,-1,3607,3862,3863,-1,3607,3863,3608,-1,3608,3863,3864,-1,3608,3864,3609,-1,3609,3864,3865,-1,3609,3865,3610,-1,3610,3865,3866,-1,3610,3866,3611,-1,3611,3866,3867,-1,370,375,3868,-1,3868,375,3612,-1,3868,3612,3869,-1,3869,3612,3613,-1,3869,3613,3870,-1,3870,3613,3614,-1,3870,3614,3871,-1,3871,3614,3615,-1,3871,3615,3872,-1,3872,3615,3616,-1,3872,3616,3873,-1,3873,3616,3617,-1,3873,3617,3874,-1,3874,3617,3618,-1,3874,3618,3875,-1,3875,3618,3619,-1,3875,3619,3876,-1,3876,3619,3620,-1,3876,3620,3877,-1,3877,3620,3621,-1,3877,3621,3878,-1,3878,3621,3622,-1,3878,3622,3879,-1,3879,3622,3623,-1,3879,3623,3880,-1,3880,3623,3624,-1,3880,3624,3881,-1,3881,3624,3625,-1,3881,3625,3882,-1,3882,3625,3626,-1,3882,3626,3883,-1,3883,3626,3627,-1,3883,3627,3884,-1,3884,3627,3628,-1,3884,3628,3885,-1,3885,3628,3629,-1,3885,3629,3886,-1,3886,3629,3630,-1,3886,3630,3887,-1,3887,3630,3631,-1,3887,3631,3888,-1,3888,3631,3632,-1,3888,3632,3889,-1,3889,3632,3633,-1,3889,3633,3890,-1,3890,3633,3634,-1,3890,3634,3891,-1,3891,3634,3635,-1,3891,3635,3892,-1,3892,3635,3636,-1,3892,3636,3893,-1,3893,3636,3637,-1,3893,3637,3894,-1,3894,3637,3638,-1,3894,3638,3895,-1,3895,3638,3639,-1,3895,3639,3896,-1,3896,3639,3640,-1,3896,3640,3897,-1,3897,3640,3641,-1,3897,3641,3898,-1,3898,3641,3642,-1,3898,3642,3899,-1,3899,3642,3643,-1,3899,3643,3900,-1,3900,3643,3644,-1,3900,3644,3901,-1,3901,3644,3645,-1,3901,3645,3902,-1,3902,3645,3646,-1,3902,3646,3903,-1,3903,3646,3647,-1,3903,3647,3904,-1,3904,3647,3648,-1,3904,3648,3905,-1,3905,3648,3649,-1,3905,3649,3906,-1,3906,3649,3650,-1,3906,3650,3907,-1,3907,3650,3651,-1,3907,3651,3908,-1,3908,3651,3652,-1,3908,3652,3909,-1,3909,3652,3653,-1,3909,3653,3910,-1,3910,3653,3654,-1,3910,3654,3911,-1,3911,3654,3655,-1,3911,3655,3912,-1,3912,3655,3656,-1,3912,3656,3913,-1,3913,3656,3657,-1,3913,3657,3914,-1,3914,3657,3658,-1,3914,3658,3915,-1,3915,3658,3659,-1,3915,3659,3916,-1,3916,3659,3660,-1,3916,3660,3917,-1,3917,3660,3661,-1,3917,3661,3918,-1,3918,3661,3662,-1,3918,3662,3919,-1,3919,3662,3663,-1,3919,3663,3920,-1,3920,3663,3664,-1,3920,3664,3921,-1,3921,3664,3665,-1,3921,3665,3922,-1,3922,3665,3666,-1,3922,3666,3923,-1,3923,3666,3667,-1,3923,3667,3924,-1,3924,3667,3668,-1,3924,3668,3925,-1,3925,3668,3669,-1,3925,3669,3926,-1,3926,3669,3670,-1,3926,3670,3927,-1,3927,3670,3671,-1,3927,3671,3928,-1,3928,3671,3672,-1,3928,3672,3929,-1,3929,3672,3673,-1,3929,3673,3930,-1,3930,3673,3674,-1,3930,3674,3931,-1,3931,3674,3675,-1,3931,3675,3932,-1,3932,3675,3676,-1,3932,3676,3933,-1,3933,3676,3677,-1,3933,3677,3934,-1,3934,3677,3678,-1,3934,3678,3935,-1,3935,3678,3679,-1,3935,3679,3936,-1,3936,3679,3680,-1,3936,3680,3937,-1,3937,3680,3681,-1,3937,3681,3938,-1,3938,3681,3682,-1,3938,3682,3939,-1,3939,3682,3683,-1,3939,3683,3940,-1,3940,3683,3684,-1,3940,3684,3941,-1,3941,3684,3685,-1,3941,3685,3942,-1,3942,3685,3686,-1,3942,3686,3943,-1,3943,3686,3687,-1,3943,3687,3944,-1,3944,3687,3688,-1,3944,3688,3945,-1,3945,3688,3689,-1,3945,3689,3946,-1,3946,3689,3690,-1,3946,3690,3947,-1,3947,3690,3691,-1,3947,3691,3948,-1,3948,3691,3692,-1,3948,3692,3949,-1,3949,3692,3693,-1,3949,3693,3950,-1,3950,3693,3694,-1,3950,3694,3951,-1,3951,3694,3695,-1,3951,3695,3952,-1,3952,3695,3696,-1,3952,3696,3953,-1,3953,3696,3697,-1,3953,3697,3954,-1,3954,3697,3698,-1,3954,3698,3955,-1,3955,3698,3699,-1,3955,3699,3956,-1,3956,3699,3700,-1,3956,3700,3957,-1,3957,3700,3701,-1,3957,3701,3958,-1,3958,3701,3702,-1,3958,3702,3959,-1,3959,3702,3703,-1,3959,3703,3960,-1,3960,3703,3704,-1,3960,3704,3961,-1,3961,3704,3705,-1,3961,3705,3962,-1,3962,3705,3706,-1,3962,3706,3963,-1,3963,3706,3707,-1,3963,3707,3964,-1,3964,3707,3708,-1,3964,3708,3965,-1,3965,3708,3709,-1,3965,3709,3966,-1,3966,3709,3710,-1,3966,3710,3967,-1,3967,3710,3711,-1,3967,3711,3968,-1,3968,3711,3712,-1,3968,3712,3969,-1,3969,3712,3713,-1,3969,3713,3970,-1,3970,3713,3714,-1,3970,3714,3971,-1,3971,3714,3715,-1,3971,3715,3972,-1,3972,3715,3716,-1,3972,3716,3973,-1,3973,3716,3717,-1,3973,3717,3974,-1,3974,3717,3718,-1,3974,3718,3975,-1,3975,3718,3719,-1,3975,3719,3976,-1,3976,3719,3720,-1,3976,3720,3977,-1,3977,3720,3721,-1,3977,3721,3978,-1,3978,3721,3722,-1,3978,3722,3979,-1,3979,3722,3723,-1,3979,3723,3980,-1,3980,3723,3724,-1,3980,3724,3981,-1,3981,3724,3725,-1,3981,3725,3982,-1,3982,3725,3726,-1,3982,3726,3983,-1,3983,3726,3727,-1,3983,3727,3984,-1,3984,3727,3728,-1,3984,3728,3985,-1,3985,3728,3729,-1,3985,3729,3986,-1,3986,3729,3730,-1,3986,3730,3987,-1,3987,3730,3731,-1,3987,3731,3988,-1,3988,3731,3732,-1,3988,3732,3989,-1,3989,3732,3733,-1,3989,3733,3990,-1,3990,3733,3734,-1,3990,3734,3991,-1,3991,3734,3735,-1,3991,3735,3992,-1,3992,3735,3736,-1,3992,3736,3993,-1,3993,3736,3737,-1,3993,3737,3994,-1,3994,3737,3738,-1,3994,3738,3995,-1,3995,3738,3739,-1,399,398,3740,-1,3740,398,3996,-1,3740,3996,3741,-1,3741,3996,3997,-1,3741,3997,3742,-1,3742,3997,3998,-1,3742,3998,3743,-1,3743,3998,3999,-1,3743,3999,3744,-1,3744,3999,4000,-1,3744,4000,3745,-1,3745,4000,4001,-1,3745,4001,3746,-1,3746,4001,4002,-1,3746,4002,3747,-1,3747,4002,4003,-1,3747,4003,3748,-1,3748,4003,4004,-1,3748,4004,3749,-1,3749,4004,4005,-1,3749,4005,3750,-1,3750,4005,4006,-1,3750,4006,3751,-1,3751,4006,4007,-1,3751,4007,3752,-1,3752,4007,4008,-1,3752,4008,3753,-1,3753,4008,4009,-1,3753,4009,3754,-1,3754,4009,4010,-1,3754,4010,3755,-1,3755,4010,4011,-1,3755,4011,3756,-1,3756,4011,4012,-1,3756,4012,3757,-1,3757,4012,4013,-1,3757,4013,3758,-1,3758,4013,4014,-1,3758,4014,3759,-1,3759,4014,4015,-1,3759,4015,3760,-1,3760,4015,4016,-1,3760,4016,3761,-1,3761,4016,4017,-1,3761,4017,3762,-1,3762,4017,4018,-1,3762,4018,3763,-1,3763,4018,4019,-1,3763,4019,3764,-1,3764,4019,4020,-1,3764,4020,3765,-1,3765,4020,4021,-1,3765,4021,3766,-1,3766,4021,4022,-1,3766,4022,3767,-1,3767,4022,4023,-1,3767,4023,3768,-1,3768,4023,4024,-1,3768,4024,3769,-1,3769,4024,4025,-1,3769,4025,3770,-1,3770,4025,4026,-1,3770,4026,3771,-1,3771,4026,4027,-1,3771,4027,3772,-1,3772,4027,4028,-1,3772,4028,3773,-1,3773,4028,4029,-1,3773,4029,3774,-1,3774,4029,4030,-1,3774,4030,3775,-1,3775,4030,4031,-1,3775,4031,3776,-1,3776,4031,4032,-1,3776,4032,3777,-1,3777,4032,4033,-1,3777,4033,3778,-1,3778,4033,4034,-1,3778,4034,3779,-1,3779,4034,4035,-1,3779,4035,3780,-1,3780,4035,4036,-1,3780,4036,3781,-1,3781,4036,4037,-1,3781,4037,3782,-1,3782,4037,4038,-1,3782,4038,3783,-1,3783,4038,4039,-1,3783,4039,3784,-1,3784,4039,4040,-1,3784,4040,3785,-1,3785,4040,4041,-1,3785,4041,3786,-1,3786,4041,4042,-1,3786,4042,3787,-1,3787,4042,4043,-1,3787,4043,3788,-1,3788,4043,4044,-1,3788,4044,3789,-1,3789,4044,4045,-1,3789,4045,3790,-1,3790,4045,4046,-1,3790,4046,3791,-1,3791,4046,4047,-1,3791,4047,3792,-1,3792,4047,4048,-1,3792,4048,3793,-1,3793,4048,4049,-1,3793,4049,3794,-1,3794,4049,4050,-1,3794,4050,3795,-1,3795,4050,4051,-1,3795,4051,3796,-1,3796,4051,4052,-1,3796,4052,3797,-1,3797,4052,4053,-1,3797,4053,3798,-1,3798,4053,4054,-1,3798,4054,3799,-1,3799,4054,4055,-1,3799,4055,3800,-1,3800,4055,4056,-1,3800,4056,3801,-1,3801,4056,4057,-1,3801,4057,3802,-1,3802,4057,4058,-1,3802,4058,3803,-1,3803,4058,4059,-1,3803,4059,3804,-1,3804,4059,4060,-1,3804,4060,3805,-1,3805,4060,4061,-1,3805,4061,3806,-1,3806,4061,4062,-1,3806,4062,3807,-1,3807,4062,4063,-1,3807,4063,3808,-1,3808,4063,4064,-1,3808,4064,3809,-1,3809,4064,4065,-1,3809,4065,3810,-1,3810,4065,4066,-1,3810,4066,3811,-1,3811,4066,4067,-1,3811,4067,3812,-1,3812,4067,4068,-1,3812,4068,3813,-1,3813,4068,4069,-1,3813,4069,3814,-1,3814,4069,4070,-1,3814,4070,3815,-1,3815,4070,4071,-1,3815,4071,3816,-1,3816,4071,4072,-1,3816,4072,3817,-1,3817,4072,4073,-1,3817,4073,3818,-1,3818,4073,4074,-1,3818,4074,3819,-1,3819,4074,4075,-1,3819,4075,3820,-1,3820,4075,4076,-1,3820,4076,3821,-1,3821,4076,4077,-1,3821,4077,3822,-1,3822,4077,4078,-1,3822,4078,3823,-1,3823,4078,4079,-1,3823,4079,3824,-1,3824,4079,4080,-1,3824,4080,3825,-1,3825,4080,4081,-1,3825,4081,3826,-1,3826,4081,4082,-1,3826,4082,3827,-1,3827,4082,4083,-1,3827,4083,3828,-1,3828,4083,4084,-1,3828,4084,3829,-1,3829,4084,4085,-1,3829,4085,3830,-1,3830,4085,4086,-1,3830,4086,3831,-1,3831,4086,4087,-1,3831,4087,3832,-1,3832,4087,4088,-1,3832,4088,3833,-1,3833,4088,4089,-1,3833,4089,3834,-1,3834,4089,4090,-1,3834,4090,3835,-1,3835,4090,4091,-1,3835,4091,3836,-1,3836,4091,4092,-1,3836,4092,3837,-1,3837,4092,4093,-1,3837,4093,3838,-1,3838,4093,4094,-1,3838,4094,3839,-1,3839,4094,4095,-1,3839,4095,3840,-1,3840,4095,4096,-1,3840,4096,3841,-1,3841,4096,4097,-1,3841,4097,3842,-1,3842,4097,4098,-1,3842,4098,3843,-1,3843,4098,4099,-1,3843,4099,3844,-1,3844,4099,4100,-1,3844,4100,3845,-1,3845,4100,4101,-1,3845,4101,3846,-1,3846,4101,4102,-1,3846,4102,3847,-1,3847,4102,4103,-1,3847,4103,3848,-1,3848,4103,4104,-1,3848,4104,3849,-1,3849,4104,4105,-1,3849,4105,3850,-1,3850,4105,4106,-1,3850,4106,3851,-1,3851,4106,4107,-1,3851,4107,3852,-1,3852,4107,4108,-1,3852,4108,3853,-1,3853,4108,4109,-1,3853,4109,3854,-1,3854,4109,4110,-1,3854,4110,3855,-1,3855,4110,4111,-1,3855,4111,3856,-1,3856,4111,4112,-1,3856,4112,3857,-1,3857,4112,4113,-1,3857,4113,3858,-1,3858,4113,4114,-1,3858,4114,3859,-1,3859,4114,4115,-1,3859,4115,3860,-1,3860,4115,4116,-1,3860,4116,3861,-1,3861,4116,4117,-1,3861,4117,3862,-1,3862,4117,4118,-1,3862,4118,3863,-1,3863,4118,4119,-1,3863,4119,3864,-1,3864,4119,4120,-1,3864,4120,3865,-1,3865,4120,4121,-1,3865,4121,3866,-1,3866,4121,4122,-1,3866,4122,3867,-1,3867,4122,4123,-1,371,370,4124,-1,4124,370,3868,-1,4124,3868,4125,-1,4125,3868,3869,-1,4125,3869,4126,-1,4126,3869,3870,-1,4126,3870,4127,-1,4127,3870,3871,-1,4127,3871,4128,-1,4128,3871,3872,-1,4128,3872,4129,-1,4129,3872,3873,-1,4129,3873,4130,-1,4130,3873,3874,-1,4130,3874,4131,-1,4131,3874,3875,-1,4131,3875,4132,-1,4132,3875,3876,-1,4132,3876,4133,-1,4133,3876,3877,-1,4133,3877,4134,-1,4134,3877,3878,-1,4134,3878,4135,-1,4135,3878,3879,-1,4135,3879,4136,-1,4136,3879,3880,-1,4136,3880,4137,-1,4137,3880,3881,-1,4137,3881,4138,-1,4138,3881,3882,-1,4138,3882,4139,-1,4139,3882,3883,-1,4139,3883,4140,-1,4140,3883,3884,-1,4140,3884,4141,-1,4141,3884,3885,-1,4141,3885,4142,-1,4142,3885,3886,-1,4142,3886,4143,-1,4143,3886,3887,-1,4143,3887,4144,-1,4144,3887,3888,-1,4144,3888,4145,-1,4145,3888,3889,-1,4145,3889,4146,-1,4146,3889,3890,-1,4146,3890,4147,-1,4147,3890,3891,-1,4147,3891,4148,-1,4148,3891,3892,-1,4148,3892,4149,-1,4149,3892,3893,-1,4149,3893,4150,-1,4150,3893,3894,-1,4150,3894,4151,-1,4151,3894,3895,-1,4151,3895,4152,-1,4152,3895,3896,-1,4152,3896,4153,-1,4153,3896,3897,-1,4153,3897,4154,-1,4154,3897,3898,-1,4154,3898,4155,-1,4155,3898,3899,-1,4155,3899,4156,-1,4156,3899,3900,-1,4156,3900,4157,-1,4157,3900,3901,-1,4157,3901,4158,-1,4158,3901,3902,-1,4158,3902,4159,-1,4159,3902,3903,-1,4159,3903,4160,-1,4160,3903,3904,-1,4160,3904,4161,-1,4161,3904,3905,-1,4161,3905,4162,-1,4162,3905,3906,-1,4162,3906,4163,-1,4163,3906,3907,-1,4163,3907,4164,-1,4164,3907,3908,-1,4164,3908,4165,-1,4165,3908,3909,-1,4165,3909,4166,-1,4166,3909,3910,-1,4166,3910,4167,-1,4167,3910,3911,-1,4167,3911,4168,-1,4168,3911,3912,-1,4168,3912,4169,-1,4169,3912,3913,-1,4169,3913,4170,-1,4170,3913,3914,-1,4170,3914,4171,-1,4171,3914,3915,-1,4171,3915,4172,-1,4172,3915,3916,-1,4172,3916,4173,-1,4173,3916,3917,-1,4173,3917,4174,-1,4174,3917,3918,-1,4174,3918,4175,-1,4175,3918,3919,-1,4175,3919,4176,-1,4176,3919,3920,-1,4176,3920,4177,-1,4177,3920,3921,-1,4177,3921,4178,-1,4178,3921,3922,-1,4178,3922,4179,-1,4179,3922,3923,-1,4179,3923,4180,-1,4180,3923,3924,-1,4180,3924,4181,-1,4181,3924,3925,-1,4181,3925,4182,-1,4182,3925,3926,-1,4182,3926,4183,-1,4183,3926,3927,-1,4183,3927,4184,-1,4184,3927,3928,-1,4184,3928,4185,-1,4185,3928,3929,-1,4185,3929,4186,-1,4186,3929,3930,-1,4186,3930,4187,-1,4187,3930,3931,-1,4187,3931,4188,-1,4188,3931,3932,-1,4188,3932,4189,-1,4189,3932,3933,-1,4189,3933,4190,-1,4190,3933,3934,-1,4190,3934,4191,-1,4191,3934,3935,-1,4191,3935,4192,-1,4192,3935,3936,-1,4192,3936,4193,-1,4193,3936,3937,-1,4193,3937,4194,-1,4194,3937,3938,-1,4194,3938,4195,-1,4195,3938,3939,-1,4195,3939,4196,-1,4196,3939,3940,-1,4196,3940,4197,-1,4197,3940,3941,-1,4197,3941,4198,-1,4198,3941,3942,-1,4198,3942,4199,-1,4199,3942,3943,-1,4199,3943,4200,-1,4200,3943,3944,-1,4200,3944,4201,-1,4201,3944,3945,-1,4201,3945,4202,-1,4202,3945,3946,-1,4202,3946,4203,-1,4203,3946,3947,-1,4203,3947,4204,-1,4204,3947,3948,-1,4204,3948,4205,-1,4205,3948,3949,-1,4205,3949,4206,-1,4206,3949,3950,-1,4206,3950,4207,-1,4207,3950,3951,-1,4207,3951,4208,-1,4208,3951,3952,-1,4208,3952,4209,-1,4209,3952,3953,-1,4209,3953,4210,-1,4210,3953,3954,-1,4210,3954,4211,-1,4211,3954,3955,-1,4211,3955,4212,-1,4212,3955,3956,-1,4212,3956,4213,-1,4213,3956,3957,-1,4213,3957,4214,-1,4214,3957,3958,-1,4214,3958,4215,-1,4215,3958,3959,-1,4215,3959,4216,-1,4216,3959,3960,-1,4216,3960,4217,-1,4217,3960,3961,-1,4217,3961,4218,-1,4218,3961,3962,-1,4218,3962,4219,-1,4219,3962,3963,-1,4219,3963,4220,-1,4220,3963,3964,-1,4220,3964,4221,-1,4221,3964,3965,-1,4221,3965,4222,-1,4222,3965,3966,-1,4222,3966,4223,-1,4223,3966,3967,-1,4223,3967,4224,-1,4224,3967,3968,-1,4224,3968,4225,-1,4225,3968,3969,-1,4225,3969,4226,-1,4226,3969,3970,-1,4226,3970,4227,-1,4227,3970,3971,-1,4227,3971,4228,-1,4228,3971,3972,-1,4228,3972,4229,-1,4229,3972,3973,-1,4229,3973,4230,-1,4230,3973,3974,-1,4230,3974,4231,-1,4231,3974,3975,-1,4231,3975,4232,-1,4232,3975,3976,-1,4232,3976,4233,-1,4233,3976,3977,-1,4233,3977,4234,-1,4234,3977,3978,-1,4234,3978,4235,-1,4235,3978,3979,-1,4235,3979,4236,-1,4236,3979,3980,-1,4236,3980,4237,-1,4237,3980,3981,-1,4237,3981,4238,-1,4238,3981,3982,-1,4238,3982,4239,-1,4239,3982,3983,-1,4239,3983,4240,-1,4240,3983,3984,-1,4240,3984,4241,-1,4241,3984,3985,-1,4241,3985,4242,-1,4242,3985,3986,-1,4242,3986,4243,-1,4243,3986,3987,-1,4243,3987,4244,-1,4244,3987,3988,-1,4244,3988,4245,-1,4245,3988,3989,-1,4245,3989,4246,-1,4246,3989,3990,-1,4246,3990,4247,-1,4247,3990,3991,-1,4247,3991,4248,-1,4248,3991,3992,-1,4248,3992,4249,-1,4249,3992,3993,-1,4249,3993,4250,-1,4250,3993,3994,-1,4250,3994,4251,-1,4251,3994,3995,-1,398,403,3996,-1,3996,403,4252,-1,3996,4252,3997,-1,3997,4252,4253,-1,3997,4253,3998,-1,3998,4253,4254,-1,3998,4254,3999,-1,3999,4254,4255,-1,3999,4255,4000,-1,4000,4255,4256,-1,4000,4256,4001,-1,4001,4256,4257,-1,4001,4257,4002,-1,4002,4257,4258,-1,4002,4258,4003,-1,4003,4258,4259,-1,4003,4259,4004,-1,4004,4259,4260,-1,4004,4260,4005,-1,4005,4260,4261,-1,4005,4261,4006,-1,4006,4261,4262,-1,4006,4262,4007,-1,4007,4262,4263,-1,4007,4263,4008,-1,4008,4263,4264,-1,4008,4264,4009,-1,4009,4264,4265,-1,4009,4265,4010,-1,4010,4265,4266,-1,4010,4266,4011,-1,4011,4266,4267,-1,4011,4267,4012,-1,4012,4267,4268,-1,4012,4268,4013,-1,4013,4268,4269,-1,4013,4269,4014,-1,4014,4269,4270,-1,4014,4270,4015,-1,4015,4270,4271,-1,4015,4271,4016,-1,4016,4271,4272,-1,4016,4272,4017,-1,4017,4272,4273,-1,4017,4273,4018,-1,4018,4273,4274,-1,4018,4274,4019,-1,4019,4274,4275,-1,4019,4275,4020,-1,4020,4275,4276,-1,4020,4276,4021,-1,4021,4276,4277,-1,4021,4277,4022,-1,4022,4277,4278,-1,4022,4278,4023,-1,4023,4278,4279,-1,4023,4279,4024,-1,4024,4279,4280,-1,4024,4280,4025,-1,4025,4280,4281,-1,4025,4281,4026,-1,4026,4281,4282,-1,4026,4282,4027,-1,4027,4282,4283,-1,4027,4283,4028,-1,4028,4283,4284,-1,4028,4284,4029,-1,4029,4284,4285,-1,4029,4285,4030,-1,4030,4285,4286,-1,4030,4286,4031,-1,4031,4286,4287,-1,4031,4287,4032,-1,4032,4287,4288,-1,4032,4288,4033,-1,4033,4288,4289,-1,4033,4289,4034,-1,4034,4289,4290,-1,4034,4290,4035,-1,4035,4290,4291,-1,4035,4291,4036,-1,4036,4291,4292,-1,4036,4292,4037,-1,4037,4292,4293,-1,4037,4293,4038,-1,4038,4293,4294,-1,4038,4294,4039,-1,4039,4294,4295,-1,4039,4295,4040,-1,4040,4295,4296,-1,4040,4296,4041,-1,4041,4296,4297,-1,4041,4297,4042,-1,4042,4297,4298,-1,4042,4298,4043,-1,4043,4298,4299,-1,4043,4299,4044,-1,4044,4299,4300,-1,4044,4300,4045,-1,4045,4300,4301,-1,4045,4301,4046,-1,4046,4301,4302,-1,4046,4302,4047,-1,4047,4302,4303,-1,4047,4303,4048,-1,4048,4303,4304,-1,4048,4304,4049,-1,4049,4304,4305,-1,4049,4305,4050,-1,4050,4305,4306,-1,4050,4306,4051,-1,4051,4306,4307,-1,4051,4307,4052,-1,4052,4307,4308,-1,4052,4308,4053,-1,4053,4308,4309,-1,4053,4309,4054,-1,4054,4309,4310,-1,4054,4310,4055,-1,4055,4310,4311,-1,4055,4311,4056,-1,4056,4311,4312,-1,4056,4312,4057,-1,4057,4312,4313,-1,4057,4313,4058,-1,4058,4313,4314,-1,4058,4314,4059,-1,4059,4314,4315,-1,4059,4315,4060,-1,4060,4315,4316,-1,4060,4316,4061,-1,4061,4316,4317,-1,4061,4317,4062,-1,4062,4317,4318,-1,4062,4318,4063,-1,4063,4318,4319,-1,4063,4319,4064,-1,4064,4319,4320,-1,4064,4320,4065,-1,4065,4320,4321,-1,4065,4321,4066,-1,4066,4321,4322,-1,4066,4322,4067,-1,4067,4322,4323,-1,4067,4323,4068,-1,4068,4323,4324,-1,4068,4324,4069,-1,4069,4324,4325,-1,4069,4325,4070,-1,4070,4325,4326,-1,4070,4326,4071,-1,4071,4326,4327,-1,4071,4327,4072,-1,4072,4327,4328,-1,4072,4328,4073,-1,4073,4328,4329,-1,4073,4329,4074,-1,4074,4329,4330,-1,4074,4330,4075,-1,4075,4330,4331,-1,4075,4331,4076,-1,4076,4331,4332,-1,4076,4332,4077,-1,4077,4332,4333,-1,4077,4333,4078,-1,4078,4333,4334,-1,4078,4334,4079,-1,4079,4334,4335,-1,4079,4335,4080,-1,4080,4335,4336,-1,4080,4336,4081,-1,4081,4336,4337,-1,4081,4337,4082,-1,4082,4337,4338,-1,4082,4338,4083,-1,4083,4338,4339,-1,4083,4339,4084,-1,4084,4339,4340,-1,4084,4340,4085,-1,4085,4340,4341,-1,4085,4341,4086,-1,4086,4341,4342,-1,4086,4342,4087,-1,4087,4342,4343,-1,4087,4343,4088,-1,4088,4343,4344,-1,4088,4344,4089,-1,4089,4344,4345,-1,4089,4345,4090,-1,4090,4345,4346,-1,4090,4346,4091,-1,4091,4346,4347,-1,4091,4347,4092,-1,4092,4347,4348,-1,4092,4348,4093,-1,4093,4348,4349,-1,4093,4349,4094,-1,4094,4349,4350,-1,4094,4350,4095,-1,4095,4350,4351,-1,4095,4351,4096,-1,4096,4351,4352,-1,4096,4352,4097,-1,4097,4352,4353,-1,4097,4353,4098,-1,4098,4353,4354,-1,4098,4354,4099,-1,4099,4354,4355,-1,4099,4355,4100,-1,4100,4355,4356,-1,4100,4356,4101,-1,4101,4356,4357,-1,4101,4357,4102,-1,4102,4357,4358,-1,4102,4358,4103,-1,4103,4358,4359,-1,4103,4359,4104,-1,4104,4359,4360,-1,4104,4360,4105,-1,4105,4360,4361,-1,4105,4361,4106,-1,4106,4361,4362,-1,4106,4362,4107,-1,4107,4362,4363,-1,4107,4363,4108,-1,4108,4363,4364,-1,4108,4364,4109,-1,4109,4364,4365,-1,4109,4365,4110,-1,4110,4365,4366,-1,4110,4366,4111,-1,4111,4366,4367,-1,4111,4367,4112,-1,4112,4367,4368,-1,4112,4368,4113,-1,4113,4368,4369,-1,4113,4369,4114,-1,4114,4369,4370,-1,4114,4370,4115,-1,4115,4370,4371,-1,4115,4371,4116,-1,4116,4371,4372,-1,4116,4372,4117,-1,4117,4372,4373,-1,4117,4373,4118,-1,4118,4373,4374,-1,4118,4374,4119,-1,4119,4374,4375,-1,4119,4375,4120,-1,4120,4375,4376,-1,4120,4376,4121,-1,4121,4376,4377,-1,4121,4377,4122,-1,4122,4377,4378,-1,4122,4378,4123,-1,4123,4378,4379,-1,372,371,4380,-1,4380,371,4124,-1,4380,4124,4381,-1,4381,4124,4125,-1,4381,4125,4382,-1,4382,4125,4126,-1,4382,4126,4383,-1,4383,4126,4127,-1,4383,4127,4384,-1,4384,4127,4128,-1,4384,4128,4385,-1,4385,4128,4129,-1,4385,4129,4386,-1,4386,4129,4130,-1,4386,4130,4387,-1,4387,4130,4131,-1,4387,4131,4388,-1,4388,4131,4132,-1,4388,4132,4389,-1,4389,4132,4133,-1,4389,4133,4390,-1,4390,4133,4134,-1,4390,4134,4391,-1,4391,4134,4135,-1,4391,4135,4392,-1,4392,4135,4136,-1,4392,4136,4393,-1,4393,4136,4137,-1,4393,4137,4394,-1,4394,4137,4138,-1,4394,4138,4395,-1,4395,4138,4139,-1,4395,4139,4396,-1,4396,4139,4140,-1,4396,4140,4397,-1,4397,4140,4141,-1,4397,4141,4398,-1,4398,4141,4142,-1,4398,4142,4399,-1,4399,4142,4143,-1,4399,4143,4400,-1,4400,4143,4144,-1,4400,4144,4401,-1,4401,4144,4145,-1,4401,4145,4402,-1,4402,4145,4146,-1,4402,4146,4403,-1,4403,4146,4147,-1,4403,4147,4404,-1,4404,4147,4148,-1,4404,4148,4405,-1,4405,4148,4149,-1,4405,4149,4406,-1,4406,4149,4150,-1,4406,4150,4407,-1,4407,4150,4151,-1,4407,4151,4408,-1,4408,4151,4152,-1,4408,4152,4409,-1,4409,4152,4153,-1,4409,4153,4410,-1,4410,4153,4154,-1,4410,4154,4411,-1,4411,4154,4155,-1,4411,4155,4412,-1,4412,4155,4156,-1,4412,4156,4413,-1,4413,4156,4157,-1,4413,4157,4414,-1,4414,4157,4158,-1,4414,4158,4415,-1,4415,4158,4159,-1,4415,4159,4416,-1,4416,4159,4160,-1,4416,4160,4417,-1,4417,4160,4161,-1,4417,4161,4418,-1,4418,4161,4162,-1,4418,4162,4419,-1,4419,4162,4163,-1,4419,4163,4420,-1,4420,4163,4164,-1,4420,4164,4421,-1,4421,4164,4165,-1,4421,4165,4422,-1,4422,4165,4166,-1,4422,4166,4423,-1,4423,4166,4167,-1,4423,4167,4424,-1,4424,4167,4168,-1,4424,4168,4425,-1,4425,4168,4169,-1,4425,4169,4426,-1,4426,4169,4170,-1,4426,4170,4427,-1,4427,4170,4171,-1,4427,4171,4428,-1,4428,4171,4172,-1,4428,4172,4429,-1,4429,4172,4173,-1,4429,4173,4430,-1,4430,4173,4174,-1,4430,4174,4431,-1,4431,4174,4175,-1,4431,4175,4432,-1,4432,4175,4176,-1,4432,4176,4433,-1,4433,4176,4177,-1,4433,4177,4434,-1,4434,4177,4178,-1,4434,4178,4435,-1,4435,4178,4179,-1,4435,4179,4436,-1,4436,4179,4180,-1,4436,4180,4437,-1,4437,4180,4181,-1,4437,4181,4438,-1,4438,4181,4182,-1,4438,4182,4439,-1,4439,4182,4183,-1,4439,4183,4440,-1,4440,4183,4184,-1,4440,4184,4441,-1,4441,4184,4185,-1,4441,4185,4442,-1,4442,4185,4186,-1,4442,4186,4443,-1,4443,4186,4187,-1,4443,4187,4444,-1,4444,4187,4188,-1,4444,4188,4445,-1,4445,4188,4189,-1,4445,4189,4446,-1,4446,4189,4190,-1,4446,4190,4447,-1,4447,4190,4191,-1,4447,4191,4448,-1,4448,4191,4192,-1,4448,4192,4449,-1,4449,4192,4193,-1,4449,4193,4450,-1,4450,4193,4194,-1,4450,4194,4451,-1,4451,4194,4195,-1,4451,4195,4452,-1,4452,4195,4196,-1,4452,4196,4453,-1,4453,4196,4197,-1,4453,4197,4454,-1,4454,4197,4198,-1,4454,4198,4455,-1,4455,4198,4199,-1,4455,4199,4456,-1,4456,4199,4200,-1,4456,4200,4457,-1,4457,4200,4201,-1,4457,4201,4458,-1,4458,4201,4202,-1,4458,4202,4459,-1,4459,4202,4203,-1,4459,4203,4460,-1,4460,4203,4204,-1,4460,4204,4461,-1,4461,4204,4205,-1,4461,4205,4462,-1,4462,4205,4206,-1,4462,4206,4463,-1,4463,4206,4207,-1,4463,4207,4464,-1,4464,4207,4208,-1,4464,4208,4465,-1,4465,4208,4209,-1,4465,4209,4466,-1,4466,4209,4210,-1,4466,4210,4467,-1,4467,4210,4211,-1,4467,4211,4468,-1,4468,4211,4212,-1,4468,4212,4469,-1,4469,4212,4213,-1,4469,4213,4470,-1,4470,4213,4214,-1,4470,4214,4471,-1,4471,4214,4215,-1,4471,4215,4472,-1,4472,4215,4216,-1,4472,4216,4473,-1,4473,4216,4217,-1,4473,4217,4474,-1,4474,4217,4218,-1,4474,4218,4475,-1,4475,4218,4219,-1,4475,4219,4476,-1,4476,4219,4220,-1,4476,4220,4477,-1,4477,4220,4221,-1,4477,4221,4478,-1,4478,4221,4222,-1,4478,4222,4479,-1,4479,4222,4223,-1,4479,4223,4480,-1,4480,4223,4224,-1,4480,4224,4481,-1,4481,4224,4225,-1,4481,4225,4482,-1,4482,4225,4226,-1,4482,4226,4483,-1,4483,4226,4227,-1,4483,4227,4484,-1,4484,4227,4228,-1,4484,4228,4485,-1,4485,4228,4229,-1,4485,4229,4486,-1,4486,4229,4230,-1,4486,4230,4487,-1,4487,4230,4231,-1,4487,4231,4488,-1,4488,4231,4232,-1,4488,4232,4489,-1,4489,4232,4233,-1,4489,4233,4490,-1,4490,4233,4234,-1,4490,4234,4491,-1,4491,4234,4235,-1,4491,4235,4492,-1,4492,4235,4236,-1,4492,4236,4493,-1,4493,4236,4237,-1,4493,4237,4494,-1,4494,4237,4238,-1,4494,4238,4495,-1,4495,4238,4239,-1,4495,4239,4496,-1,4496,4239,4240,-1,4496,4240,4497,-1,4497,4240,4241,-1,4497,4241,4498,-1,4498,4241,4242,-1,4498,4242,4499,-1,4499,4242,4243,-1,4499,4243,4500,-1,4500,4243,4244,-1,4500,4244,4501,-1,4501,4244,4245,-1,4501,4245,4502,-1,4502,4245,4246,-1,4502,4246,4503,-1,4503,4246,4247,-1,4503,4247,4504,-1,4504,4247,4248,-1,4504,4248,4505,-1,4505,4248,4249,-1,4505,4249,4506,-1,4506,4249,4250,-1,4506,4250,4507,-1,4507,4250,4251,-1,403,402,4252,-1,4252,402,4508,-1,4252,4508,4253,-1,4253,4508,4509,-1,4253,4509,4254,-1,4254,4509,4510,-1,4254,4510,4255,-1,4255,4510,4511,-1,4255,4511,4256,-1,4256,4511,4512,-1,4256,4512,4257,-1,4257,4512,4513,-1,4257,4513,4258,-1,4258,4513,4514,-1,4258,4514,4259,-1,4259,4514,4515,-1,4259,4515,4260,-1,4260,4515,4516,-1,4260,4516,4261,-1,4261,4516,4517,-1,4261,4517,4262,-1,4262,4517,4518,-1,4262,4518,4263,-1,4263,4518,4519,-1,4263,4519,4264,-1,4264,4519,4520,-1,4264,4520,4265,-1,4265,4520,4521,-1,4265,4521,4266,-1,4266,4521,4522,-1,4266,4522,4267,-1,4267,4522,4523,-1,4267,4523,4268,-1,4268,4523,4524,-1,4268,4524,4269,-1,4269,4524,4525,-1,4269,4525,4270,-1,4270,4525,4526,-1,4270,4526,4271,-1,4271,4526,4527,-1,4271,4527,4272,-1,4272,4527,4528,-1,4272,4528,4273,-1,4273,4528,4529,-1,4273,4529,4274,-1,4274,4529,4530,-1,4274,4530,4275,-1,4275,4530,4531,-1,4275,4531,4276,-1,4276,4531,4532,-1,4276,4532,4277,-1,4277,4532,4533,-1,4277,4533,4278,-1,4278,4533,4534,-1,4278,4534,4279,-1,4279,4534,4535,-1,4279,4535,4280,-1,4280,4535,4536,-1,4280,4536,4281,-1,4281,4536,4537,-1,4281,4537,4282,-1,4282,4537,4538,-1,4282,4538,4283,-1,4283,4538,4539,-1,4283,4539,4284,-1,4284,4539,4540,-1,4284,4540,4285,-1,4285,4540,4541,-1,4285,4541,4286,-1,4286,4541,4542,-1,4286,4542,4287,-1,4287,4542,4543,-1,4287,4543,4288,-1,4288,4543,4544,-1,4288,4544,4289,-1,4289,4544,4545,-1,4289,4545,4290,-1,4290,4545,4546,-1,4290,4546,4291,-1,4291,4546,4547,-1,4291,4547,4292,-1,4292,4547,4548,-1,4292,4548,4293,-1,4293,4548,4549,-1,4293,4549,4294,-1,4294,4549,4550,-1,4294,4550,4295,-1,4295,4550,4551,-1,4295,4551,4296,-1,4296,4551,4552,-1,4296,4552,4297,-1,4297,4552,4553,-1,4297,4553,4298,-1,4298,4553,4554,-1,4298,4554,4299,-1,4299,4554,4555,-1,4299,4555,4300,-1,4300,4555,4556,-1,4300,4556,4301,-1,4301,4556,4557,-1,4301,4557,4302,-1,4302,4557,4558,-1,4302,4558,4303,-1,4303,4558,4559,-1,4303,4559,4304,-1,4304,4559,4560,-1,4304,4560,4305,-1,4305,4560,4561,-1,4305,4561,4306,-1,4306,4561,4562,-1,4306,4562,4307,-1,4307,4562,4563,-1,4307,4563,4308,-1,4308,4563,4564,-1,4308,4564,4309,-1,4309,4564,4565,-1,4309,4565,4310,-1,4310,4565,4566,-1,4310,4566,4311,-1,4311,4566,4567,-1,4311,4567,4312,-1,4312,4567,4568,-1,4312,4568,4313,-1,4313,4568,4569,-1,4313,4569,4314,-1,4314,4569,4570,-1,4314,4570,4315,-1,4315,4570,4571,-1,4315,4571,4316,-1,4316,4571,4572,-1,4316,4572,4317,-1,4317,4572,4573,-1,4317,4573,4318,-1,4318,4573,4574,-1,4318,4574,4319,-1,4319,4574,4575,-1,4319,4575,4320,-1,4320,4575,4576,-1,4320,4576,4321,-1,4321,4576,4577,-1,4321,4577,4322,-1,4322,4577,4578,-1,4322,4578,4323,-1,4323,4578,4579,-1,4323,4579,4324,-1,4324,4579,4580,-1,4324,4580,4325,-1,4325,4580,4581,-1,4325,4581,4326,-1,4326,4581,4582,-1,4326,4582,4327,-1,4327,4582,4583,-1,4327,4583,4328,-1,4328,4583,4584,-1,4328,4584,4329,-1,4329,4584,4585,-1,4329,4585,4330,-1,4330,4585,4586,-1,4330,4586,4331,-1,4331,4586,4587,-1,4331,4587,4332,-1,4332,4587,4588,-1,4332,4588,4333,-1,4333,4588,4589,-1,4333,4589,4334,-1,4334,4589,4590,-1,4334,4590,4335,-1,4335,4590,4591,-1,4335,4591,4336,-1,4336,4591,4592,-1,4336,4592,4337,-1,4337,4592,4593,-1,4337,4593,4338,-1,4338,4593,4594,-1,4338,4594,4339,-1,4339,4594,4595,-1,4339,4595,4340,-1,4340,4595,4596,-1,4340,4596,4341,-1,4341,4596,4597,-1,4341,4597,4342,-1,4342,4597,4598,-1,4342,4598,4343,-1,4343,4598,4599,-1,4343,4599,4344,-1,4344,4599,4600,-1,4344,4600,4345,-1,4345,4600,4601,-1,4345,4601,4346,-1,4346,4601,4602,-1,4346,4602,4347,-1,4347,4602,4603,-1,4347,4603,4348,-1,4348,4603,4604,-1,4348,4604,4349,-1,4349,4604,4605,-1,4349,4605,4350,-1,4350,4605,4606,-1,4350,4606,4351,-1,4351,4606,4607,-1,4351,4607,4352,-1,4352,4607,4608,-1,4352,4608,4353,-1,4353,4608,4609,-1,4353,4609,4354,-1,4354,4609,4610,-1,4354,4610,4355,-1,4355,4610,4611,-1,4355,4611,4356,-1,4356,4611,4612,-1,4356,4612,4357,-1,4357,4612,4613,-1,4357,4613,4358,-1,4358,4613,4614,-1,4358,4614,4359,-1,4359,4614,4615,-1,4359,4615,4360,-1,4360,4615,4616,-1,4360,4616,4361,-1,4361,4616,4617,-1,4361,4617,4362,-1,4362,4617,4618,-1,4362,4618,4363,-1,4363,4618,4619,-1,4363,4619,4364,-1,4364,4619,4620,-1,4364,4620,4365,-1,4365,4620,4621,-1,4365,4621,4366,-1,4366,4621,4622,-1,4366,4622,4367,-1,4367,4622,4623,-1,4367,4623,4368,-1,4368,4623,4624,-1,4368,4624,4369,-1,4369,4624,4625,-1,4369,4625,4370,-1,4370,4625,4626,-1,4370,4626,4371,-1,4371,4626,4627,-1,4371,4627,4372,-1,4372,4627,4628,-1,4372,4628,4373,-1,4373,4628,4629,-1,4373,4629,4374,-1,4374,4629,4630,-1,4374,4630,4375,-1,4375,4630,4631,-1,4375,4631,4376,-1,4376,4631,4632,-1,4376,4632,4377,-1,4377,4632,4633,-1,4377,4633,4378,-1,4378,4633,4634,-1,4378,4634,4379,-1,4379,4634,4635,-1,367,372,4636,-1,4636,372,4380,-1,4636,4380,4637,-1,4637,4380,4381,-1,4637,4381,4638,-1,4638,4381,4382,-1,4638,4382,4639,-1,4639,4382,4383,-1,4639,4383,4640,-1,4640,4383,4384,-1,4640,4384,4641,-1,4641,4384,4385,-1,4641,4385,4642,-1,4642,4385,4386,-1,4642,4386,4643,-1,4643,4386,4387,-1,4643,4387,4644,-1,4644,4387,4388,-1,4644,4388,4645,-1,4645,4388,4389,-1,4645,4389,4646,-1,4646,4389,4390,-1,4646,4390,4647,-1,4647,4390,4391,-1,4647,4391,4648,-1,4648,4391,4392,-1,4648,4392,4649,-1,4649,4392,4393,-1,4649,4393,4650,-1,4650,4393,4394,-1,4650,4394,4651,-1,4651,4394,4395,-1,4651,4395,4652,-1,4652,4395,4396,-1,4652,4396,4653,-1,4653,4396,4397,-1,4653,4397,4654,-1,4654,4397,4398,-1,4654,4398,4655,-1,4655,4398,4399,-1,4655,4399,4656,-1,4656,4399,4400,-1,4656,4400,4657,-1,4657,4400,4401,-1,4657,4401,4658,-1,4658,4401,4402,-1,4658,4402,4659,-1,4659,4402,4403,-1,4659,4403,4660,-1,4660,4403,4404,-1,4660,4404,4661,-1,4661,4404,4405,-1,4661,4405,4662,-1,4662,4405,4406,-1,4662,4406,4663,-1,4663,4406,4407,-1,4663,4407,4664,-1,4664,4407,4408,-1,4664,4408,4665,-1,4665,4408,4409,-1,4665,4409,4666,-1,4666,4409,4410,-1,4666,4410,4667,-1,4667,4410,4411,-1,4667,4411,4668,-1,4668,4411,4412,-1,4668,4412,4669,-1,4669,4412,4413,-1,4669,4413,4670,-1,4670,4413,4414,-1,4670,4414,4671,-1,4671,4414,4415,-1,4671,4415,4672,-1,4672,4415,4416,-1,4672,4416,4673,-1,4673,4416,4417,-1,4673,4417,4674,-1,4674,4417,4418,-1,4674,4418,4675,-1,4675,4418,4419,-1,4675,4419,4676,-1,4676,4419,4420,-1,4676,4420,4677,-1,4677,4420,4421,-1,4677,4421,4678,-1,4678,4421,4422,-1,4678,4422,4679,-1,4679,4422,4423,-1,4679,4423,4680,-1,4680,4423,4424,-1,4680,4424,4681,-1,4681,4424,4425,-1,4681,4425,4682,-1,4682,4425,4426,-1,4682,4426,4683,-1,4683,4426,4427,-1,4683,4427,4684,-1,4684,4427,4428,-1,4684,4428,4685,-1,4685,4428,4429,-1,4685,4429,4686,-1,4686,4429,4430,-1,4686,4430,4687,-1,4687,4430,4431,-1,4687,4431,4688,-1,4688,4431,4432,-1,4688,4432,4689,-1,4689,4432,4433,-1,4689,4433,4690,-1,4690,4433,4434,-1,4690,4434,4691,-1,4691,4434,4435,-1,4691,4435,4692,-1,4692,4435,4436,-1,4692,4436,4693,-1,4693,4436,4437,-1,4693,4437,4694,-1,4694,4437,4438,-1,4694,4438,4695,-1,4695,4438,4439,-1,4695,4439,4696,-1,4696,4439,4440,-1,4696,4440,4697,-1,4697,4440,4441,-1,4697,4441,4698,-1,4698,4441,4442,-1,4698,4442,4699,-1,4699,4442,4443,-1,4699,4443,4700,-1,4700,4443,4444,-1,4700,4444,4701,-1,4701,4444,4445,-1,4701,4445,4702,-1,4702,4445,4446,-1,4702,4446,4703,-1,4703,4446,4447,-1,4703,4447,4704,-1,4704,4447,4448,-1,4704,4448,4705,-1,4705,4448,4449,-1,4705,4449,4706,-1,4706,4449,4450,-1,4706,4450,4707,-1,4707,4450,4451,-1,4707,4451,4708,-1,4708,4451,4452,-1,4708,4452,4709,-1,4709,4452,4453,-1,4709,4453,4710,-1,4710,4453,4454,-1,4710,4454,4711,-1,4711,4454,4455,-1,4711,4455,4712,-1,4712,4455,4456,-1,4712,4456,4713,-1,4713,4456,4457,-1,4713,4457,4714,-1,4714,4457,4458,-1,4714,4458,4715,-1,4715,4458,4459,-1,4715,4459,4716,-1,4716,4459,4460,-1,4716,4460,4717,-1,4717,4460,4461,-1,4717,4461,4718,-1,4718,4461,4462,-1,4718,4462,4719,-1,4719,4462,4463,-1,4719,4463,4720,-1,4720,4463,4464,-1,4720,4464,4721,-1,4721,4464,4465,-1,4721,4465,4722,-1,4722,4465,4466,-1,4722,4466,4723,-1,4723,4466,4467,-1,4723,4467,4724,-1,4724,4467,4468,-1,4724,4468,4725,-1,4725,4468,4469,-1,4725,4469,4726,-1,4726,4469,4470,-1,4726,4470,4727,-1,4727,4470,4471,-1,4727,4471,4728,-1,4728,4471,4472,-1,4728,4472,4729,-1,4729,4472,4473,-1,4729,4473,4730,-1,4730,4473,4474,-1,4730,4474,4731,-1,4731,4474,4475,-1,4731,4475,4732,-1,4732,4475,4476,-1,4732,4476,4733,-1,4733,4476,4477,-1,4733,4477,4734,-1,4734,4477,4478,-1,4734,4478,4735,-1,4735,4478,4479,-1,4735,4479,4736,-1,4736,4479,4480,-1,4736,4480,4737,-1,4737,4480,4481,-1,4737,4481,4738,-1,4738,4481,4482,-1,4738,4482,4739,-1,4739,4482,4483,-1,4739,4483,4740,-1,4740,4483,4484,-1,4740,4484,4741,-1,4741,4484,4485,-1,4741,4485,4742,-1,4742,4485,4486,-1,4742,4486,4743,-1,4743,4486,4487,-1,4743,4487,4744,-1,4744,4487,4488,-1,4744,4488,4745,-1,4745,4488,4489,-1,4745,4489,4746,-1,4746,4489,4490,-1,4746,4490,4747,-1,4747,4490,4491,-1,4747,4491,4748,-1,4748,4491,4492,-1,4748,4492,4749,-1,4749,4492,4493,-1,4749,4493,4750,-1,4750,4493,4494,-1,4750,4494,4751,-1,4751,4494,4495,-1,4751,4495,4752,-1,4752,4495,4496,-1,4752,4496,4753,-1,4753,4496,4497,-1,4753,4497,4754,-1,4754,4497,4498,-1,4754,4498,4755,-1,4755,4498,4499,-1,4755,4499,4756,-1,4756,4499,4500,-1,4756,4500,4757,-1,4757,4500,4501,-1,4757,4501,4758,-1,4758,4501,4502,-1,4758,4502,4759,-1,4759,4502,4503,-1,4759,4503,4760,-1,4760,4503,4504,-1,4760,4504,4761,-1,4761,4504,4505,-1,4761,4505,4762,-1,4762,4505,4506,-1,4762,4506,4763,-1,4763,4506,4507,-1,402,401,4508,-1,4508,401,4764,-1,4508,4764,4509,-1,4509,4764,4765,-1,4509,4765,4510,-1,4510,4765,4766,-1,4510,4766,4511,-1,4511,4766,4767,-1,4511,4767,4512,-1,4512,4767,4768,-1,4512,4768,4513,-1,4513,4768,4769,-1,4513,4769,4514,-1,4514,4769,4770,-1,4514,4770,4515,-1,4515,4770,4771,-1,4515,4771,4516,-1,4516,4771,4772,-1,4516,4772,4517,-1,4517,4772,4773,-1,4517,4773,4518,-1,4518,4773,4774,-1,4518,4774,4519,-1,4519,4774,4775,-1,4519,4775,4520,-1,4520,4775,4776,-1,4520,4776,4521,-1,4521,4776,4777,-1,4521,4777,4522,-1,4522,4777,4778,-1,4522,4778,4523,-1,4523,4778,4779,-1,4523,4779,4524,-1,4524,4779,4780,-1,4524,4780,4525,-1,4525,4780,4781,-1,4525,4781,4526,-1,4526,4781,4782,-1,4526,4782,4527,-1,4527,4782,4783,-1,4527,4783,4528,-1,4528,4783,4784,-1,4528,4784,4529,-1,4529,4784,4785,-1,4529,4785,4530,-1,4530,4785,4786,-1,4530,4786,4531,-1,4531,4786,4787,-1,4531,4787,4532,-1,4532,4787,4788,-1,4532,4788,4533,-1,4533,4788,4789,-1,4533,4789,4534,-1,4534,4789,4790,-1,4534,4790,4535,-1,4535,4790,4791,-1,4535,4791,4536,-1,4536,4791,4792,-1,4536,4792,4537,-1,4537,4792,4793,-1,4537,4793,4538,-1,4538,4793,4794,-1,4538,4794,4539,-1,4539,4794,4795,-1,4539,4795,4540,-1,4540,4795,4796,-1,4540,4796,4541,-1,4541,4796,4797,-1,4541,4797,4542,-1,4542,4797,4798,-1,4542,4798,4543,-1,4543,4798,4799,-1,4543,4799,4544,-1,4544,4799,4800,-1,4544,4800,4545,-1,4545,4800,4801,-1,4545,4801,4546,-1,4546,4801,4802,-1,4546,4802,4547,-1,4547,4802,4803,-1,4547,4803,4548,-1,4548,4803,4804,-1,4548,4804,4549,-1,4549,4804,4805,-1,4549,4805,4550,-1,4550,4805,4806,-1,4550,4806,4551,-1,4551,4806,4807,-1,4551,4807,4552,-1,4552,4807,4808,-1,4552,4808,4553,-1,4553,4808,4809,-1,4553,4809,4554,-1,4554,4809,4810,-1,4554,4810,4555,-1,4555,4810,4811,-1,4555,4811,4556,-1,4556,4811,4812,-1,4556,4812,4557,-1,4557,4812,4813,-1,4557,4813,4558,-1,4558,4813,4814,-1,4558,4814,4559,-1,4559,4814,4815,-1,4559,4815,4560,-1,4560,4815,4816,-1,4560,4816,4561,-1,4561,4816,4817,-1,4561,4817,4562,-1,4562,4817,4818,-1,4562,4818,4563,-1,4563,4818,4819,-1,4563,4819,4564,-1,4564,4819,4820,-1,4564,4820,4565,-1,4565,4820,4821,-1,4565,4821,4566,-1,4566,4821,4822,-1,4566,4822,4567,-1,4567,4822,4823,-1,4567,4823,4568,-1,4568,4823,4824,-1,4568,4824,4569,-1,4569,4824,4825,-1,4569,4825,4570,-1,4570,4825,4826,-1,4570,4826,4571,-1,4571,4826,4827,-1,4571,4827,4572,-1,4572,4827,4828,-1,4572,4828,4573,-1,4573,4828,4829,-1,4573,4829,4574,-1,4574,4829,4830,-1,4574,4830,4575,-1,4575,4830,4831,-1,4575,4831,4576,-1,4576,4831,4832,-1,4576,4832,4577,-1,4577,4832,4833,-1,4577,4833,4578,-1,4578,4833,4834,-1,4578,4834,4579,-1,4579,4834,4835,-1,4579,4835,4580,-1,4580,4835,4836,-1,4580,4836,4581,-1,4581,4836,4837,-1,4581,4837,4582,-1,4582,4837,4838,-1,4582,4838,4583,-1,4583,4838,4839,-1,4583,4839,4584,-1,4584,4839,4840,-1,4584,4840,4585,-1,4585,4840,4841,-1,4585,4841,4586,-1,4586,4841,4842,-1,4586,4842,4587,-1,4587,4842,4843,-1,4587,4843,4588,-1,4588,4843,4844,-1,4588,4844,4589,-1,4589,4844,4845,-1,4589,4845,4590,-1,4590,4845,4846,-1,4590,4846,4591,-1,4591,4846,4847,-1,4591,4847,4592,-1,4592,4847,4848,-1,4592,4848,4593,-1,4593,4848,4849,-1,4593,4849,4594,-1,4594,4849,4850,-1,4594,4850,4595,-1,4595,4850,4851,-1,4595,4851,4596,-1,4596,4851,4852,-1,4596,4852,4597,-1,4597,4852,4853,-1,4597,4853,4598,-1,4598,4853,4854,-1,4598,4854,4599,-1,4599,4854,4855,-1,4599,4855,4600,-1,4600,4855,4856,-1,4600,4856,4601,-1,4601,4856,4857,-1,4601,4857,4602,-1,4602,4857,4858,-1,4602,4858,4603,-1,4603,4858,4859,-1,4603,4859,4604,-1,4604,4859,4860,-1,4604,4860,4605,-1,4605,4860,4861,-1,4605,4861,4606,-1,4606,4861,4862,-1,4606,4862,4607,-1,4607,4862,4863,-1,4607,4863,4608,-1,4608,4863,4864,-1,4608,4864,4609,-1,4609,4864,4865,-1,4609,4865,4610,-1,4610,4865,4866,-1,4610,4866,4611,-1,4611,4866,4867,-1,4611,4867,4612,-1,4612,4867,4868,-1,4612,4868,4613,-1,4613,4868,4869,-1,4613,4869,4614,-1,4614,4869,4870,-1,4614,4870,4615,-1,4615,4870,4871,-1,4615,4871,4616,-1,4616,4871,4872,-1,4616,4872,4617,-1,4617,4872,4873,-1,4617,4873,4618,-1,4618,4873,4874,-1,4618,4874,4619,-1,4619,4874,4875,-1,4619,4875,4620,-1,4620,4875,4876,-1,4620,4876,4621,-1,4621,4876,4877,-1,4621,4877,4622,-1,4622,4877,4878,-1,4622,4878,4623,-1,4623,4878,4879,-1,4623,4879,4624,-1,4624,4879,4880,-1,4624,4880,4625,-1,4625,4880,4881,-1,4625,4881,4626,-1,4626,4881,4882,-1,4626,4882,4627,-1,4627,4882,4883,-1,4627,4883,4628,-1,4628,4883,4884,-1,4628,4884,4629,-1,4629,4884,4885,-1,4629,4885,4630,-1,4630,4885,4886,-1,4630,4886,4631,-1,4631,4886,4887,-1,4631,4887,4632,-1,4632,4887,4888,-1,4632,4888,4633,-1,4633,4888,4889,-1,4633,4889,4634,-1,4634,4889,4890,-1,4634,4890,4635,-1,4635,4890,4891,-1,368,367,4892,-1,4892,367,4636,-1,4892,4636,4893,-1,4893,4636,4637,-1,4893,4637,4894,-1,4894,4637,4638,-1,4894,4638,4895,-1,4895,4638,4639,-1,4895,4639,4896,-1,4896,4639,4640,-1,4896,4640,4897,-1,4897,4640,4641,-1,4897,4641,4898,-1,4898,4641,4642,-1,4898,4642,4899,-1,4899,4642,4643,-1,4899,4643,4900,-1,4900,4643,4644,-1,4900,4644,4901,-1,4901,4644,4645,-1,4901,4645,4902,-1,4902,4645,4646,-1,4902,4646,4903,-1,4903,4646,4647,-1,4903,4647,4904,-1,4904,4647,4648,-1,4904,4648,4905,-1,4905,4648,4649,-1,4905,4649,4906,-1,4906,4649,4650,-1,4906,4650,4907,-1,4907,4650,4651,-1,4907,4651,4908,-1,4908,4651,4652,-1,4908,4652,4909,-1,4909,4652,4653,-1,4909,4653,4910,-1,4910,4653,4654,-1,4910,4654,4911,-1,4911,4654,4655,-1,4911,4655,4912,-1,4912,4655,4656,-1,4912,4656,4913,-1,4913,4656,4657,-1,4913,4657,4914,-1,4914,4657,4658,-1,4914,4658,4915,-1,4915,4658,4659,-1,4915,4659,4916,-1,4916,4659,4660,-1,4916,4660,4917,-1,4917,4660,4661,-1,4917,4661,4918,-1,4918,4661,4662,-1,4918,4662,4919,-1,4919,4662,4663,-1,4919,4663,4920,-1,4920,4663,4664,-1,4920,4664,4921,-1,4921,4664,4665,-1,4921,4665,4922,-1,4922,4665,4666,-1,4922,4666,4923,-1,4923,4666,4667,-1,4923,4667,4924,-1,4924,4667,4668,-1,4924,4668,4925,-1,4925,4668,4669,-1,4925,4669,4926,-1,4926,4669,4670,-1,4926,4670,4927,-1,4927,4670,4671,-1,4927,4671,4928,-1,4928,4671,4672,-1,4928,4672,4929,-1,4929,4672,4673,-1,4929,4673,4930,-1,4930,4673,4674,-1,4930,4674,4931,-1,4931,4674,4675,-1,4931,4675,4932,-1,4932,4675,4676,-1,4932,4676,4933,-1,4933,4676,4677,-1,4933,4677,4934,-1,4934,4677,4678,-1,4934,4678,4935,-1,4935,4678,4679,-1,4935,4679,4936,-1,4936,4679,4680,-1,4936,4680,4937,-1,4937,4680,4681,-1,4937,4681,4938,-1,4938,4681,4682,-1,4938,4682,4939,-1,4939,4682,4683,-1,4939,4683,4940,-1,4940,4683,4684,-1,4940,4684,4941,-1,4941,4684,4685,-1,4941,4685,4942,-1,4942,4685,4686,-1,4942,4686,4943,-1,4943,4686,4687,-1,4943,4687,4944,-1,4944,4687,4688,-1,4944,4688,4945,-1,4945,4688,4689,-1,4945,4689,4946,-1,4946,4689,4690,-1,4946,4690,4947,-1,4947,4690,4691,-1,4947,4691,4948,-1,4948,4691,4692,-1,4948,4692,4949,-1,4949,4692,4693,-1,4949,4693,4950,-1,4950,4693,4694,-1,4950,4694,4951,-1,4951,4694,4695,-1,4951,4695,4952,-1,4952,4695,4696,-1,4952,4696,4953,-1,4953,4696,4697,-1,4953,4697,4954,-1,4954,4697,4698,-1,4954,4698,4955,-1,4955,4698,4699,-1,4955,4699,4956,-1,4956,4699,4700,-1,4956,4700,4957,-1,4957,4700,4701,-1,4957,4701,4958,-1,4958,4701,4702,-1,4958,4702,4959,-1,4959,4702,4703,-1,4959,4703,4960,-1,4960,4703,4704,-1,4960,4704,4961,-1,4961,4704,4705,-1,4961,4705,4962,-1,4962,4705,4706,-1,4962,4706,4963,-1,4963,4706,4707,-1,4963,4707,4964,-1,4964,4707,4708,-1,4964,4708,4965,-1,4965,4708,4709,-1,4965,4709,4966,-1,4966,4709,4710,-1,4966,4710,4967,-1,4967,4710,4711,-1,4967,4711,4968,-1,4968,4711,4712,-1,4968,4712,4969,-1,4969,4712,4713,-1,4969,4713,4970,-1,4970,4713,4714,-1,4970,4714,4971,-1,4971,4714,4715,-1,4971,4715,4972,-1,4972,4715,4716,-1,4972,4716,4973,-1,4973,4716,4717,-1,4973,4717,4974,-1,4974,4717,4718,-1,4974,4718,4975,-1,4975,4718,4719,-1,4975,4719,4976,-1,4976,4719,4720,-1,4976,4720,4977,-1,4977,4720,4721,-1,4977,4721,4978,-1,4978,4721,4722,-1,4978,4722,4979,-1,4979,4722,4723,-1,4979,4723,4980,-1,4980,4723,4724,-1,4980,4724,4981,-1,4981,4724,4725,-1,4981,4725,4982,-1,4982,4725,4726,-1,4982,4726,4983,-1,4983,4726,4727,-1,4983,4727,4984,-1,4984,4727,4728,-1,4984,4728,4985,-1,4985,4728,4729,-1,4985,4729,4986,-1,4986,4729,4730,-1,4986,4730,4987,-1,4987,4730,4731,-1,4987,4731,4988,-1,4988,4731,4732,-1,4988,4732,4989,-1,4989,4732,4733,-1,4989,4733,4990,-1,4990,4733,4734,-1,4990,4734,4991,-1,4991,4734,4735,-1,4991,4735,4992,-1,4992,4735,4736,-1,4992,4736,4993,-1,4993,4736,4737,-1,4993,4737,4994,-1,4994,4737,4738,-1,4994,4738,4995,-1,4995,4738,4739,-1,4995,4739,4996,-1,4996,4739,4740,-1,4996,4740,4997,-1,4997,4740,4741,-1,4997,4741,4998,-1,4998,4741,4742,-1,4998,4742,4999,-1,4999,4742,4743,-1,4999,4743,5000,-1,5000,4743,4744,-1,5000,4744,5001,-1,5001,4744,4745,-1,5001,4745,5002,-1,5002,4745,4746,-1,5002,4746,5003,-1,5003,4746,4747,-1,5003,4747,5004,-1,5004,4747,4748,-1,5004,4748,5005,-1,5005,4748,4749,-1,5005,4749,5006,-1,5006,4749,4750,-1,5006,4750,5007,-1,5007,4750,4751,-1,5007,4751,5008,-1,5008,4751,4752,-1,5008,4752,5009,-1,5009,4752,4753,-1,5009,4753,5010,-1,5010,4753,4754,-1,5010,4754,5011,-1,5011,4754,4755,-1,5011,4755,5012,-1,5012,4755,4756,-1,5012,4756,5013,-1,5013,4756,4757,-1,5013,4757,5014,-1,5014,4757,4758,-1,5014,4758,5015,-1,5015,4758,4759,-1,5015,4759,5016,-1,5016,4759,4760,-1,5016,4760,5017,-1,5017,4760,4761,-1,5017,4761,5018,-1,5018,4761,4762,-1,5018,4762,5019,-1,5019,4762,4763,-1,401,406,4764,-1,4764,406,5020,-1,4764,5020,4765,-1,4765,5020,5021,-1,4765,5021,4766,-1,4766,5021,5022,-1,4766,5022,4767,-1,4767,5022,5023,-1,4767,5023,4768,-1,4768,5023,5024,-1,4768,5024,4769,-1,4769,5024,5025,-1,4769,5025,4770,-1,4770,5025,5026,-1,4770,5026,4771,-1,4771,5026,5027,-1,4771,5027,4772,-1,4772,5027,5028,-1,4772,5028,4773,-1,4773,5028,5029,-1,4773,5029,4774,-1,4774,5029,5030,-1,4774,5030,4775,-1,4775,5030,5031,-1,4775,5031,4776,-1,4776,5031,5032,-1,4776,5032,4777,-1,4777,5032,5033,-1,4777,5033,4778,-1,4778,5033,5034,-1,4778,5034,4779,-1,4779,5034,5035,-1,4779,5035,4780,-1,4780,5035,5036,-1,4780,5036,4781,-1,4781,5036,5037,-1,4781,5037,4782,-1,4782,5037,5038,-1,4782,5038,4783,-1,4783,5038,5039,-1,4783,5039,4784,-1,4784,5039,5040,-1,4784,5040,4785,-1,4785,5040,5041,-1,4785,5041,4786,-1,4786,5041,5042,-1,4786,5042,4787,-1,4787,5042,5043,-1,4787,5043,4788,-1,4788,5043,5044,-1,4788,5044,4789,-1,4789,5044,5045,-1,4789,5045,4790,-1,4790,5045,5046,-1,4790,5046,4791,-1,4791,5046,5047,-1,4791,5047,4792,-1,4792,5047,5048,-1,4792,5048,4793,-1,4793,5048,5049,-1,4793,5049,4794,-1,4794,5049,5050,-1,4794,5050,4795,-1,4795,5050,5051,-1,4795,5051,4796,-1,4796,5051,5052,-1,4796,5052,4797,-1,4797,5052,5053,-1,4797,5053,4798,-1,4798,5053,5054,-1,4798,5054,4799,-1,4799,5054,5055,-1,4799,5055,4800,-1,4800,5055,5056,-1,4800,5056,4801,-1,4801,5056,5057,-1,4801,5057,4802,-1,4802,5057,5058,-1,4802,5058,4803,-1,4803,5058,5059,-1,4803,5059,4804,-1,4804,5059,5060,-1,4804,5060,4805,-1,4805,5060,5061,-1,4805,5061,4806,-1,4806,5061,5062,-1,4806,5062,4807,-1,4807,5062,5063,-1,4807,5063,4808,-1,4808,5063,5064,-1,4808,5064,4809,-1,4809,5064,5065,-1,4809,5065,4810,-1,4810,5065,5066,-1,4810,5066,4811,-1,4811,5066,5067,-1,4811,5067,4812,-1,4812,5067,5068,-1,4812,5068,4813,-1,4813,5068,5069,-1,4813,5069,4814,-1,4814,5069,5070,-1,4814,5070,4815,-1,4815,5070,5071,-1,4815,5071,4816,-1,4816,5071,5072,-1,4816,5072,4817,-1,4817,5072,5073,-1,4817,5073,4818,-1,4818,5073,5074,-1,4818,5074,4819,-1,4819,5074,5075,-1,4819,5075,4820,-1,4820,5075,5076,-1,4820,5076,4821,-1,4821,5076,5077,-1,4821,5077,4822,-1,4822,5077,5078,-1,4822,5078,4823,-1,4823,5078,5079,-1,4823,5079,4824,-1,4824,5079,5080,-1,4824,5080,4825,-1,4825,5080,5081,-1,4825,5081,4826,-1,4826,5081,5082,-1,4826,5082,4827,-1,4827,5082,5083,-1,4827,5083,4828,-1,4828,5083,5084,-1,4828,5084,4829,-1,4829,5084,5085,-1,4829,5085,4830,-1,4830,5085,5086,-1,4830,5086,4831,-1,4831,5086,5087,-1,4831,5087,4832,-1,4832,5087,5088,-1,4832,5088,4833,-1,4833,5088,5089,-1,4833,5089,4834,-1,4834,5089,5090,-1,4834,5090,4835,-1,4835,5090,5091,-1,4835,5091,4836,-1,4836,5091,5092,-1,4836,5092,4837,-1,4837,5092,5093,-1,4837,5093,4838,-1,4838,5093,5094,-1,4838,5094,4839,-1,4839,5094,5095,-1,4839,5095,4840,-1,4840,5095,5096,-1,4840,5096,4841,-1,4841,5096,5097,-1,4841,5097,4842,-1,4842,5097,5098,-1,4842,5098,4843,-1,4843,5098,5099,-1,4843,5099,4844,-1,4844,5099,5100,-1,4844,5100,4845,-1,4845,5100,5101,-1,4845,5101,4846,-1,4846,5101,5102,-1,4846,5102,4847,-1,4847,5102,5103,-1,4847,5103,4848,-1,4848,5103,5104,-1,4848,5104,4849,-1,4849,5104,5105,-1,4849,5105,4850,-1,4850,5105,5106,-1,4850,5106,4851,-1,4851,5106,5107,-1,4851,5107,4852,-1,4852,5107,5108,-1,4852,5108,4853,-1,4853,5108,5109,-1,4853,5109,4854,-1,4854,5109,5110,-1,4854,5110,4855,-1,4855,5110,5111,-1,4855,5111,4856,-1,4856,5111,5112,-1,4856,5112,4857,-1,4857,5112,5113,-1,4857,5113,4858,-1,4858,5113,5114,-1,4858,5114,4859,-1,4859,5114,5115,-1,4859,5115,4860,-1,4860,5115,5116,-1,4860,5116,4861,-1,4861,5116,5117,-1,4861,5117,4862,-1,4862,5117,5118,-1,4862,5118,4863,-1,4863,5118,5119,-1,4863,5119,4864,-1,4864,5119,5120,-1,4864,5120,4865,-1,4865,5120,5121,-1,4865,5121,4866,-1,4866,5121,5122,-1,4866,5122,4867,-1,4867,5122,5123,-1,4867,5123,4868,-1,4868,5123,5124,-1,4868,5124,4869,-1,4869,5124,5125,-1,4869,5125,4870,-1,4870,5125,5126,-1,4870,5126,4871,-1,4871,5126,5127,-1,4871,5127,4872,-1,4872,5127,5128,-1,4872,5128,4873,-1,4873,5128,5129,-1,4873,5129,4874,-1,4874,5129,5130,-1,4874,5130,4875,-1,4875,5130,5131,-1,4875,5131,4876,-1,4876,5131,5132,-1,4876,5132,4877,-1,4877,5132,5133,-1,4877,5133,4878,-1,4878,5133,5134,-1,4878,5134,4879,-1,4879,5134,5135,-1,4879,5135,4880,-1,4880,5135,5136,-1,4880,5136,4881,-1,4881,5136,5137,-1,4881,5137,4882,-1,4882,5137,5138,-1,4882,5138,4883,-1,4883,5138,5139,-1,4883,5139,4884,-1,4884,5139,5140,-1,4884,5140,4885,-1,4885,5140,5141,-1,4885,5141,4886,-1,4886,5141,5142,-1,4886,5142,4887,-1,4887,5142,5143,-1,4887,5143,4888,-1,4888,5143,5144,-1,4888,5144,4889,-1,4889,5144,5145,-1,4889,5145,4890,-1,4890,5145,5146,-1,4890,5146,4891,-1,4891,5146,5147,-1,369,368,5148,-1,5148,368,4892,-1,5148,4892,5149,-1,5149,4892,4893,-1,5149,4893,5150,-1,5150,4893,4894,-1,5150,4894,5151,-1,5151,4894,4895,-1,5151,4895,5152,-1,5152,4895,4896,-1,5152,4896,5153,-1,5153,4896,4897,-1,5153,4897,5154,-1,5154,4897,4898,-1,5154,4898,5155,-1,5155,4898,4899,-1,5155,4899,5156,-1,5156,4899,4900,-1,5156,4900,5157,-1,5157,4900,4901,-1,5157,4901,5158,-1,5158,4901,4902,-1,5158,4902,5159,-1,5159,4902,4903,-1,5159,4903,5160,-1,5160,4903,4904,-1,5160,4904,5161,-1,5161,4904,4905,-1,5161,4905,5162,-1,5162,4905,4906,-1,5162,4906,5163,-1,5163,4906,4907,-1,5163,4907,5164,-1,5164,4907,4908,-1,5164,4908,5165,-1,5165,4908,4909,-1,5165,4909,5166,-1,5166,4909,4910,-1,5166,4910,5167,-1,5167,4910,4911,-1,5167,4911,5168,-1,5168,4911,4912,-1,5168,4912,5169,-1,5169,4912,4913,-1,5169,4913,5170,-1,5170,4913,4914,-1,5170,4914,5171,-1,5171,4914,4915,-1,5171,4915,5172,-1,5172,4915,4916,-1,5172,4916,5173,-1,5173,4916,4917,-1,5173,4917,5174,-1,5174,4917,4918,-1,5174,4918,5175,-1,5175,4918,4919,-1,5175,4919,5176,-1,5176,4919,4920,-1,5176,4920,5177,-1,5177,4920,4921,-1,5177,4921,5178,-1,5178,4921,4922,-1,5178,4922,5179,-1,5179,4922,4923,-1,5179,4923,5180,-1,5180,4923,4924,-1,5180,4924,5181,-1,5181,4924,4925,-1,5181,4925,5182,-1,5182,4925,4926,-1,5182,4926,5183,-1,5183,4926,4927,-1,5183,4927,5184,-1,5184,4927,4928,-1,5184,4928,5185,-1,5185,4928,4929,-1,5185,4929,5186,-1,5186,4929,4930,-1,5186,4930,5187,-1,5187,4930,4931,-1,5187,4931,5188,-1,5188,4931,4932,-1,5188,4932,5189,-1,5189,4932,4933,-1,5189,4933,5190,-1,5190,4933,4934,-1,5190,4934,5191,-1,5191,4934,4935,-1,5191,4935,5192,-1,5192,4935,4936,-1,5192,4936,5193,-1,5193,4936,4937,-1,5193,4937,5194,-1,5194,4937,4938,-1,5194,4938,5195,-1,5195,4938,4939,-1,5195,4939,5196,-1,5196,4939,4940,-1,5196,4940,5197,-1,5197,4940,4941,-1,5197,4941,5198,-1,5198,4941,4942,-1,5198,4942,5199,-1,5199,4942,4943,-1,5199,4943,5200,-1,5200,4943,4944,-1,5200,4944,5201,-1,5201,4944,4945,-1,5201,4945,5202,-1,5202,4945,4946,-1,5202,4946,5203,-1,5203,4946,4947,-1,5203,4947,5204,-1,5204,4947,4948,-1,5204,4948,5205,-1,5205,4948,4949,-1,5205,4949,5206,-1,5206,4949,4950,-1,5206,4950,5207,-1,5207,4950,4951,-1,5207,4951,5208,-1,5208,4951,4952,-1,5208,4952,5209,-1,5209,4952,4953,-1,5209,4953,5210,-1,5210,4953,4954,-1,5210,4954,5211,-1,5211,4954,4955,-1,5211,4955,5212,-1,5212,4955,4956,-1,5212,4956,5213,-1,5213,4956,4957,-1,5213,4957,5214,-1,5214,4957,4958,-1,5214,4958,5215,-1,5215,4958,4959,-1,5215,4959,5216,-1,5216,4959,4960,-1,5216,4960,5217,-1,5217,4960,4961,-1,5217,4961,5218,-1,5218,4961,4962,-1,5218,4962,5219,-1,5219,4962,4963,-1,5219,4963,5220,-1,5220,4963,4964,-1,5220,4964,5221,-1,5221,4964,4965,-1,5221,4965,5222,-1,5222,4965,4966,-1,5222,4966,5223,-1,5223,4966,4967,-1,5223,4967,5224,-1,5224,4967,4968,-1,5224,4968,5225,-1,5225,4968,4969,-1,5225,4969,5226,-1,5226,4969,4970,-1,5226,4970,5227,-1,5227,4970,4971,-1,5227,4971,5228,-1,5228,4971,4972,-1,5228,4972,5229,-1,5229,4972,4973,-1,5229,4973,5230,-1,5230,4973,4974,-1,5230,4974,5231,-1,5231,4974,4975,-1,5231,4975,5232,-1,5232,4975,4976,-1,5232,4976,5233,-1,5233,4976,4977,-1,5233,4977,5234,-1,5234,4977,4978,-1,5234,4978,5235,-1,5235,4978,4979,-1,5235,4979,5236,-1,5236,4979,4980,-1,5236,4980,5237,-1,5237,4980,4981,-1,5237,4981,5238,-1,5238,4981,4982,-1,5238,4982,5239,-1,5239,4982,4983,-1,5239,4983,5240,-1,5240,4983,4984,-1,5240,4984,5241,-1,5241,4984,4985,-1,5241,4985,5242,-1,5242,4985,4986,-1,5242,4986,5243,-1,5243,4986,4987,-1,5243,4987,5244,-1,5244,4987,4988,-1,5244,4988,5245,-1,5245,4988,4989,-1,5245,4989,5246,-1,5246,4989,4990,-1,5246,4990,5247,-1,5247,4990,4991,-1,5247,4991,5248,-1,5248,4991,4992,-1,5248,4992,5249,-1,5249,4992,4993,-1,5249,4993,5250,-1,5250,4993,4994,-1,5250,4994,5251,-1,5251,4994,4995,-1,5251,4995,5252,-1,5252,4995,4996,-1,5252,4996,5253,-1,5253,4996,4997,-1,5253,4997,5254,-1,5254,4997,4998,-1,5254,4998,5255,-1,5255,4998,4999,-1,5255,4999,5256,-1,5256,4999,5000,-1,5256,5000,5257,-1,5257,5000,5001,-1,5257,5001,5258,-1,5258,5001,5002,-1,5258,5002,5259,-1,5259,5002,5003,-1,5259,5003,5260,-1,5260,5003,5004,-1,5260,5004,5261,-1,5261,5004,5005,-1,5261,5005,5262,-1,5262,5005,5006,-1,5262,5006,5263,-1,5263,5006,5007,-1,5263,5007,5264,-1,5264,5007,5008,-1,5264,5008,5265,-1,5265,5008,5009,-1,5265,5009,5266,-1,5266,5009,5010,-1,5266,5010,5267,-1,5267,5010,5011,-1,5267,5011,5268,-1,5268,5011,5012,-1,5268,5012,5269,-1,5269,5012,5013,-1,5269,5013,5270,-1,5270,5013,5014,-1,5270,5014,5271,-1,5271,5014,5015,-1,5271,5015,5272,-1,5272,5015,5016,-1,5272,5016,5273,-1,5273,5016,5017,-1,5273,5017,5274,-1,5274,5017,5018,-1,5274,5018,5275,-1,5275,5018,5019,-1,406,405,5020,-1,5020,405,5276,-1,5020,5276,5021,-1,5021,5276,5277,-1,5021,5277,5022,-1,5022,5277,5278,-1,5022,5278,5023,-1,5023,5278,5279,-1,5023,5279,5024,-1,5024,5279,5280,-1,5024,5280,5025,-1,5025,5280,5281,-1,5025,5281,5026,-1,5026,5281,5282,-1,5026,5282,5027,-1,5027,5282,5283,-1,5027,5283,5028,-1,5028,5283,5284,-1,5028,5284,5029,-1,5029,5284,5285,-1,5029,5285,5030,-1,5030,5285,5286,-1,5030,5286,5031,-1,5031,5286,5287,-1,5031,5287,5032,-1,5032,5287,5288,-1,5032,5288,5033,-1,5033,5288,5289,-1,5033,5289,5034,-1,5034,5289,5290,-1,5034,5290,5035,-1,5035,5290,5291,-1,5035,5291,5036,-1,5036,5291,5292,-1,5036,5292,5037,-1,5037,5292,5293,-1,5037,5293,5038,-1,5038,5293,5294,-1,5038,5294,5039,-1,5039,5294,5295,-1,5039,5295,5040,-1,5040,5295,5296,-1,5040,5296,5041,-1,5041,5296,5297,-1,5041,5297,5042,-1,5042,5297,5298,-1,5042,5298,5043,-1,5043,5298,5299,-1,5043,5299,5044,-1,5044,5299,5300,-1,5044,5300,5045,-1,5045,5300,5301,-1,5045,5301,5046,-1,5046,5301,5302,-1,5046,5302,5047,-1,5047,5302,5303,-1,5047,5303,5048,-1,5048,5303,5304,-1,5048,5304,5049,-1,5049,5304,5305,-1,5049,5305,5050,-1,5050,5305,5306,-1,5050,5306,5051,-1,5051,5306,5307,-1,5051,5307,5052,-1,5052,5307,5308,-1,5052,5308,5053,-1,5053,5308,5309,-1,5053,5309,5054,-1,5054,5309,5310,-1,5054,5310,5055,-1,5055,5310,5311,-1,5055,5311,5056,-1,5056,5311,5312,-1,5056,5312,5057,-1,5057,5312,5313,-1,5057,5313,5058,-1,5058,5313,5314,-1,5058,5314,5059,-1,5059,5314,5315,-1,5059,5315,5060,-1,5060,5315,5316,-1,5060,5316,5061,-1,5061,5316,5317,-1,5061,5317,5062,-1,5062,5317,5318,-1,5062,5318,5063,-1,5063,5318,5319,-1,5063,5319,5064,-1,5064,5319,5320,-1,5064,5320,5065,-1,5065,5320,5321,-1,5065,5321,5066,-1,5066,5321,5322,-1,5066,5322,5067,-1,5067,5322,5323,-1,5067,5323,5068,-1,5068,5323,5324,-1,5068,5324,5069,-1,5069,5324,5325,-1,5069,5325,5070,-1,5070,5325,5326,-1,5070,5326,5071,-1,5071,5326,5327,-1,5071,5327,5072,-1,5072,5327,5328,-1,5072,5328,5073,-1,5073,5328,5329,-1,5073,5329,5074,-1,5074,5329,5330,-1,5074,5330,5075,-1,5075,5330,5331,-1,5075,5331,5076,-1,5076,5331,5332,-1,5076,5332,5077,-1,5077,5332,5333,-1,5077,5333,5078,-1,5078,5333,5334,-1,5078,5334,5079,-1,5079,5334,5335,-1,5079,5335,5080,-1,5080,5335,5336,-1,5080,5336,5081,-1,5081,5336,5337,-1,5081,5337,5082,-1,5082,5337,5338,-1,5082,5338,5083,-1,5083,5338,5339,-1,5083,5339,5084,-1,5084,5339,5340,-1,5084,5340,5085,-1,5085,5340,5341,-1,5085,5341,5086,-1,5086,5341,5342,-1,5086,5342,5087,-1,5087,5342,5343,-1,5087,5343,5088,-1,5088,5343,5344,-1,5088,5344,5089,-1,5089,5344,5345,-1,5089,5345,5090,-1,5090,5345,5346,-1,5090,5346,5091,-1,5091,5346,5347,-1,5091,5347,5092,-1,5092,5347,5348,-1,5092,5348,5093,-1,5093,5348,5349,-1,5093,5349,5094,-1,5094,5349,5350,-1,5094,5350,5095,-1,5095,5350,5351,-1,5095,5351,5096,-1,5096,5351,5352,-1,5096,5352,5097,-1,5097,5352,5353,-1,5097,5353,5098,-1,5098,5353,5354,-1,5098,5354,5099,-1,5099,5354,5355,-1,5099,5355,5100,-1,5100,5355,5356,-1,5100,5356,5101,-1,5101,5356,5357,-1,5101,5357,5102,-1,5102,5357,5358,-1,5102,5358,5103,-1,5103,5358,5359,-1,5103,5359,5104,-1,5104,5359,5360,-1,5104,5360,5105,-1,5105,5360,5361,-1,5105,5361,5106,-1,5106,5361,5362,-1,5106,5362,5107,-1,5107,5362,5363,-1,5107,5363,5108,-1,5108,5363,5364,-1,5108,5364,5109,-1,5109,5364,5365,-1,5109,5365,5110,-1,5110,5365,5366,-1,5110,5366,5111,-1,5111,5366,5367,-1,5111,5367,5112,-1,5112,5367,5368,-1,5112,5368,5113,-1,5113,5368,5369,-1,5113,5369,5114,-1,5114,5369,5370,-1,5114,5370,5115,-1,5115,5370,5371,-1,5115,5371,5116,-1,5116,5371,5372,-1,5116,5372,5117,-1,5117,5372,5373,-1,5117,5373,5118,-1,5118,5373,5374,-1,5118,5374,5119,-1,5119,5374,5375,-1,5119,5375,5120,-1,5120,5375,5376,-1,5120,5376,5121,-1,5121,5376,5377,-1,5121,5377,5122,-1,5122,5377,5378,-1,5122,5378,5123,-1,5123,5378,5379,-1,5123,5379,5124,-1,5124,5379,5380,-1,5124,5380,5125,-1,5125,5380,5381,-1,5125,5381,5126,-1,5126,5381,5382,-1,5126,5382,5127,-1,5127,5382,5383,-1,5127,5383,5128,-1,5128,5383,5384,-1,5128,5384,5129,-1,5129,5384,5385,-1,5129,5385,5130,-1,5130,5385,5386,-1,5130,5386,5131,-1,5131,5386,5387,-1,5131,5387,5132,-1,5132,5387,5388,-1,5132,5388,5133,-1,5133,5388,5389,-1,5133,5389,5134,-1,5134,5389,5390,-1,5134,5390,5135,-1,5135,5390,5391,-1,5135,5391,5136,-1,5136,5391,5392,-1,5136,5392,5137,-1,5137,5392,5393,-1,5137,5393,5138,-1,5138,5393,5394,-1,5138,5394,5139,-1,5139,5394,5395,-1,5139,5395,5140,-1,5140,5395,5396,-1,5140,5396,5141,-1,5141,5396,5397,-1,5141,5397,5142,-1,5142,5397,5398,-1,5142,5398,5143,-1,5143,5398,5399,-1,5143,5399,5144,-1,5144,5399,5400,-1,5144,5400,5145,-1,5145,5400,5401,-1,5145,5401,5146,-1,5146,5401,5402,-1,5146,5402,5147,-1,5147,5402,5403,-1,364,369,5404,-1,5404,369,5148,-1,5404,5148,5405,-1,5405,5148,5149,-1,5405,5149,5406,-1,5406,5149,5150,-1,5406,5150,5407,-1,5407,5150,5151,-1,5407,5151,5408,-1,5408,5151,5152,-1,5408,5152,5409,-1,5409,5152,5153,-1,5409,5153,5410,-1,5410,5153,5154,-1,5410,5154,5411,-1,5411,5154,5155,-1,5411,5155,5412,-1,5412,5155,5156,-1,5412,5156,5413,-1,5413,5156,5157,-1,5413,5157,5414,-1,5414,5157,5158,-1,5414,5158,5415,-1,5415,5158,5159,-1,5415,5159,5416,-1,5416,5159,5160,-1,5416,5160,5417,-1,5417,5160,5161,-1,5417,5161,5418,-1,5418,5161,5162,-1,5418,5162,5419,-1,5419,5162,5163,-1,5419,5163,5420,-1,5420,5163,5164,-1,5420,5164,5421,-1,5421,5164,5165,-1,5421,5165,5422,-1,5422,5165,5166,-1,5422,5166,5423,-1,5423,5166,5167,-1,5423,5167,5424,-1,5424,5167,5168,-1,5424,5168,5425,-1,5425,5168,5169,-1,5425,5169,5426,-1,5426,5169,5170,-1,5426,5170,5427,-1,5427,5170,5171,-1,5427,5171,5428,-1,5428,5171,5172,-1,5428,5172,5429,-1,5429,5172,5173,-1,5429,5173,5430,-1,5430,5173,5174,-1,5430,5174,5431,-1,5431,5174,5175,-1,5431,5175,5432,-1,5432,5175,5176,-1,5432,5176,5433,-1,5433,5176,5177,-1,5433,5177,5434,-1,5434,5177,5178,-1,5434,5178,5435,-1,5435,5178,5179,-1,5435,5179,5436,-1,5436,5179,5180,-1,5436,5180,5437,-1,5437,5180,5181,-1,5437,5181,5438,-1,5438,5181,5182,-1,5438,5182,5439,-1,5439,5182,5183,-1,5439,5183,5440,-1,5440,5183,5184,-1,5440,5184,5441,-1,5441,5184,5185,-1,5441,5185,5442,-1,5442,5185,5186,-1,5442,5186,5443,-1,5443,5186,5187,-1,5443,5187,5444,-1,5444,5187,5188,-1,5444,5188,5445,-1,5445,5188,5189,-1,5445,5189,5446,-1,5446,5189,5190,-1,5446,5190,5447,-1,5447,5190,5191,-1,5447,5191,5448,-1,5448,5191,5192,-1,5448,5192,5449,-1,5449,5192,5193,-1,5449,5193,5450,-1,5450,5193,5194,-1,5450,5194,5451,-1,5451,5194,5195,-1,5451,5195,5452,-1,5452,5195,5196,-1,5452,5196,5453,-1,5453,5196,5197,-1,5453,5197,5454,-1,5454,5197,5198,-1,5454,5198,5455,-1,5455,5198,5199,-1,5455,5199,5456,-1,5456,5199,5200,-1,5456,5200,5457,-1,5457,5200,5201,-1,5457,5201,5458,-1,5458,5201,5202,-1,5458,5202,5459,-1,5459,5202,5203,-1,5459,5203,5460,-1,5460,5203,5204,-1,5460,5204,5461,-1,5461,5204,5205,-1,5461,5205,5462,-1,5462,5205,5206,-1,5462,5206,5463,-1,5463,5206,5207,-1,5463,5207,5464,-1,5464,5207,5208,-1,5464,5208,5465,-1,5465,5208,5209,-1,5465,5209,5466,-1,5466,5209,5210,-1,5466,5210,5467,-1,5467,5210,5211,-1,5467,5211,5468,-1,5468,5211,5212,-1,5468,5212,5469,-1,5469,5212,5213,-1,5469,5213,5470,-1,5470,5213,5214,-1,5470,5214,5471,-1,5471,5214,5215,-1,5471,5215,5472,-1,5472,5215,5216,-1,5472,5216,5473,-1,5473,5216,5217,-1,5473,5217,5474,-1,5474,5217,5218,-1,5474,5218,5475,-1,5475,5218,5219,-1,5475,5219,5476,-1,5476,5219,5220,-1,5476,5220,5477,-1,5477,5220,5221,-1,5477,5221,5478,-1,5478,5221,5222,-1,5478,5222,5479,-1,5479,5222,5223,-1,5479,5223,5480,-1,5480,5223,5224,-1,5480,5224,5481,-1,5481,5224,5225,-1,5481,5225,5482,-1,5482,5225,5226,-1,5482,5226,5483,-1,5483,5226,5227,-1,5483,5227,5484,-1,5484,5227,5228,-1,5484,5228,5485,-1,5485,5228,5229,-1,5485,5229,5486,-1,5486,5229,5230,-1,5486,5230,5487,-1,5487,5230,5231,-1,5487,5231,5488,-1,5488,5231,5232,-1,5488,5232,5489,-1,5489,5232,5233,-1,5489,5233,5490,-1,5490,5233,5234,-1,5490,5234,5491,-1,5491,5234,5235,-1,5491,5235,5492,-1,5492,5235,5236,-1,5492,5236,5493,-1,5493,5236,5237,-1,5493,5237,5494,-1,5494,5237,5238,-1,5494,5238,5495,-1,5495,5238,5239,-1,5495,5239,5496,-1,5496,5239,5240,-1,5496,5240,5497,-1,5497,5240,5241,-1,5497,5241,5498,-1,5498,5241,5242,-1,5498,5242,5499,-1,5499,5242,5243,-1,5499,5243,5500,-1,5500,5243,5244,-1,5500,5244,5501,-1,5501,5244,5245,-1,5501,5245,5502,-1,5502,5245,5246,-1,5502,5246,5503,-1,5503,5246,5247,-1,5503,5247,5504,-1,5504,5247,5248,-1,5504,5248,5505,-1,5505,5248,5249,-1,5505,5249,5506,-1,5506,5249,5250,-1,5506,5250,5507,-1,5507,5250,5251,-1,5507,5251,5508,-1,5508,5251,5252,-1,5508,5252,5509,-1,5509,5252,5253,-1,5509,5253,5510,-1,5510,5253,5254,-1,5510,5254,5511,-1,5511,5254,5255,-1,5511,5255,5512,-1,5512,5255,5256,-1,5512,5256,5513,-1,5513,5256,5257,-1,5513,5257,5514,-1,5514,5257,5258,-1,5514,5258,5515,-1,5515,5258,5259,-1,5515,5259,5516,-1,5516,5259,5260,-1,5516,5260,5517,-1,5517,5260,5261,-1,5517,5261,5518,-1,5518,5261,5262,-1,5518,5262,5519,-1,5519,5262,5263,-1,5519,5263,5520,-1,5520,5263,5264,-1,5520,5264,5521,-1,5521,5264,5265,-1,5521,5265,5522,-1,5522,5265,5266,-1,5522,5266,5523,-1,5523,5266,5267,-1,5523,5267,5524,-1,5524,5267,5268,-1,5524,5268,5525,-1,5525,5268,5269,-1,5525,5269,5526,-1,5526,5269,5270,-1,5526,5270,5527,-1,5527,5270,5271,-1,5527,5271,5528,-1,5528,5271,5272,-1,5528,5272,5529,-1,5529,5272,5273,-1,5529,5273,5530,-1,5530,5273,5274,-1,5530,5274,5531,-1,5531,5274,5275,-1,405,404,5276,-1,5276,404,5532,-1,5276,5532,5277,-1,5277,5532,5533,-1,5277,5533,5278,-1,5278,5533,5534,-1,5278,5534,5279,-1,5279,5534,5535,-1,5279,5535,5280,-1,5280,5535,5536,-1,5280,5536,5281,-1,5281,5536,5537,-1,5281,5537,5282,-1,5282,5537,5538,-1,5282,5538,5283,-1,5283,5538,5539,-1,5283,5539,5284,-1,5284,5539,5540,-1,5284,5540,5285,-1,5285,5540,5541,-1,5285,5541,5286,-1,5286,5541,5542,-1,5286,5542,5287,-1,5287,5542,5543,-1,5287,5543,5288,-1,5288,5543,5544,-1,5288,5544,5289,-1,5289,5544,5545,-1,5289,5545,5290,-1,5290,5545,5546,-1,5290,5546,5291,-1,5291,5546,5547,-1,5291,5547,5292,-1,5292,5547,5548,-1,5292,5548,5293,-1,5293,5548,5549,-1,5293,5549,5294,-1,5294,5549,5550,-1,5294,5550,5295,-1,5295,5550,5551,-1,5295,5551,5296,-1,5296,5551,5552,-1,5296,5552,5297,-1,5297,5552,5553,-1,5297,5553,5298,-1,5298,5553,5554,-1,5298,5554,5299,-1,5299,5554,5555,-1,5299,5555,5300,-1,5300,5555,5556,-1,5300,5556,5301,-1,5301,5556,5557,-1,5301,5557,5302,-1,5302,5557,5558,-1,5302,5558,5303,-1,5303,5558,5559,-1,5303,5559,5304,-1,5304,5559,5560,-1,5304,5560,5305,-1,5305,5560,5561,-1,5305,5561,5306,-1,5306,5561,5562,-1,5306,5562,5307,-1,5307,5562,5563,-1,5307,5563,5308,-1,5308,5563,5564,-1,5308,5564,5309,-1,5309,5564,5565,-1,5309,5565,5310,-1,5310,5565,5566,-1,5310,5566,5311,-1,5311,5566,5567,-1,5311,5567,5312,-1,5312,5567,5568,-1,5312,5568,5313,-1,5313,5568,5569,-1,5313,5569,5314,-1,5314,5569,5570,-1,5314,5570,5315,-1,5315,5570,5571,-1,5315,5571,5316,-1,5316,5571,5572,-1,5316,5572,5317,-1,5317,5572,5573,-1,5317,5573,5318,-1,5318,5573,5574,-1,5318,5574,5319,-1,5319,5574,5575,-1,5319,5575,5320,-1,5320,5575,5576,-1,5320,5576,5321,-1,5321,5576,5577,-1,5321,5577,5322,-1,5322,5577,5578,-1,5322,5578,5323,-1,5323,5578,5579,-1,5323,5579,5324,-1,5324,5579,5580,-1,5324,5580,5325,-1,5325,5580,5581,-1,5325,5581,5326,-1,5326,5581,5582,-1,5326,5582,5327,-1,5327,5582,5583,-1,5327,5583,5328,-1,5328,5583,5584,-1,5328,5584,5329,-1,5329,5584,5585,-1,5329,5585,5330,-1,5330,5585,5586,-1,5330,5586,5331,-1,5331,5586,5587,-1,5331,5587,5332,-1,5332,5587,5588,-1,5332,5588,5333,-1,5333,5588,5589,-1,5333,5589,5334,-1,5334,5589,5590,-1,5334,5590,5335,-1,5335,5590,5591,-1,5335,5591,5336,-1,5336,5591,5592,-1,5336,5592,5337,-1,5337,5592,5593,-1,5337,5593,5338,-1,5338,5593,5594,-1,5338,5594,5339,-1,5339,5594,5595,-1,5339,5595,5340,-1,5340,5595,5596,-1,5340,5596,5341,-1,5341,5596,5597,-1,5341,5597,5342,-1,5342,5597,5598,-1,5342,5598,5343,-1,5343,5598,5599,-1,5343,5599,5344,-1,5344,5599,5600,-1,5344,5600,5345,-1,5345,5600,5601,-1,5345,5601,5346,-1,5346,5601,5602,-1,5346,5602,5347,-1,5347,5602,5603,-1,5347,5603,5348,-1,5348,5603,5604,-1,5348,5604,5349,-1,5349,5604,5605,-1,5349,5605,5350,-1,5350,5605,5606,-1,5350,5606,5351,-1,5351,5606,5607,-1,5351,5607,5352,-1,5352,5607,5608,-1,5352,5608,5353,-1,5353,5608,5609,-1,5353,5609,5354,-1,5354,5609,5610,-1,5354,5610,5355,-1,5355,5610,5611,-1,5355,5611,5356,-1,5356,5611,5612,-1,5356,5612,5357,-1,5357,5612,5613,-1,5357,5613,5358,-1,5358,5613,5614,-1,5358,5614,5359,-1,5359,5614,5615,-1,5359,5615,5360,-1,5360,5615,5616,-1,5360,5616,5361,-1,5361,5616,5617,-1,5361,5617,5362,-1,5362,5617,5618,-1,5362,5618,5363,-1,5363,5618,5619,-1,5363,5619,5364,-1,5364,5619,5620,-1,5364,5620,5365,-1,5365,5620,5621,-1,5365,5621,5366,-1,5366,5621,5622,-1,5366,5622,5367,-1,5367,5622,5623,-1,5367,5623,5368,-1,5368,5623,5624,-1,5368,5624,5369,-1,5369,5624,5625,-1,5369,5625,5370,-1,5370,5625,5626,-1,5370,5626,5371,-1,5371,5626,5627,-1,5371,5627,5372,-1,5372,5627,5628,-1,5372,5628,5373,-1,5373,5628,5629,-1,5373,5629,5374,-1,5374,5629,5630,-1,5374,5630,5375,-1,5375,5630,5631,-1,5375,5631,5376,-1,5376,5631,5632,-1,5376,5632,5377,-1,5377,5632,5633,-1,5377,5633,5378,-1,5378,5633,5634,-1,5378,5634,5379,-1,5379,5634,5635,-1,5379,5635,5380,-1,5380,5635,5636,-1,5380,5636,5381,-1,5381,5636,5637,-1,5381,5637,5382,-1,5382,5637,5638,-1,5382,5638,5383,-1,5383,5638,5639,-1,5383,5639,5384,-1,5384,5639,5640,-1,5384,5640,5385,-1,5385,5640,5641,-1,5385,5641,5386,-1,5386,5641,5642,-1,5386,5642,5387,-1,5387,5642,5643,-1,5387,5643,5388,-1,5388,5643,5644,-1,5388,5644,5389,-1,5389,5644,5645,-1,5389,5645,5390,-1,5390,5645,5646,-1,5390,5646,5391,-1,5391,5646,5647,-1,5391,5647,5392,-1,5392,5647,5648,-1,5392,5648,5393,-1,5393,5648,5649,-1,5393,5649,5394,-1,5394,5649,5650,-1,5394,5650,5395,-1,5395,5650,5651,-1,5395,5651,5396,-1,5396,5651,5652,-1,5396,5652,5397,-1,5397,5652,5653,-1,5397,5653,5398,-1,5398,5653,5654,-1,5398,5654,5399,-1,5399,5654,5655,-1,5399,5655,5400,-1,5400,5655,5656,-1,5400,5656,5401,-1,5401,5656,5657,-1,5401,5657,5402,-1,5402,5657,5658,-1,5402,5658,5403,-1,5403,5658,5659,-1,365,364,5660,-1,5660,364,5404,-1,5660,5404,5661,-1,5661,5404,5405,-1,5661,5405,5662,-1,5662,5405,5406,-1,5662,5406,5663,-1,5663,5406,5407,-1,5663,5407,5664,-1,5664,5407,5408,-1,5664,5408,5665,-1,5665,5408,5409,-1,5665,5409,5666,-1,5666,5409,5410,-1,5666,5410,5667,-1,5667,5410,5411,-1,5667,5411,5668,-1,5668,5411,5412,-1,5668,5412,5669,-1,5669,5412,5413,-1,5669,5413,5670,-1,5670,5413,5414,-1,5670,5414,5671,-1,5671,5414,5415,-1,5671,5415,5672,-1,5672,5415,5416,-1,5672,5416,5673,-1,5673,5416,5417,-1,5673,5417,5674,-1,5674,5417,5418,-1,5674,5418,5675,-1,5675,5418,5419,-1,5675,5419,5676,-1,5676,5419,5420,-1,5676,5420,5677,-1,5677,5420,5421,-1,5677,5421,5678,-1,5678,5421,5422,-1,5678,5422,5679,-1,5679,5422,5423,-1,5679,5423,5680,-1,5680,5423,5424,-1,5680,5424,5681,-1,5681,5424,5425,-1,5681,5425,5682,-1,5682,5425,5426,-1,5682,5426,5683,-1,5683,5426,5427,-1,5683,5427,5684,-1,5684,5427,5428,-1,5684,5428,5685,-1,5685,5428,5429,-1,5685,5429,5686,-1,5686,5429,5430,-1,5686,5430,5687,-1,5687,5430,5431,-1,5687,5431,5688,-1,5688,5431,5432,-1,5688,5432,5689,-1,5689,5432,5433,-1,5689,5433,5690,-1,5690,5433,5434,-1,5690,5434,5691,-1,5691,5434,5435,-1,5691,5435,5692,-1,5692,5435,5436,-1,5692,5436,5693,-1,5693,5436,5437,-1,5693,5437,5694,-1,5694,5437,5438,-1,5694,5438,5695,-1,5695,5438,5439,-1,5695,5439,5696,-1,5696,5439,5440,-1,5696,5440,5697,-1,5697,5440,5441,-1,5697,5441,5698,-1,5698,5441,5442,-1,5698,5442,5699,-1,5699,5442,5443,-1,5699,5443,5700,-1,5700,5443,5444,-1,5700,5444,5701,-1,5701,5444,5445,-1,5701,5445,5702,-1,5702,5445,5446,-1,5702,5446,5703,-1,5703,5446,5447,-1,5703,5447,5704,-1,5704,5447,5448,-1,5704,5448,5705,-1,5705,5448,5449,-1,5705,5449,5706,-1,5706,5449,5450,-1,5706,5450,5707,-1,5707,5450,5451,-1,5707,5451,5708,-1,5708,5451,5452,-1,5708,5452,5709,-1,5709,5452,5453,-1,5709,5453,5710,-1,5710,5453,5454,-1,5710,5454,5711,-1,5711,5454,5455,-1,5711,5455,5712,-1,5712,5455,5456,-1,5712,5456,5713,-1,5713,5456,5457,-1,5713,5457,5714,-1,5714,5457,5458,-1,5714,5458,5715,-1,5715,5458,5459,-1,5715,5459,5716,-1,5716,5459,5460,-1,5716,5460,5717,-1,5717,5460,5461,-1,5717,5461,5718,-1,5718,5461,5462,-1,5718,5462,5719,-1,5719,5462,5463,-1,5719,5463,5720,-1,5720,5463,5464,-1,5720,5464,5721,-1,5721,5464,5465,-1,5721,5465,5722,-1,5722,5465,5466,-1,5722,5466,5723,-1,5723,5466,5467,-1,5723,5467,5724,-1,5724,5467,5468,-1,5724,5468,5725,-1,5725,5468,5469,-1,5725,5469,5726,-1,5726,5469,5470,-1,5726,5470,5727,-1,5727,5470,5471,-1,5727,5471,5728,-1,5728,5471,5472,-1,5728,5472,5729,-1,5729,5472,5473,-1,5729,5473,5730,-1,5730,5473,5474,-1,5730,5474,5731,-1,5731,5474,5475,-1,5731,5475,5732,-1,5732,5475,5476,-1,5732,5476,5733,-1,5733,5476,5477,-1,5733,5477,5734,-1,5734,5477,5478,-1,5734,5478,5735,-1,5735,5478,5479,-1,5735,5479,5736,-1,5736,5479,5480,-1,5736,5480,5737,-1,5737,5480,5481,-1,5737,5481,5738,-1,5738,5481,5482,-1,5738,5482,5739,-1,5739,5482,5483,-1,5739,5483,5740,-1,5740,5483,5484,-1,5740,5484,5741,-1,5741,5484,5485,-1,5741,5485,5742,-1,5742,5485,5486,-1,5742,5486,5743,-1,5743,5486,5487,-1,5743,5487,5744,-1,5744,5487,5488,-1,5744,5488,5745,-1,5745,5488,5489,-1,5745,5489,5746,-1,5746,5489,5490,-1,5746,5490,5747,-1,5747,5490,5491,-1,5747,5491,5748,-1,5748,5491,5492,-1,5748,5492,5749,-1,5749,5492,5493,-1,5749,5493,5750,-1,5750,5493,5494,-1,5750,5494,5751,-1,5751,5494,5495,-1,5751,5495,5752,-1,5752,5495,5496,-1,5752,5496,5753,-1,5753,5496,5497,-1,5753,5497,5754,-1,5754,5497,5498,-1,5754,5498,5755,-1,5755,5498,5499,-1,5755,5499,5756,-1,5756,5499,5500,-1,5756,5500,5757,-1,5757,5500,5501,-1,5757,5501,5758,-1,5758,5501,5502,-1,5758,5502,5759,-1,5759,5502,5503,-1,5759,5503,5760,-1,5760,5503,5504,-1,5760,5504,5761,-1,5761,5504,5505,-1,5761,5505,5762,-1,5762,5505,5506,-1,5762,5506,5763,-1,5763,5506,5507,-1,5763,5507,5764,-1,5764,5507,5508,-1,5764,5508,5765,-1,5765,5508,5509,-1,5765,5509,5766,-1,5766,5509,5510,-1,5766,5510,5767,-1,5767,5510,5511,-1,5767,5511,5768,-1,5768,5511,5512,-1,5768,5512,5769,-1,5769,5512,5513,-1,5769,5513,5770,-1,5770,5513,5514,-1,5770,5514,5771,-1,5771,5514,5515,-1,5771,5515,5772,-1,5772,5515,5516,-1,5772,5516,5773,-1,5773,5516,5517,-1,5773,5517,5774,-1,5774,5517,5518,-1,5774,5518,5775,-1,5775,5518,5519,-1,5775,5519,5776,-1,5776,5519,5520,-1,5776,5520,5777,-1,5777,5520,5521,-1,5777,5521,5778,-1,5778,5521,5522,-1,5778,5522,5779,-1,5779,5522,5523,-1,5779,5523,5780,-1,5780,5523,5524,-1,5780,5524,5781,-1,5781,5524,5525,-1,5781,5525,5782,-1,5782,5525,5526,-1,5782,5526,5783,-1,5783,5526,5527,-1,5783,5527,5784,-1,5784,5527,5528,-1,5784,5528,5785,-1,5785,5528,5529,-1,5785,5529,5786,-1,5786,5529,5530,-1,5786,5530,5787,-1,5787,5530,5531,-1,404,409,5532,-1,5532,409,5788,-1,5532,5788,5533,-1,5533,5788,5789,-1,5533,5789,5534,-1,5534,5789,5790,-1,5534,5790,5535,-1,5535,5790,5791,-1,5535,5791,5536,-1,5536,5791,5792,-1,5536,5792,5537,-1,5537,5792,5793,-1,5537,5793,5538,-1,5538,5793,5794,-1,5538,5794,5539,-1,5539,5794,5795,-1,5539,5795,5540,-1,5540,5795,5796,-1,5540,5796,5541,-1,5541,5796,5797,-1,5541,5797,5542,-1,5542,5797,5798,-1,5542,5798,5543,-1,5543,5798,5799,-1,5543,5799,5544,-1,5544,5799,5800,-1,5544,5800,5545,-1,5545,5800,5801,-1,5545,5801,5546,-1,5546,5801,5802,-1,5546,5802,5547,-1,5547,5802,5803,-1,5547,5803,5548,-1,5548,5803,5804,-1,5548,5804,5549,-1,5549,5804,5805,-1,5549,5805,5550,-1,5550,5805,5806,-1,5550,5806,5551,-1,5551,5806,5807,-1,5551,5807,5552,-1,5552,5807,5808,-1,5552,5808,5553,-1,5553,5808,5809,-1,5553,5809,5554,-1,5554,5809,5810,-1,5554,5810,5555,-1,5555,5810,5811,-1,5555,5811,5556,-1,5556,5811,5812,-1,5556,5812,5557,-1,5557,5812,5813,-1,5557,5813,5558,-1,5558,5813,5814,-1,5558,5814,5559,-1,5559,5814,5815,-1,5559,5815,5560,-1,5560,5815,5816,-1,5560,5816,5561,-1,5561,5816,5817,-1,5561,5817,5562,-1,5562,5817,5818,-1,5562,5818,5563,-1,5563,5818,5819,-1,5563,5819,5564,-1,5564,5819,5820,-1,5564,5820,5565,-1,5565,5820,5821,-1,5565,5821,5566,-1,5566,5821,5822,-1,5566,5822,5567,-1,5567,5822,5823,-1,5567,5823,5568,-1,5568,5823,5824,-1,5568,5824,5569,-1,5569,5824,5825,-1,5569,5825,5570,-1,5570,5825,5826,-1,5570,5826,5571,-1,5571,5826,5827,-1,5571,5827,5572,-1,5572,5827,5828,-1,5572,5828,5573,-1,5573,5828,5829,-1,5573,5829,5574,-1,5574,5829,5830,-1,5574,5830,5575,-1,5575,5830,5831,-1,5575,5831,5576,-1,5576,5831,5832,-1,5576,5832,5577,-1,5577,5832,5833,-1,5577,5833,5578,-1,5578,5833,5834,-1,5578,5834,5579,-1,5579,5834,5835,-1,5579,5835,5580,-1,5580,5835,5836,-1,5580,5836,5581,-1,5581,5836,5837,-1,5581,5837,5582,-1,5582,5837,5838,-1,5582,5838,5583,-1,5583,5838,5839,-1,5583,5839,5584,-1,5584,5839,5840,-1,5584,5840,5585,-1,5585,5840,5841,-1,5585,5841,5586,-1,5586,5841,5842,-1,5586,5842,5587,-1,5587,5842,5843,-1,5587,5843,5588,-1,5588,5843,5844,-1,5588,5844,5589,-1,5589,5844,5845,-1,5589,5845,5590,-1,5590,5845,5846,-1,5590,5846,5591,-1,5591,5846,5847,-1,5591,5847,5592,-1,5592,5847,5848,-1,5592,5848,5593,-1,5593,5848,5849,-1,5593,5849,5594,-1,5594,5849,5850,-1,5594,5850,5595,-1,5595,5850,5851,-1,5595,5851,5596,-1,5596,5851,5852,-1,5596,5852,5597,-1,5597,5852,5853,-1,5597,5853,5598,-1,5598,5853,5854,-1,5598,5854,5599,-1,5599,5854,5855,-1,5599,5855,5600,-1,5600,5855,5856,-1,5600,5856,5601,-1,5601,5856,5857,-1,5601,5857,5602,-1,5602,5857,5858,-1,5602,5858,5603,-1,5603,5858,5859,-1,5603,5859,5604,-1,5604,5859,5860,-1,5604,5860,5605,-1,5605,5860,5861,-1,5605,5861,5606,-1,5606,5861,5862,-1,5606,5862,5607,-1,5607,5862,5863,-1,5607,5863,5608,-1,5608,5863,5864,-1,5608,5864,5609,-1,5609,5864,5865,-1,5609,5865,5610,-1,5610,5865,5866,-1,5610,5866,5611,-1,5611,5866,5867,-1,5611,5867,5612,-1,5612,5867,5868,-1,5612,5868,5613,-1,5613,5868,5869,-1,5613,5869,5614,-1,5614,5869,5870,-1,5614,5870,5615,-1,5615,5870,5871,-1,5615,5871,5616,-1,5616,5871,5872,-1,5616,5872,5617,-1,5617,5872,5873,-1,5617,5873,5618,-1,5618,5873,5874,-1,5618,5874,5619,-1,5619,5874,5875,-1,5619,5875,5620,-1,5620,5875,5876,-1,5620,5876,5621,-1,5621,5876,5877,-1,5621,5877,5622,-1,5622,5877,5878,-1,5622,5878,5623,-1,5623,5878,5879,-1,5623,5879,5624,-1,5624,5879,5880,-1,5624,5880,5625,-1,5625,5880,5881,-1,5625,5881,5626,-1,5626,5881,5882,-1,5626,5882,5627,-1,5627,5882,5883,-1,5627,5883,5628,-1,5628,5883,5884,-1,5628,5884,5629,-1,5629,5884,5885,-1,5629,5885,5630,-1,5630,5885,5886,-1,5630,5886,5631,-1,5631,5886,5887,-1,5631,5887,5632,-1,5632,5887,5888,-1,5632,5888,5633,-1,5633,5888,5889,-1,5633,5889,5634,-1,5634,5889,5890,-1,5634,5890,5635,-1,5635,5890,5891,-1,5635,5891,5636,-1,5636,5891,5892,-1,5636,5892,5637,-1,5637,5892,5893,-1,5637,5893,5638,-1,5638,5893,5894,-1,5638,5894,5639,-1,5639,5894,5895,-1,5639,5895,5640,-1,5640,5895,5896,-1,5640,5896,5641,-1,5641,5896,5897,-1,5641,5897,5642,-1,5642,5897,5898,-1,5642,5898,5643,-1,5643,5898,5899,-1,5643,5899,5644,-1,5644,5899,5900,-1,5644,5900,5645,-1,5645,5900,5901,-1,5645,5901,5646,-1,5646,5901,5902,-1,5646,5902,5647,-1,5647,5902,5903,-1,5647,5903,5648,-1,5648,5903,5904,-1,5648,5904,5649,-1,5649,5904,5905,-1,5649,5905,5650,-1,5650,5905,5906,-1,5650,5906,5651,-1,5651,5906,5907,-1,5651,5907,5652,-1,5652,5907,5908,-1,5652,5908,5653,-1,5653,5908,5909,-1,5653,5909,5654,-1,5654,5909,5910,-1,5654,5910,5655,-1,5655,5910,5911,-1,5655,5911,5656,-1,5656,5911,5912,-1,5656,5912,5657,-1,5657,5912,5913,-1,5657,5913,5658,-1,5658,5913,5914,-1,5658,5914,5659,-1,5659,5914,5915,-1,366,365,5916,-1,5916,365,5660,-1,5916,5660,5917,-1,5917,5660,5661,-1,5917,5661,5918,-1,5918,5661,5662,-1,5918,5662,5919,-1,5919,5662,5663,-1,5919,5663,5920,-1,5920,5663,5664,-1,5920,5664,5921,-1,5921,5664,5665,-1,5921,5665,5922,-1,5922,5665,5666,-1,5922,5666,5923,-1,5923,5666,5667,-1,5923,5667,5924,-1,5924,5667,5668,-1,5924,5668,5925,-1,5925,5668,5669,-1,5925,5669,5926,-1,5926,5669,5670,-1,5926,5670,5927,-1,5927,5670,5671,-1,5927,5671,5928,-1,5928,5671,5672,-1,5928,5672,5929,-1,5929,5672,5673,-1,5929,5673,5930,-1,5930,5673,5674,-1,5930,5674,5931,-1,5931,5674,5675,-1,5931,5675,5932,-1,5932,5675,5676,-1,5932,5676,5933,-1,5933,5676,5677,-1,5933,5677,5934,-1,5934,5677,5678,-1,5934,5678,5935,-1,5935,5678,5679,-1,5935,5679,5936,-1,5936,5679,5680,-1,5936,5680,5937,-1,5937,5680,5681,-1,5937,5681,5938,-1,5938,5681,5682,-1,5938,5682,5939,-1,5939,5682,5683,-1,5939,5683,5940,-1,5940,5683,5684,-1,5940,5684,5941,-1,5941,5684,5685,-1,5941,5685,5942,-1,5942,5685,5686,-1,5942,5686,5943,-1,5943,5686,5687,-1,5943,5687,5944,-1,5944,5687,5688,-1,5944,5688,5945,-1,5945,5688,5689,-1,5945,5689,5946,-1,5946,5689,5690,-1,5946,5690,5947,-1,5947,5690,5691,-1,5947,5691,5948,-1,5948,5691,5692,-1,5948,5692,5949,-1,5949,5692,5693,-1,5949,5693,5950,-1,5950,5693,5694,-1,5950,5694,5951,-1,5951,5694,5695,-1,5951,5695,5952,-1,5952,5695,5696,-1,5952,5696,5953,-1,5953,5696,5697,-1,5953,5697,5954,-1,5954,5697,5698,-1,5954,5698,5955,-1,5955,5698,5699,-1,5955,5699,5956,-1,5956,5699,5700,-1,5956,5700,5957,-1,5957,5700,5701,-1,5957,5701,5958,-1,5958,5701,5702,-1,5958,5702,5959,-1,5959,5702,5703,-1,5959,5703,5960,-1,5960,5703,5704,-1,5960,5704,5961,-1,5961,5704,5705,-1,5961,5705,5962,-1,5962,5705,5706,-1,5962,5706,5963,-1,5963,5706,5707,-1,5963,5707,5964,-1,5964,5707,5708,-1,5964,5708,5965,-1,5965,5708,5709,-1,5965,5709,5966,-1,5966,5709,5710,-1,5966,5710,5967,-1,5967,5710,5711,-1,5967,5711,5968,-1,5968,5711,5712,-1,5968,5712,5969,-1,5969,5712,5713,-1,5969,5713,5970,-1,5970,5713,5714,-1,5970,5714,5971,-1,5971,5714,5715,-1,5971,5715,5972,-1,5972,5715,5716,-1,5972,5716,5973,-1,5973,5716,5717,-1,5973,5717,5974,-1,5974,5717,5718,-1,5974,5718,5975,-1,5975,5718,5719,-1,5975,5719,5976,-1,5976,5719,5720,-1,5976,5720,5977,-1,5977,5720,5721,-1,5977,5721,5978,-1,5978,5721,5722,-1,5978,5722,5979,-1,5979,5722,5723,-1,5979,5723,5980,-1,5980,5723,5724,-1,5980,5724,5981,-1,5981,5724,5725,-1,5981,5725,5982,-1,5982,5725,5726,-1,5982,5726,5983,-1,5983,5726,5727,-1,5983,5727,5984,-1,5984,5727,5728,-1,5984,5728,5985,-1,5985,5728,5729,-1,5985,5729,5986,-1,5986,5729,5730,-1,5986,5730,5987,-1,5987,5730,5731,-1,5987,5731,5988,-1,5988,5731,5732,-1,5988,5732,5989,-1,5989,5732,5733,-1,5989,5733,5990,-1,5990,5733,5734,-1,5990,5734,5991,-1,5991,5734,5735,-1,5991,5735,5992,-1,5992,5735,5736,-1,5992,5736,5993,-1,5993,5736,5737,-1,5993,5737,5994,-1,5994,5737,5738,-1,5994,5738,5995,-1,5995,5738,5739,-1,5995,5739,5996,-1,5996,5739,5740,-1,5996,5740,5997,-1,5997,5740,5741,-1,5997,5741,5998,-1,5998,5741,5742,-1,5998,5742,5999,-1,5999,5742,5743,-1,5999,5743,6000,-1,6000,5743,5744,-1,6000,5744,6001,-1,6001,5744,5745,-1,6001,5745,6002,-1,6002,5745,5746,-1,6002,5746,6003,-1,6003,5746,5747,-1,6003,5747,6004,-1,6004,5747,5748,-1,6004,5748,6005,-1,6005,5748,5749,-1,6005,5749,6006,-1,6006,5749,5750,-1,6006,5750,6007,-1,6007,5750,5751,-1,6007,5751,6008,-1,6008,5751,5752,-1,6008,5752,6009,-1,6009,5752,5753,-1,6009,5753,6010,-1,6010,5753,5754,-1,6010,5754,6011,-1,6011,5754,5755,-1,6011,5755,6012,-1,6012,5755,5756,-1,6012,5756,6013,-1,6013,5756,5757,-1,6013,5757,6014,-1,6014,5757,5758,-1,6014,5758,6015,-1,6015,5758,5759,-1,6015,5759,6016,-1,6016,5759,5760,-1,6016,5760,6017,-1,6017,5760,5761,-1,6017,5761,6018,-1,6018,5761,5762,-1,6018,5762,6019,-1,6019,5762,5763,-1,6019,5763,6020,-1,6020,5763,5764,-1,6020,5764,6021,-1,6021,5764,5765,-1,6021,5765,6022,-1,6022,5765,5766,-1,6022,5766,6023,-1,6023,5766,5767,-1,6023,5767,6024,-1,6024,5767,5768,-1,6024,5768,6025,-1,6025,5768,5769,-1,6025,5769,6026,-1,6026,5769,5770,-1,6026,5770,6027,-1,6027,5770,5771,-1,6027,5771,6028,-1,6028,5771,5772,-1,6028,5772,6029,-1,6029,5772,5773,-1,6029,5773,6030,-1,6030,5773,5774,-1,6030,5774,6031,-1,6031,5774,5775,-1,6031,5775,6032,-1,6032,5775,5776,-1,6032,5776,6033,-1,6033,5776,5777,-1,6033,5777,6034,-1,6034,5777,5778,-1,6034,5778,6035,-1,6035,5778,5779,-1,6035,5779,6036,-1,6036,5779,5780,-1,6036,5780,6037,-1,6037,5780,5781,-1,6037,5781,6038,-1,6038,5781,5782,-1,6038,5782,6039,-1,6039,5782,5783,-1,6039,5783,6040,-1,6040,5783,5784,-1,6040,5784,6041,-1,6041,5784,5785,-1,6041,5785,6042,-1,6042,5785,5786,-1,6042,5786,6043,-1,6043,5786,5787,-1,409,408,5788,-1,5788,408,6044,-1,5788,6044,5789,-1,5789,6044,6045,-1,5789,6045,5790,-1,5790,6045,6046,-1,5790,6046,5791,-1,5791,6046,6047,-1,5791,6047,5792,-1,5792,6047,6048,-1,5792,6048,5793,-1,5793,6048,6049,-1,5793,6049,5794,-1,5794,6049,6050,-1,5794,6050,5795,-1,5795,6050,6051,-1,5795,6051,5796,-1,5796,6051,6052,-1,5796,6052,5797,-1,5797,6052,6053,-1,5797,6053,5798,-1,5798,6053,6054,-1,5798,6054,5799,-1,5799,6054,6055,-1,5799,6055,5800,-1,5800,6055,6056,-1,5800,6056,5801,-1,5801,6056,6057,-1,5801,6057,5802,-1,5802,6057,6058,-1,5802,6058,5803,-1,5803,6058,6059,-1,5803,6059,5804,-1,5804,6059,6060,-1,5804,6060,5805,-1,5805,6060,6061,-1,5805,6061,5806,-1,5806,6061,6062,-1,5806,6062,5807,-1,5807,6062,6063,-1,5807,6063,5808,-1,5808,6063,6064,-1,5808,6064,5809,-1,5809,6064,6065,-1,5809,6065,5810,-1,5810,6065,6066,-1,5810,6066,5811,-1,5811,6066,6067,-1,5811,6067,5812,-1,5812,6067,6068,-1,5812,6068,5813,-1,5813,6068,6069,-1,5813,6069,5814,-1,5814,6069,6070,-1,5814,6070,5815,-1,5815,6070,6071,-1,5815,6071,5816,-1,5816,6071,6072,-1,5816,6072,5817,-1,5817,6072,6073,-1,5817,6073,5818,-1,5818,6073,6074,-1,5818,6074,5819,-1,5819,6074,6075,-1,5819,6075,5820,-1,5820,6075,6076,-1,5820,6076,5821,-1,5821,6076,6077,-1,5821,6077,5822,-1,5822,6077,6078,-1,5822,6078,5823,-1,5823,6078,6079,-1,5823,6079,5824,-1,5824,6079,6080,-1,5824,6080,5825,-1,5825,6080,6081,-1,5825,6081,5826,-1,5826,6081,6082,-1,5826,6082,5827,-1,5827,6082,6083,-1,5827,6083,5828,-1,5828,6083,6084,-1,5828,6084,5829,-1,5829,6084,6085,-1,5829,6085,5830,-1,5830,6085,6086,-1,5830,6086,5831,-1,5831,6086,6087,-1,5831,6087,5832,-1,5832,6087,6088,-1,5832,6088,5833,-1,5833,6088,6089,-1,5833,6089,5834,-1,5834,6089,6090,-1,5834,6090,5835,-1,5835,6090,6091,-1,5835,6091,5836,-1,5836,6091,6092,-1,5836,6092,5837,-1,5837,6092,6093,-1,5837,6093,5838,-1,5838,6093,6094,-1,5838,6094,5839,-1,5839,6094,6095,-1,5839,6095,5840,-1,5840,6095,6096,-1,5840,6096,5841,-1,5841,6096,6097,-1,5841,6097,5842,-1,5842,6097,6098,-1,5842,6098,5843,-1,5843,6098,6099,-1,5843,6099,5844,-1,5844,6099,6100,-1,5844,6100,5845,-1,5845,6100,6101,-1,5845,6101,5846,-1,5846,6101,6102,-1,5846,6102,5847,-1,5847,6102,6103,-1,5847,6103,5848,-1,5848,6103,6104,-1,5848,6104,5849,-1,5849,6104,6105,-1,5849,6105,5850,-1,5850,6105,6106,-1,5850,6106,5851,-1,5851,6106,6107,-1,5851,6107,5852,-1,5852,6107,6108,-1,5852,6108,5853,-1,5853,6108,6109,-1,5853,6109,5854,-1,5854,6109,6110,-1,5854,6110,5855,-1,5855,6110,6111,-1,5855,6111,5856,-1,5856,6111,6112,-1,5856,6112,5857,-1,5857,6112,6113,-1,5857,6113,5858,-1,5858,6113,6114,-1,5858,6114,5859,-1,5859,6114,6115,-1,5859,6115,5860,-1,5860,6115,6116,-1,5860,6116,5861,-1,5861,6116,6117,-1,5861,6117,5862,-1,5862,6117,6118,-1,5862,6118,5863,-1,5863,6118,6119,-1,5863,6119,5864,-1,5864,6119,6120,-1,5864,6120,5865,-1,5865,6120,6121,-1,5865,6121,5866,-1,5866,6121,6122,-1,5866,6122,5867,-1,5867,6122,6123,-1,5867,6123,5868,-1,5868,6123,6124,-1,5868,6124,5869,-1,5869,6124,6125,-1,5869,6125,5870,-1,5870,6125,6126,-1,5870,6126,5871,-1,5871,6126,6127,-1,5871,6127,5872,-1,5872,6127,6128,-1,5872,6128,5873,-1,5873,6128,6129,-1,5873,6129,5874,-1,5874,6129,6130,-1,5874,6130,5875,-1,5875,6130,6131,-1,5875,6131,5876,-1,5876,6131,6132,-1,5876,6132,5877,-1,5877,6132,6133,-1,5877,6133,5878,-1,5878,6133,6134,-1,5878,6134,5879,-1,5879,6134,6135,-1,5879,6135,5880,-1,5880,6135,6136,-1,5880,6136,5881,-1,5881,6136,6137,-1,5881,6137,5882,-1,5882,6137,6138,-1,5882,6138,5883,-1,5883,6138,6139,-1,5883,6139,5884,-1,5884,6139,6140,-1,5884,6140,5885,-1,5885,6140,6141,-1,5885,6141,5886,-1,5886,6141,6142,-1,5886,6142,5887,-1,5887,6142,6143,-1,5887,6143,5888,-1,5888,6143,6144,-1,5888,6144,5889,-1,5889,6144,6145,-1,5889,6145,5890,-1,5890,6145,6146,-1,5890,6146,5891,-1,5891,6146,6147,-1,5891,6147,5892,-1,5892,6147,6148,-1,5892,6148,5893,-1,5893,6148,6149,-1,5893,6149,5894,-1,5894,6149,6150,-1,5894,6150,5895,-1,5895,6150,6151,-1,5895,6151,5896,-1,5896,6151,6152,-1,5896,6152,5897,-1,5897,6152,6153,-1,5897,6153,5898,-1,5898,6153,6154,-1,5898,6154,5899,-1,5899,6154,6155,-1,5899,6155,5900,-1,5900,6155,6156,-1,5900,6156,5901,-1,5901,6156,6157,-1,5901,6157,5902,-1,5902,6157,6158,-1,5902,6158,5903,-1,5903,6158,6159,-1,5903,6159,5904,-1,5904,6159,6160,-1,5904,6160,5905,-1,5905,6160,6161,-1,5905,6161,5906,-1,5906,6161,6162,-1,5906,6162,5907,-1,5907,6162,6163,-1,5907,6163,5908,-1,5908,6163,6164,-1,5908,6164,5909,-1,5909,6164,6165,-1,5909,6165,5910,-1,5910,6165,6166,-1,5910,6166,5911,-1,5911,6166,6167,-1,5911,6167,5912,-1,5912,6167,6168,-1,5912,6168,5913,-1,5913,6168,6169,-1,5913,6169,5914,-1,5914,6169,6170,-1,5914,6170,5915,-1,5915,6170,6171,-1,361,366,6172,-1,6172,366,5916,-1,6172,5916,6173,-1,6173,5916,5917,-1,6173,5917,6174,-1,6174,5917,5918,-1,6174,5918,6175,-1,6175,5918,5919,-1,6175,5919,6176,-1,6176,5919,5920,-1,6176,5920,6177,-1,6177,5920,5921,-1,6177,5921,6178,-1,6178,5921,5922,-1,6178,5922,6179,-1,6179,5922,5923,-1,6179,5923,6180,-1,6180,5923,5924,-1,6180,5924,6181,-1,6181,5924,5925,-1,6181,5925,6182,-1,6182,5925,5926,-1,6182,5926,6183,-1,6183,5926,5927,-1,6183,5927,6184,-1,6184,5927,5928,-1,6184,5928,6185,-1,6185,5928,5929,-1,6185,5929,6186,-1,6186,5929,5930,-1,6186,5930,6187,-1,6187,5930,5931,-1,6187,5931,6188,-1,6188,5931,5932,-1,6188,5932,6189,-1,6189,5932,5933,-1,6189,5933,6190,-1,6190,5933,5934,-1,6190,5934,6191,-1,6191,5934,5935,-1,6191,5935,6192,-1,6192,5935,5936,-1,6192,5936,6193,-1,6193,5936,5937,-1,6193,5937,6194,-1,6194,5937,5938,-1,6194,5938,6195,-1,6195,5938,5939,-1,6195,5939,6196,-1,6196,5939,5940,-1,6196,5940,6197,-1,6197,5940,5941,-1,6197,5941,6198,-1,6198,5941,5942,-1,6198,5942,6199,-1,6199,5942,5943,-1,6199,5943,6200,-1,6200,5943,5944,-1,6200,5944,6201,-1,6201,5944,5945,-1,6201,5945,6202,-1,6202,5945,5946,-1,6202,5946,6203,-1,6203,5946,5947,-1,6203,5947,6204,-1,6204,5947,5948,-1,6204,5948,6205,-1,6205,5948,5949,-1,6205,5949,6206,-1,6206,5949,5950,-1,6206,5950,6207,-1,6207,5950,5951,-1,6207,5951,6208,-1,6208,5951,5952,-1,6208,5952,6209,-1,6209,5952,5953,-1,6209,5953,6210,-1,6210,5953,5954,-1,6210,5954,6211,-1,6211,5954,5955,-1,6211,5955,6212,-1,6212,5955,5956,-1,6212,5956,6213,-1,6213,5956,5957,-1,6213,5957,6214,-1,6214,5957,5958,-1,6214,5958,6215,-1,6215,5958,5959,-1,6215,5959,6216,-1,6216,5959,5960,-1,6216,5960,6217,-1,6217,5960,5961,-1,6217,5961,6218,-1,6218,5961,5962,-1,6218,5962,6219,-1,6219,5962,5963,-1,6219,5963,6220,-1,6220,5963,5964,-1,6220,5964,6221,-1,6221,5964,5965,-1,6221,5965,6222,-1,6222,5965,5966,-1,6222,5966,6223,-1,6223,5966,5967,-1,6223,5967,6224,-1,6224,5967,5968,-1,6224,5968,6225,-1,6225,5968,5969,-1,6225,5969,6226,-1,6226,5969,5970,-1,6226,5970,6227,-1,6227,5970,5971,-1,6227,5971,6228,-1,6228,5971,5972,-1,6228,5972,6229,-1,6229,5972,5973,-1,6229,5973,6230,-1,6230,5973,5974,-1,6230,5974,6231,-1,6231,5974,5975,-1,6231,5975,6232,-1,6232,5975,5976,-1,6232,5976,6233,-1,6233,5976,5977,-1,6233,5977,6234,-1,6234,5977,5978,-1,6234,5978,6235,-1,6235,5978,5979,-1,6235,5979,6236,-1,6236,5979,5980,-1,6236,5980,6237,-1,6237,5980,5981,-1,6237,5981,6238,-1,6238,5981,5982,-1,6238,5982,6239,-1,6239,5982,5983,-1,6239,5983,6240,-1,6240,5983,5984,-1,6240,5984,6241,-1,6241,5984,5985,-1,6241,5985,6242,-1,6242,5985,5986,-1,6242,5986,6243,-1,6243,5986,5987,-1,6243,5987,6244,-1,6244,5987,5988,-1,6244,5988,6245,-1,6245,5988,5989,-1,6245,5989,6246,-1,6246,5989,5990,-1,6246,5990,6247,-1,6247,5990,5991,-1,6247,5991,6248,-1,6248,5991,5992,-1,6248,5992,6249,-1,6249,5992,5993,-1,6249,5993,6250,-1,6250,5993,5994,-1,6250,5994,6251,-1,6251,5994,5995,-1,6251,5995,6252,-1,6252,5995,5996,-1,6252,5996,6253,-1,6253,5996,5997,-1,6253,5997,6254,-1,6254,5997,5998,-1,6254,5998,6255,-1,6255,5998,5999,-1,6255,5999,6256,-1,6256,5999,6000,-1,6256,6000,6257,-1,6257,6000,6001,-1,6257,6001,6258,-1,6258,6001,6002,-1,6258,6002,6259,-1,6259,6002,6003,-1,6259,6003,6260,-1,6260,6003,6004,-1,6260,6004,6261,-1,6261,6004,6005,-1,6261,6005,6262,-1,6262,6005,6006,-1,6262,6006,6263,-1,6263,6006,6007,-1,6263,6007,6264,-1,6264,6007,6008,-1,6264,6008,6265,-1,6265,6008,6009,-1,6265,6009,6266,-1,6266,6009,6010,-1,6266,6010,6267,-1,6267,6010,6011,-1,6267,6011,6268,-1,6268,6011,6012,-1,6268,6012,6269,-1,6269,6012,6013,-1,6269,6013,6270,-1,6270,6013,6014,-1,6270,6014,6271,-1,6271,6014,6015,-1,6271,6015,6272,-1,6272,6015,6016,-1,6272,6016,6273,-1,6273,6016,6017,-1,6273,6017,6274,-1,6274,6017,6018,-1,6274,6018,6275,-1,6275,6018,6019,-1,6275,6019,6276,-1,6276,6019,6020,-1,6276,6020,6277,-1,6277,6020,6021,-1,6277,6021,6278,-1,6278,6021,6022,-1,6278,6022,6279,-1,6279,6022,6023,-1,6279,6023,6280,-1,6280,6023,6024,-1,6280,6024,6281,-1,6281,6024,6025,-1,6281,6025,6282,-1,6282,6025,6026,-1,6282,6026,6283,-1,6283,6026,6027,-1,6283,6027,6284,-1,6284,6027,6028,-1,6284,6028,6285,-1,6285,6028,6029,-1,6285,6029,6286,-1,6286,6029,6030,-1,6286,6030,6287,-1,6287,6030,6031,-1,6287,6031,6288,-1,6288,6031,6032,-1,6288,6032,6289,-1,6289,6032,6033,-1,6289,6033,6290,-1,6290,6033,6034,-1,6290,6034,6291,-1,6291,6034,6035,-1,6291,6035,6292,-1,6292,6035,6036,-1,6292,6036,6293,-1,6293,6036,6037,-1,6293,6037,6294,-1,6294,6037,6038,-1,6294,6038,6295,-1,6295,6038,6039,-1,6295,6039,6296,-1,6296,6039,6040,-1,6296,6040,6297,-1,6297,6040,6041,-1,6297,6041,6298,-1,6298,6041,6042,-1,6298,6042,6299,-1,6299,6042,6043,-1,408,407,6044,-1,6044,407,6300,-1,6044,6300,6045,-1,6045,6300,6301,-1,6045,6301,6046,-1,6046,6301,6302,-1,6046,6302,6047,-1,6047,6302,6303,-1,6047,6303,6048,-1,6048,6303,6304,-1,6048,6304,6049,-1,6049,6304,6305,-1,6049,6305,6050,-1,6050,6305,6306,-1,6050,6306,6051,-1,6051,6306,6307,-1,6051,6307,6052,-1,6052,6307,6308,-1,6052,6308,6053,-1,6053,6308,6309,-1,6053,6309,6054,-1,6054,6309,6310,-1,6054,6310,6055,-1,6055,6310,6311,-1,6055,6311,6056,-1,6056,6311,6312,-1,6056,6312,6057,-1,6057,6312,6313,-1,6057,6313,6058,-1,6058,6313,6314,-1,6058,6314,6059,-1,6059,6314,6315,-1,6059,6315,6060,-1,6060,6315,6316,-1,6060,6316,6061,-1,6061,6316,6317,-1,6061,6317,6062,-1,6062,6317,6318,-1,6062,6318,6063,-1,6063,6318,6319,-1,6063,6319,6064,-1,6064,6319,6320,-1,6064,6320,6065,-1,6065,6320,6321,-1,6065,6321,6066,-1,6066,6321,6322,-1,6066,6322,6067,-1,6067,6322,6323,-1,6067,6323,6068,-1,6068,6323,6324,-1,6068,6324,6069,-1,6069,6324,6325,-1,6069,6325,6070,-1,6070,6325,6326,-1,6070,6326,6071,-1,6071,6326,6327,-1,6071,6327,6072,-1,6072,6327,6328,-1,6072,6328,6073,-1,6073,6328,6329,-1,6073,6329,6074,-1,6074,6329,6330,-1,6074,6330,6075,-1,6075,6330,6331,-1,6075,6331,6076,-1,6076,6331,6332,-1,6076,6332,6077,-1,6077,6332,6333,-1,6077,6333,6078,-1,6078,6333,6334,-1,6078,6334,6079,-1,6079,6334,6335,-1,6079,6335,6080,-1,6080,6335,6336,-1,6080,6336,6081,-1,6081,6336,6337,-1,6081,6337,6082,-1,6082,6337,6338,-1,6082,6338,6083,-1,6083,6338,6339,-1,6083,6339,6084,-1,6084,6339,6340,-1,6084,6340,6085,-1,6085,6340,6341,-1,6085,6341,6086,-1,6086,6341,6342,-1,6086,6342,6087,-1,6087,6342,6343,-1,6087,6343,6088,-1,6088,6343,6344,-1,6088,6344,6089,-1,6089,6344,6345,-1,6089,6345,6090,-1,6090,6345,6346,-1,6090,6346,6091,-1,6091,6346,6347,-1,6091,6347,6092,-1,6092,6347,6348,-1,6092,6348,6093,-1,6093,6348,6349,-1,6093,6349,6094,-1,6094,6349,6350,-1,6094,6350,6095,-1,6095,6350,6351,-1,6095,6351,6096,-1,6096,6351,6352,-1,6096,6352,6097,-1,6097,6352,6353,-1,6097,6353,6098,-1,6098,6353,6354,-1,6098,6354,6099,-1,6099,6354,6355,-1,6099,6355,6100,-1,6100,6355,6356,-1,6100,6356,6101,-1,6101,6356,6357,-1,6101,6357,6102,-1,6102,6357,6358,-1,6102,6358,6103,-1,6103,6358,6359,-1,6103,6359,6104,-1,6104,6359,6360,-1,6104,6360,6105,-1,6105,6360,6361,-1,6105,6361,6106,-1,6106,6361,6362,-1,6106,6362,6107,-1,6107,6362,6363,-1,6107,6363,6108,-1,6108,6363,6364,-1,6108,6364,6109,-1,6109,6364,6365,-1,6109,6365,6110,-1,6110,6365,6366,-1,6110,6366,6111,-1,6111,6366,6367,-1,6111,6367,6112,-1,6112,6367,6368,-1,6112,6368,6113,-1,6113,6368,6369,-1,6113,6369,6114,-1,6114,6369,6370,-1,6114,6370,6115,-1,6115,6370,6371,-1,6115,6371,6116,-1,6116,6371,6372,-1,6116,6372,6117,-1,6117,6372,6373,-1,6117,6373,6118,-1,6118,6373,6374,-1,6118,6374,6119,-1,6119,6374,6375,-1,6119,6375,6120,-1,6120,6375,6376,-1,6120,6376,6121,-1,6121,6376,6377,-1,6121,6377,6122,-1,6122,6377,6378,-1,6122,6378,6123,-1,6123,6378,6379,-1,6123,6379,6124,-1,6124,6379,6380,-1,6124,6380,6125,-1,6125,6380,6381,-1,6125,6381,6126,-1,6126,6381,6382,-1,6126,6382,6127,-1,6127,6382,6383,-1,6127,6383,6128,-1,6128,6383,6384,-1,6128,6384,6129,-1,6129,6384,6385,-1,6129,6385,6130,-1,6130,6385,6386,-1,6130,6386,6131,-1,6131,6386,6387,-1,6131,6387,6132,-1,6132,6387,6388,-1,6132,6388,6133,-1,6133,6388,6389,-1,6133,6389,6134,-1,6134,6389,6390,-1,6134,6390,6135,-1,6135,6390,6391,-1,6135,6391,6136,-1,6136,6391,6392,-1,6136,6392,6137,-1,6137,6392,6393,-1,6137,6393,6138,-1,6138,6393,6394,-1,6138,6394,6139,-1,6139,6394,6395,-1,6139,6395,6140,-1,6140,6395,6396,-1,6140,6396,6141,-1,6141,6396,6397,-1,6141,6397,6142,-1,6142,6397,6398,-1,6142,6398,6143,-1,6143,6398,6399,-1,6143,6399,6144,-1,6144,6399,6400,-1,6144,6400,6145,-1,6145,6400,6401,-1,6145,6401,6146,-1,6146,6401,6402,-1,6146,6402,6147,-1,6147,6402,6403,-1,6147,6403,6148,-1,6148,6403,6404,-1,6148,6404,6149,-1,6149,6404,6405,-1,6149,6405,6150,-1,6150,6405,6406,-1,6150,6406,6151,-1,6151,6406,6407,-1,6151,6407,6152,-1,6152,6407,6408,-1,6152,6408,6153,-1,6153,6408,6409,-1,6153,6409,6154,-1,6154,6409,6410,-1,6154,6410,6155,-1,6155,6410,6411,-1,6155,6411,6156,-1,6156,6411,6412,-1,6156,6412,6157,-1,6157,6412,6413,-1,6157,6413,6158,-1,6158,6413,6414,-1,6158,6414,6159,-1,6159,6414,6415,-1,6159,6415,6160,-1,6160,6415,6416,-1,6160,6416,6161,-1,6161,6416,6417,-1,6161,6417,6162,-1,6162,6417,6418,-1,6162,6418,6163,-1,6163,6418,6419,-1,6163,6419,6164,-1,6164,6419,6420,-1,6164,6420,6165,-1,6165,6420,6421,-1,6165,6421,6166,-1,6166,6421,6422,-1,6166,6422,6167,-1,6167,6422,6423,-1,6167,6423,6168,-1,6168,6423,6424,-1,6168,6424,6169,-1,6169,6424,6425,-1,6169,6425,6170,-1,6170,6425,6426,-1,6170,6426,6171,-1,6171,6426,6427,-1,362,361,6428,-1,6428,361,6172,-1,6428,6172,6429,-1,6429,6172,6173,-1,6429,6173,6430,-1,6430,6173,6174,-1,6430,6174,6431,-1,6431,6174,6175,-1,6431,6175,6432,-1,6432,6175,6176,-1,6432,6176,6433,-1,6433,6176,6177,-1,6433,6177,6434,-1,6434,6177,6178,-1,6434,6178,6435,-1,6435,6178,6179,-1,6435,6179,6436,-1,6436,6179,6180,-1,6436,6180,6437,-1,6437,6180,6181,-1,6437,6181,6438,-1,6438,6181,6182,-1,6438,6182,6439,-1,6439,6182,6183,-1,6439,6183,6440,-1,6440,6183,6184,-1,6440,6184,6441,-1,6441,6184,6185,-1,6441,6185,6442,-1,6442,6185,6186,-1,6442,6186,6443,-1,6443,6186,6187,-1,6443,6187,6444,-1,6444,6187,6188,-1,6444,6188,6445,-1,6445,6188,6189,-1,6445,6189,6446,-1,6446,6189,6190,-1,6446,6190,6447,-1,6447,6190,6191,-1,6447,6191,6448,-1,6448,6191,6192,-1,6448,6192,6449,-1,6449,6192,6193,-1,6449,6193,6450,-1,6450,6193,6194,-1,6450,6194,6451,-1,6451,6194,6195,-1,6451,6195,6452,-1,6452,6195,6196,-1,6452,6196,6453,-1,6453,6196,6197,-1,6453,6197,6454,-1,6454,6197,6198,-1,6454,6198,6455,-1,6455,6198,6199,-1,6455,6199,6456,-1,6456,6199,6200,-1,6456,6200,6457,-1,6457,6200,6201,-1,6457,6201,6458,-1,6458,6201,6202,-1,6458,6202,6459,-1,6459,6202,6203,-1,6459,6203,6460,-1,6460,6203,6204,-1,6460,6204,6461,-1,6461,6204,6205,-1,6461,6205,6462,-1,6462,6205,6206,-1,6462,6206,6463,-1,6463,6206,6207,-1,6463,6207,6464,-1,6464,6207,6208,-1,6464,6208,6465,-1,6465,6208,6209,-1,6465,6209,6466,-1,6466,6209,6210,-1,6466,6210,6467,-1,6467,6210,6211,-1,6467,6211,6468,-1,6468,6211,6212,-1,6468,6212,6469,-1,6469,6212,6213,-1,6469,6213,6470,-1,6470,6213,6214,-1,6470,6214,6471,-1,6471,6214,6215,-1,6471,6215,6472,-1,6472,6215,6216,-1,6472,6216,6473,-1,6473,6216,6217,-1,6473,6217,6474,-1,6474,6217,6218,-1,6474,6218,6475,-1,6475,6218,6219,-1,6475,6219,6476,-1,6476,6219,6220,-1,6476,6220,6477,-1,6477,6220,6221,-1,6477,6221,6478,-1,6478,6221,6222,-1,6478,6222,6479,-1,6479,6222,6223,-1,6479,6223,6480,-1,6480,6223,6224,-1,6480,6224,6481,-1,6481,6224,6225,-1,6481,6225,6482,-1,6482,6225,6226,-1,6482,6226,6483,-1,6483,6226,6227,-1,6483,6227,6484,-1,6484,6227,6228,-1,6484,6228,6485,-1,6485,6228,6229,-1,6485,6229,6486,-1,6486,6229,6230,-1,6486,6230,6487,-1,6487,6230,6231,-1,6487,6231,6488,-1,6488,6231,6232,-1,6488,6232,6489,-1,6489,6232,6233,-1,6489,6233,6490,-1,6490,6233,6234,-1,6490,6234,6491,-1,6491,6234,6235,-1,6491,6235,6492,-1,6492,6235,6236,-1,6492,6236,6493,-1,6493,6236,6237,-1,6493,6237,6494,-1,6494,6237,6238,-1,6494,6238,6495,-1,6495,6238,6239,-1,6495,6239,6496,-1,6496,6239,6240,-1,6496,6240,6497,-1,6497,6240,6241,-1,6497,6241,6498,-1,6498,6241,6242,-1,6498,6242,6499,-1,6499,6242,6243,-1,6499,6243,6500,-1,6500,6243,6244,-1,6500,6244,6501,-1,6501,6244,6245,-1,6501,6245,6502,-1,6502,6245,6246,-1,6502,6246,6503,-1,6503,6246,6247,-1,6503,6247,6504,-1,6504,6247,6248,-1,6504,6248,6505,-1,6505,6248,6249,-1,6505,6249,6506,-1,6506,6249,6250,-1,6506,6250,6507,-1,6507,6250,6251,-1,6507,6251,6508,-1,6508,6251,6252,-1,6508,6252,6509,-1,6509,6252,6253,-1,6509,6253,6510,-1,6510,6253,6254,-1,6510,6254,6511,-1,6511,6254,6255,-1,6511,6255,6512,-1,6512,6255,6256,-1,6512,6256,6513,-1,6513,6256,6257,-1,6513,6257,6514,-1,6514,6257,6258,-1,6514,6258,6515,-1,6515,6258,6259,-1,6515,6259,6516,-1,6516,6259,6260,-1,6516,6260,6517,-1,6517,6260,6261,-1,6517,6261,6518,-1,6518,6261,6262,-1,6518,6262,6519,-1,6519,6262,6263,-1,6519,6263,6520,-1,6520,6263,6264,-1,6520,6264,6521,-1,6521,6264,6265,-1,6521,6265,6522,-1,6522,6265,6266,-1,6522,6266,6523,-1,6523,6266,6267,-1,6523,6267,6524,-1,6524,6267,6268,-1,6524,6268,6525,-1,6525,6268,6269,-1,6525,6269,6526,-1,6526,6269,6270,-1,6526,6270,6527,-1,6527,6270,6271,-1,6527,6271,6528,-1,6528,6271,6272,-1,6528,6272,6529,-1,6529,6272,6273,-1,6529,6273,6530,-1,6530,6273,6274,-1,6530,6274,6531,-1,6531,6274,6275,-1,6531,6275,6532,-1,6532,6275,6276,-1,6532,6276,6533,-1,6533,6276,6277,-1,6533,6277,6534,-1,6534,6277,6278,-1,6534,6278,6535,-1,6535,6278,6279,-1,6535,6279,6536,-1,6536,6279,6280,-1,6536,6280,6537,-1,6537,6280,6281,-1,6537,6281,6538,-1,6538,6281,6282,-1,6538,6282,6539,-1,6539,6282,6283,-1,6539,6283,6540,-1,6540,6283,6284,-1,6540,6284,6541,-1,6541,6284,6285,-1,6541,6285,6542,-1,6542,6285,6286,-1,6542,6286,6543,-1,6543,6286,6287,-1,6543,6287,6544,-1,6544,6287,6288,-1,6544,6288,6545,-1,6545,6288,6289,-1,6545,6289,6546,-1,6546,6289,6290,-1,6546,6290,6547,-1,6547,6290,6291,-1,6547,6291,6548,-1,6548,6291,6292,-1,6548,6292,6549,-1,6549,6292,6293,-1,6549,6293,6550,-1,6550,6293,6294,-1,6550,6294,6551,-1,6551,6294,6295,-1,6551,6295,6552,-1,6552,6295,6296,-1,6552,6296,6553,-1,6553,6296,6297,-1,6553,6297,6554,-1,6554,6297,6298,-1,6554,6298,6555,-1,6555,6298,6299,-1,407,411,6300,-1,6300,411,6556,-1,6300,6556,6301,-1,6301,6556,6557,-1,6301,6557,6302,-1,6302,6557,6558,-1,6302,6558,6303,-1,6303,6558,6559,-1,6303,6559,6304,-1,6304,6559,6560,-1,6304,6560,6305,-1,6305,6560,6561,-1,6305,6561,6306,-1,6306,6561,6562,-1,6306,6562,6307,-1,6307,6562,6563,-1,6307,6563,6308,-1,6308,6563,6564,-1,6308,6564,6309,-1,6309,6564,6565,-1,6309,6565,6310,-1,6310,6565,6566,-1,6310,6566,6311,-1,6311,6566,6567,-1,6311,6567,6312,-1,6312,6567,6568,-1,6312,6568,6313,-1,6313,6568,6569,-1,6313,6569,6314,-1,6314,6569,6570,-1,6314,6570,6315,-1,6315,6570,6571,-1,6315,6571,6316,-1,6316,6571,6572,-1,6316,6572,6317,-1,6317,6572,6573,-1,6317,6573,6318,-1,6318,6573,6574,-1,6318,6574,6319,-1,6319,6574,6575,-1,6319,6575,6320,-1,6320,6575,6576,-1,6320,6576,6321,-1,6321,6576,6577,-1,6321,6577,6322,-1,6322,6577,6578,-1,6322,6578,6323,-1,6323,6578,6579,-1,6323,6579,6324,-1,6324,6579,6580,-1,6324,6580,6325,-1,6325,6580,6581,-1,6325,6581,6326,-1,6326,6581,6582,-1,6326,6582,6327,-1,6327,6582,6583,-1,6327,6583,6328,-1,6328,6583,6584,-1,6328,6584,6329,-1,6329,6584,6585,-1,6329,6585,6330,-1,6330,6585,6586,-1,6330,6586,6331,-1,6331,6586,6587,-1,6331,6587,6332,-1,6332,6587,6588,-1,6332,6588,6333,-1,6333,6588,6589,-1,6333,6589,6334,-1,6334,6589,6590,-1,6334,6590,6335,-1,6335,6590,6591,-1,6335,6591,6336,-1,6336,6591,6592,-1,6336,6592,6337,-1,6337,6592,6593,-1,6337,6593,6338,-1,6338,6593,6594,-1,6338,6594,6339,-1,6339,6594,6595,-1,6339,6595,6340,-1,6340,6595,6596,-1,6340,6596,6341,-1,6341,6596,6597,-1,6341,6597,6342,-1,6342,6597,6598,-1,6342,6598,6343,-1,6343,6598,6599,-1,6343,6599,6344,-1,6344,6599,6600,-1,6344,6600,6345,-1,6345,6600,6601,-1,6345,6601,6346,-1,6346,6601,6602,-1,6346,6602,6347,-1,6347,6602,6603,-1,6347,6603,6348,-1,6348,6603,6604,-1,6348,6604,6349,-1,6349,6604,6605,-1,6349,6605,6350,-1,6350,6605,6606,-1,6350,6606,6351,-1,6351,6606,6607,-1,6351,6607,6352,-1,6352,6607,6608,-1,6352,6608,6353,-1,6353,6608,6609,-1,6353,6609,6354,-1,6354,6609,6610,-1,6354,6610,6355,-1,6355,6610,6611,-1,6355,6611,6356,-1,6356,6611,6612,-1,6356,6612,6357,-1,6357,6612,6613,-1,6357,6613,6358,-1,6358,6613,6614,-1,6358,6614,6359,-1,6359,6614,6615,-1,6359,6615,6360,-1,6360,6615,6616,-1,6360,6616,6361,-1,6361,6616,6617,-1,6361,6617,6362,-1,6362,6617,6618,-1,6362,6618,6363,-1,6363,6618,6619,-1,6363,6619,6364,-1,6364,6619,6620,-1,6364,6620,6365,-1,6365,6620,6621,-1,6365,6621,6366,-1,6366,6621,6622,-1,6366,6622,6367,-1,6367,6622,6623,-1,6367,6623,6368,-1,6368,6623,6624,-1,6368,6624,6369,-1,6369,6624,6625,-1,6369,6625,6370,-1,6370,6625,6626,-1,6370,6626,6371,-1,6371,6626,6627,-1,6371,6627,6372,-1,6372,6627,6628,-1,6372,6628,6373,-1,6373,6628,6629,-1,6373,6629,6374,-1,6374,6629,6630,-1,6374,6630,6375,-1,6375,6630,6631,-1,6375,6631,6376,-1,6376,6631,6632,-1,6376,6632,6377,-1,6377,6632,6633,-1,6377,6633,6378,-1,6378,6633,6634,-1,6378,6634,6379,-1,6379,6634,6635,-1,6379,6635,6380,-1,6380,6635,6636,-1,6380,6636,6381,-1,6381,6636,6637,-1,6381,6637,6382,-1,6382,6637,6638,-1,6382,6638,6383,-1,6383,6638,6639,-1,6383,6639,6384,-1,6384,6639,6640,-1,6384,6640,6385,-1,6385,6640,6641,-1,6385,6641,6386,-1,6386,6641,6642,-1,6386,6642,6387,-1,6387,6642,6643,-1,6387,6643,6388,-1,6388,6643,6644,-1,6388,6644,6389,-1,6389,6644,6645,-1,6389,6645,6390,-1,6390,6645,6646,-1,6390,6646,6391,-1,6391,6646,6647,-1,6391,6647,6392,-1,6392,6647,6648,-1,6392,6648,6393,-1,6393,6648,6649,-1,6393,6649,6394,-1,6394,6649,6650,-1,6394,6650,6395,-1,6395,6650,6651,-1,6395,6651,6396,-1,6396,6651,6652,-1,6396,6652,6397,-1,6397,6652,6653,-1,6397,6653,6398,-1,6398,6653,6654,-1,6398,6654,6399,-1,6399,6654,6655,-1,6399,6655,6400,-1,6400,6655,6656,-1,6400,6656,6401,-1,6401,6656,6657,-1,6401,6657,6402,-1,6402,6657,6658,-1,6402,6658,6403,-1,6403,6658,6659,-1,6403,6659,6404,-1,6404,6659,6660,-1,6404,6660,6405,-1,6405,6660,6661,-1,6405,6661,6406,-1,6406,6661,6662,-1,6406,6662,6407,-1,6407,6662,6663,-1,6407,6663,6408,-1,6408,6663,6664,-1,6408,6664,6409,-1,6409,6664,6665,-1,6409,6665,6410,-1,6410,6665,6666,-1,6410,6666,6411,-1,6411,6666,6667,-1,6411,6667,6412,-1,6412,6667,6668,-1,6412,6668,6413,-1,6413,6668,6669,-1,6413,6669,6414,-1,6414,6669,6670,-1,6414,6670,6415,-1,6415,6670,6671,-1,6415,6671,6416,-1,6416,6671,6672,-1,6416,6672,6417,-1,6417,6672,6673,-1,6417,6673,6418,-1,6418,6673,6674,-1,6418,6674,6419,-1,6419,6674,6675,-1,6419,6675,6420,-1,6420,6675,6676,-1,6420,6676,6421,-1,6421,6676,6677,-1,6421,6677,6422,-1,6422,6677,6678,-1,6422,6678,6423,-1,6423,6678,6679,-1,6423,6679,6424,-1,6424,6679,6680,-1,6424,6680,6425,-1,6425,6680,6681,-1,6425,6681,6426,-1,6426,6681,6682,-1,6426,6682,6427,-1,6427,6682,6683,-1,363,362,6684,-1,6684,362,6428,-1,6684,6428,6685,-1,6685,6428,6429,-1,6685,6429,6686,-1,6686,6429,6430,-1,6686,6430,6687,-1,6687,6430,6431,-1,6687,6431,6688,-1,6688,6431,6432,-1,6688,6432,6689,-1,6689,6432,6433,-1,6689,6433,6690,-1,6690,6433,6434,-1,6690,6434,6691,-1,6691,6434,6435,-1,6691,6435,6692,-1,6692,6435,6436,-1,6692,6436,6693,-1,6693,6436,6437,-1,6693,6437,6694,-1,6694,6437,6438,-1,6694,6438,6695,-1,6695,6438,6439,-1,6695,6439,6696,-1,6696,6439,6440,-1,6696,6440,6697,-1,6697,6440,6441,-1,6697,6441,6698,-1,6698,6441,6442,-1,6698,6442,6699,-1,6699,6442,6443,-1,6699,6443,6700,-1,6700,6443,6444,-1,6700,6444,6701,-1,6701,6444,6445,-1,6701,6445,6702,-1,6702,6445,6446,-1,6702,6446,6703,-1,6703,6446,6447,-1,6703,6447,6704,-1,6704,6447,6448,-1,6704,6448,6705,-1,6705,6448,6449,-1,6705,6449,6706,-1,6706,6449,6450,-1,6706,6450,6707,-1,6707,6450,6451,-1,6707,6451,6708,-1,6708,6451,6452,-1,6708,6452,6709,-1,6709,6452,6453,-1,6709,6453,6710,-1,6710,6453,6454,-1,6710,6454,6711,-1,6711,6454,6455,-1,6711,6455,6712,-1,6712,6455,6456,-1,6712,6456,6713,-1,6713,6456,6457,-1,6713,6457,6714,-1,6714,6457,6458,-1,6714,6458,6715,-1,6715,6458,6459,-1,6715,6459,6716,-1,6716,6459,6460,-1,6716,6460,6717,-1,6717,6460,6461,-1,6717,6461,6718,-1,6718,6461,6462,-1,6718,6462,6719,-1,6719,6462,6463,-1,6719,6463,6720,-1,6720,6463,6464,-1,6720,6464,6721,-1,6721,6464,6465,-1,6721,6465,6722,-1,6722,6465,6466,-1,6722,6466,6723,-1,6723,6466,6467,-1,6723,6467,6724,-1,6724,6467,6468,-1,6724,6468,6725,-1,6725,6468,6469,-1,6725,6469,6726,-1,6726,6469,6470,-1,6726,6470,6727,-1,6727,6470,6471,-1,6727,6471,6728,-1,6728,6471,6472,-1,6728,6472,6729,-1,6729,6472,6473,-1,6729,6473,6730,-1,6730,6473,6474,-1,6730,6474,6731,-1,6731,6474,6475,-1,6731,6475,6732,-1,6732,6475,6476,-1,6732,6476,6733,-1,6733,6476,6477,-1,6733,6477,6734,-1,6734,6477,6478,-1,6734,6478,6735,-1,6735,6478,6479,-1,6735,6479,6736,-1,6736,6479,6480,-1,6736,6480,6737,-1,6737,6480,6481,-1,6737,6481,6738,-1,6738,6481,6482,-1,6738,6482,6739,-1,6739,6482,6483,-1,6739,6483,6740,-1,6740,6483,6484,-1,6740,6484,6741,-1,6741,6484,6485,-1,6741,6485,6742,-1,6742,6485,6486,-1,6742,6486,6743,-1,6743,6486,6487,-1,6743,6487,6744,-1,6744,6487,6488,-1,6744,6488,6745,-1,6745,6488,6489,-1,6745,6489,6746,-1,6746,6489,6490,-1,6746,6490,6747,-1,6747,6490,6491,-1,6747,6491,6748,-1,6748,6491,6492,-1,6748,6492,6749,-1,6749,6492,6493,-1,6749,6493,6750,-1,6750,6493,6494,-1,6750,6494,6751,-1,6751,6494,6495,-1,6751,6495,6752,-1,6752,6495,6496,-1,6752,6496,6753,-1,6753,6496,6497,-1,6753,6497,6754,-1,6754,6497,6498,-1,6754,6498,6755,-1,6755,6498,6499,-1,6755,6499,6756,-1,6756,6499,6500,-1,6756,6500,6757,-1,6757,6500,6501,-1,6757,6501,6758,-1,6758,6501,6502,-1,6758,6502,6759,-1,6759,6502,6503,-1,6759,6503,6760,-1,6760,6503,6504,-1,6760,6504,6761,-1,6761,6504,6505,-1,6761,6505,6762,-1,6762,6505,6506,-1,6762,6506,6763,-1,6763,6506,6507,-1,6763,6507,6764,-1,6764,6507,6508,-1,6764,6508,6765,-1,6765,6508,6509,-1,6765,6509,6766,-1,6766,6509,6510,-1,6766,6510,6767,-1,6767,6510,6511,-1,6767,6511,6768,-1,6768,6511,6512,-1,6768,6512,6769,-1,6769,6512,6513,-1,6769,6513,6770,-1,6770,6513,6514,-1,6770,6514,6771,-1,6771,6514,6515,-1,6771,6515,6772,-1,6772,6515,6516,-1,6772,6516,6773,-1,6773,6516,6517,-1,6773,6517,6774,-1,6774,6517,6518,-1,6774,6518,6775,-1,6775,6518,6519,-1,6775,6519,6776,-1,6776,6519,6520,-1,6776,6520,6777,-1,6777,6520,6521,-1,6777,6521,6778,-1,6778,6521,6522,-1,6778,6522,6779,-1,6779,6522,6523,-1,6779,6523,6780,-1,6780,6523,6524,-1,6780,6524,6781,-1,6781,6524,6525,-1,6781,6525,6782,-1,6782,6525,6526,-1,6782,6526,6783,-1,6783,6526,6527,-1,6783,6527,6784,-1,6784,6527,6528,-1,6784,6528,6785,-1,6785,6528,6529,-1,6785,6529,6786,-1,6786,6529,6530,-1,6786,6530,6787,-1,6787,6530,6531,-1,6787,6531,6788,-1,6788,6531,6532,-1,6788,6532,6789,-1,6789,6532,6533,-1,6789,6533,6790,-1,6790,6533,6534,-1,6790,6534,6791,-1,6791,6534,6535,-1,6791,6535,6792,-1,6792,6535,6536,-1,6792,6536,6793,-1,6793,6536,6537,-1,6793,6537,6794,-1,6794,6537,6538,-1,6794,6538,6795,-1,6795,6538,6539,-1,6795,6539,6796,-1,6796,6539,6540,-1,6796,6540,6797,-1,6797,6540,6541,-1,6797,6541,6798,-1,6798,6541,6542,-1,6798,6542,6799,-1,6799,6542,6543,-1,6799,6543,6800,-1,6800,6543,6544,-1,6800,6544,6801,-1,6801,6544,6545,-1,6801,6545,6802,-1,6802,6545,6546,-1,6802,6546,6803,-1,6803,6546,6547,-1,6803,6547,6804,-1,6804,6547,6548,-1,6804,6548,6805,-1,6805,6548,6549,-1,6805,6549,6806,-1,6806,6549,6550,-1,6806,6550,6807,-1,6807,6550,6551,-1,6807,6551,6808,-1,6808,6551,6552,-1,6808,6552,6809,-1,6809,6552,6553,-1,6809,6553,6810,-1,6810,6553,6554,-1,6810,6554,6811,-1,6811,6554,6555,-1,411,410,6556,-1,6556,410,6812,-1,6556,6812,6557,-1,6557,6812,6813,-1,6557,6813,6558,-1,6558,6813,6814,-1,6558,6814,6559,-1,6559,6814,6815,-1,6559,6815,6560,-1,6560,6815,6816,-1,6560,6816,6561,-1,6561,6816,6817,-1,6561,6817,6562,-1,6562,6817,6818,-1,6562,6818,6563,-1,6563,6818,6819,-1,6563,6819,6564,-1,6564,6819,6820,-1,6564,6820,6565,-1,6565,6820,6821,-1,6565,6821,6566,-1,6566,6821,6822,-1,6566,6822,6567,-1,6567,6822,6823,-1,6567,6823,6568,-1,6568,6823,6824,-1,6568,6824,6569,-1,6569,6824,6825,-1,6569,6825,6570,-1,6570,6825,6826,-1,6570,6826,6571,-1,6571,6826,6827,-1,6571,6827,6572,-1,6572,6827,6828,-1,6572,6828,6573,-1,6573,6828,6829,-1,6573,6829,6574,-1,6574,6829,6830,-1,6574,6830,6575,-1,6575,6830,6831,-1,6575,6831,6576,-1,6576,6831,6832,-1,6576,6832,6577,-1,6577,6832,6833,-1,6577,6833,6578,-1,6578,6833,6834,-1,6578,6834,6579,-1,6579,6834,6835,-1,6579,6835,6580,-1,6580,6835,6836,-1,6580,6836,6581,-1,6581,6836,6837,-1,6581,6837,6582,-1,6582,6837,6838,-1,6582,6838,6583,-1,6583,6838,6839,-1,6583,6839,6584,-1,6584,6839,6840,-1,6584,6840,6585,-1,6585,6840,6841,-1,6585,6841,6586,-1,6586,6841,6842,-1,6586,6842,6587,-1,6587,6842,6843,-1,6587,6843,6588,-1,6588,6843,6844,-1,6588,6844,6589,-1,6589,6844,6845,-1,6589,6845,6590,-1,6590,6845,6846,-1,6590,6846,6591,-1,6591,6846,6847,-1,6591,6847,6592,-1,6592,6847,6848,-1,6592,6848,6593,-1,6593,6848,6849,-1,6593,6849,6594,-1,6594,6849,6850,-1,6594,6850,6595,-1,6595,6850,6851,-1,6595,6851,6596,-1,6596,6851,6852,-1,6596,6852,6597,-1,6597,6852,6853,-1,6597,6853,6598,-1,6598,6853,6854,-1,6598,6854,6599,-1,6599,6854,6855,-1,6599,6855,6600,-1,6600,6855,6856,-1,6600,6856,6601,-1,6601,6856,6857,-1,6601,6857,6602,-1,6602,6857,6858,-1,6602,6858,6603,-1,6603,6858,6859,-1,6603,6859,6604,-1,6604,6859,6860,-1,6604,6860,6605,-1,6605,6860,6861,-1,6605,6861,6606,-1,6606,6861,6862,-1,6606,6862,6607,-1,6607,6862,6863,-1,6607,6863,6608,-1,6608,6863,6864,-1,6608,6864,6609,-1,6609,6864,6865,-1,6609,6865,6610,-1,6610,6865,6866,-1,6610,6866,6611,-1,6611,6866,6867,-1,6611,6867,6612,-1,6612,6867,6868,-1,6612,6868,6613,-1,6613,6868,6869,-1,6613,6869,6614,-1,6614,6869,6870,-1,6614,6870,6615,-1,6615,6870,6871,-1,6615,6871,6616,-1,6616,6871,6872,-1,6616,6872,6617,-1,6617,6872,6873,-1,6617,6873,6618,-1,6618,6873,6874,-1,6618,6874,6619,-1,6619,6874,6875,-1,6619,6875,6620,-1,6620,6875,6876,-1,6620,6876,6621,-1,6621,6876,6877,-1,6621,6877,6622,-1,6622,6877,6878,-1,6622,6878,6623,-1,6623,6878,6879,-1,6623,6879,6624,-1,6624,6879,6880,-1,6624,6880,6625,-1,6625,6880,6881,-1,6625,6881,6626,-1,6626,6881,6882,-1,6626,6882,6627,-1,6627,6882,6883,-1,6627,6883,6628,-1,6628,6883,6884,-1,6628,6884,6629,-1,6629,6884,6885,-1,6629,6885,6630,-1,6630,6885,6886,-1,6630,6886,6631,-1,6631,6886,6887,-1,6631,6887,6632,-1,6632,6887,6888,-1,6632,6888,6633,-1,6633,6888,6889,-1,6633,6889,6634,-1,6634,6889,6890,-1,6634,6890,6635,-1,6635,6890,6891,-1,6635,6891,6636,-1,6636,6891,6892,-1,6636,6892,6637,-1,6637,6892,6893,-1,6637,6893,6638,-1,6638,6893,6894,-1,6638,6894,6639,-1,6639,6894,6895,-1,6639,6895,6640,-1,6640,6895,6896,-1,6640,6896,6641,-1,6641,6896,6897,-1,6641,6897,6642,-1,6642,6897,6898,-1,6642,6898,6643,-1,6643,6898,6899,-1,6643,6899,6644,-1,6644,6899,6900,-1,6644,6900,6645,-1,6645,6900,6901,-1,6645,6901,6646,-1,6646,6901,6902,-1,6646,6902,6647,-1,6647,6902,6903,-1,6647,6903,6648,-1,6648,6903,6904,-1,6648,6904,6649,-1,6649,6904,6905,-1,6649,6905,6650,-1,6650,6905,6906,-1,6650,6906,6651,-1,6651,6906,6907,-1,6651,6907,6652,-1,6652,6907,6908,-1,6652,6908,6653,-1,6653,6908,6909,-1,6653,6909,6654,-1,6654,6909,6910,-1,6654,6910,6655,-1,6655,6910,6911,-1,6655,6911,6656,-1,6656,6911,6912,-1,6656,6912,6657,-1,6657,6912,6913,-1,6657,6913,6658,-1,6658,6913,6914,-1,6658,6914,6659,-1,6659,6914,6915,-1,6659,6915,6660,-1,6660,6915,6916,-1,6660,6916,6661,-1,6661,6916,6917,-1,6661,6917,6662,-1,6662,6917,6918,-1,6662,6918,6663,-1,6663,6918,6919,-1,6663,6919,6664,-1,6664,6919,6920,-1,6664,6920,6665,-1,6665,6920,6921,-1,6665,6921,6666,-1,6666,6921,6922,-1,6666,6922,6667,-1,6667,6922,6923,-1,6667,6923,6668,-1,6668,6923,6924,-1,6668,6924,6669,-1,6669,6924,6925,-1,6669,6925,6670,-1,6670,6925,6926,-1,6670,6926,6671,-1,6671,6926,6927,-1,6671,6927,6672,-1,6672,6927,6928,-1,6672,6928,6673,-1,6673,6928,6929,-1,6673,6929,6674,-1,6674,6929,6930,-1,6674,6930,6675,-1,6675,6930,6931,-1,6675,6931,6676,-1,6676,6931,6932,-1,6676,6932,6677,-1,6677,6932,6933,-1,6677,6933,6678,-1,6678,6933,6934,-1,6678,6934,6679,-1,6679,6934,6935,-1,6679,6935,6680,-1,6680,6935,6936,-1,6680,6936,6681,-1,6681,6936,6937,-1,6681,6937,6682,-1,6682,6937,6938,-1,6682,6938,6683,-1,6683,6938,6939,-1,356,363,6940,-1,6940,363,6684,-1,6940,6684,6941,-1,6941,6684,6685,-1,6941,6685,6942,-1,6942,6685,6686,-1,6942,6686,6943,-1,6943,6686,6687,-1,6943,6687,6944,-1,6944,6687,6688,-1,6944,6688,6945,-1,6945,6688,6689,-1,6945,6689,6946,-1,6946,6689,6690,-1,6946,6690,6947,-1,6947,6690,6691,-1,6947,6691,6948,-1,6948,6691,6692,-1,6948,6692,6949,-1,6949,6692,6693,-1,6949,6693,6950,-1,6950,6693,6694,-1,6950,6694,6951,-1,6951,6694,6695,-1,6951,6695,6952,-1,6952,6695,6696,-1,6952,6696,6953,-1,6953,6696,6697,-1,6953,6697,6954,-1,6954,6697,6698,-1,6954,6698,6955,-1,6955,6698,6699,-1,6955,6699,6956,-1,6956,6699,6700,-1,6956,6700,6957,-1,6957,6700,6701,-1,6957,6701,6958,-1,6958,6701,6702,-1,6958,6702,6959,-1,6959,6702,6703,-1,6959,6703,6960,-1,6960,6703,6704,-1,6960,6704,6961,-1,6961,6704,6705,-1,6961,6705,6962,-1,6962,6705,6706,-1,6962,6706,6963,-1,6963,6706,6707,-1,6963,6707,6964,-1,6964,6707,6708,-1,6964,6708,6965,-1,6965,6708,6709,-1,6965,6709,6966,-1,6966,6709,6710,-1,6966,6710,6967,-1,6967,6710,6711,-1,6967,6711,6968,-1,6968,6711,6712,-1,6968,6712,6969,-1,6969,6712,6713,-1,6969,6713,6970,-1,6970,6713,6714,-1,6970,6714,6971,-1,6971,6714,6715,-1,6971,6715,6972,-1,6972,6715,6716,-1,6972,6716,6973,-1,6973,6716,6717,-1,6973,6717,6974,-1,6974,6717,6718,-1,6974,6718,6975,-1,6975,6718,6719,-1,6975,6719,6976,-1,6976,6719,6720,-1,6976,6720,6977,-1,6977,6720,6721,-1,6977,6721,6978,-1,6978,6721,6722,-1,6978,6722,6979,-1,6979,6722,6723,-1,6979,6723,6980,-1,6980,6723,6724,-1,6980,6724,6981,-1,6981,6724,6725,-1,6981,6725,6982,-1,6982,6725,6726,-1,6982,6726,6983,-1,6983,6726,6727,-1,6983,6727,6984,-1,6984,6727,6728,-1,6984,6728,6985,-1,6985,6728,6729,-1,6985,6729,6986,-1,6986,6729,6730,-1,6986,6730,6987,-1,6987,6730,6731,-1,6987,6731,6988,-1,6988,6731,6732,-1,6988,6732,6989,-1,6989,6732,6733,-1,6989,6733,6990,-1,6990,6733,6734,-1,6990,6734,6991,-1,6991,6734,6735,-1,6991,6735,6992,-1,6992,6735,6736,-1,6992,6736,6993,-1,6993,6736,6737,-1,6993,6737,6994,-1,6994,6737,6738,-1,6994,6738,6995,-1,6995,6738,6739,-1,6995,6739,6996,-1,6996,6739,6740,-1,6996,6740,6997,-1,6997,6740,6741,-1,6997,6741,6998,-1,6998,6741,6742,-1,6998,6742,6999,-1,6999,6742,6743,-1,6999,6743,7000,-1,7000,6743,6744,-1,7000,6744,7001,-1,7001,6744,6745,-1,7001,6745,7002,-1,7002,6745,6746,-1,7002,6746,7003,-1,7003,6746,6747,-1,7003,6747,7004,-1,7004,6747,6748,-1,7004,6748,7005,-1,7005,6748,6749,-1,7005,6749,7006,-1,7006,6749,6750,-1,7006,6750,7007,-1,7007,6750,6751,-1,7007,6751,7008,-1,7008,6751,6752,-1,7008,6752,7009,-1,7009,6752,6753,-1,7009,6753,7010,-1,7010,6753,6754,-1,7010,6754,7011,-1,7011,6754,6755,-1,7011,6755,7012,-1,7012,6755,6756,-1,7012,6756,7013,-1,7013,6756,6757,-1,7013,6757,7014,-1,7014,6757,6758,-1,7014,6758,7015,-1,7015,6758,6759,-1,7015,6759,7016,-1,7016,6759,6760,-1,7016,6760,7017,-1,7017,6760,6761,-1,7017,6761,7018,-1,7018,6761,6762,-1,7018,6762,7019,-1,7019,6762,6763,-1,7019,6763,7020,-1,7020,6763,6764,-1,7020,6764,7021,-1,7021,6764,6765,-1,7021,6765,7022,-1,7022,6765,6766,-1,7022,6766,7023,-1,7023,6766,6767,-1,7023,6767,7024,-1,7024,6767,6768,-1,7024,6768,7025,-1,7025,6768,6769,-1,7025,6769,7026,-1,7026,6769,6770,-1,7026,6770,7027,-1,7027,6770,6771,-1,7027,6771,7028,-1,7028,6771,6772,-1,7028,6772,7029,-1,7029,6772,6773,-1,7029,6773,7030,-1,7030,6773,6774,-1,7030,6774,7031,-1,7031,6774,6775,-1,7031,6775,7032,-1,7032,6775,6776,-1,7032,6776,7033,-1,7033,6776,6777,-1,7033,6777,7034,-1,7034,6777,6778,-1,7034,6778,7035,-1,7035,6778,6779,-1,7035,6779,7036,-1,7036,6779,6780,-1,7036,6780,7037,-1,7037,6780,6781,-1,7037,6781,7038,-1,7038,6781,6782,-1,7038,6782,7039,-1,7039,6782,6783,-1,7039,6783,7040,-1,7040,6783,6784,-1,7040,6784,7041,-1,7041,6784,6785,-1,7041,6785,7042,-1,7042,6785,6786,-1,7042,6786,7043,-1,7043,6786,6787,-1,7043,6787,7044,-1,7044,6787,6788,-1,7044,6788,7045,-1,7045,6788,6789,-1,7045,6789,7046,-1,7046,6789,6790,-1,7046,6790,7047,-1,7047,6790,6791,-1,7047,6791,7048,-1,7048,6791,6792,-1,7048,6792,7049,-1,7049,6792,6793,-1,7049,6793,7050,-1,7050,6793,6794,-1,7050,6794,7051,-1,7051,6794,6795,-1,7051,6795,7052,-1,7052,6795,6796,-1,7052,6796,7053,-1,7053,6796,6797,-1,7053,6797,7054,-1,7054,6797,6798,-1,7054,6798,7055,-1,7055,6798,6799,-1,7055,6799,7056,-1,7056,6799,6800,-1,7056,6800,7057,-1,7057,6800,6801,-1,7057,6801,7058,-1,7058,6801,6802,-1,7058,6802,7059,-1,7059,6802,6803,-1,7059,6803,7060,-1,7060,6803,6804,-1,7060,6804,7061,-1,7061,6804,6805,-1,7061,6805,7062,-1,7062,6805,6806,-1,7062,6806,7063,-1,7063,6806,6807,-1,7063,6807,7064,-1,7064,6807,6808,-1,7064,6808,7065,-1,7065,6808,6809,-1,7065,6809,7066,-1,7066,6809,6810,-1,7066,6810,7067,-1,7067,6810,6811,-1,410,388,6812,-1,6812,388,7068,-1,6812,7068,6813,-1,6813,7068,7069,-1,6813,7069,6814,-1,6814,7069,7070,-1,6814,7070,6815,-1,6815,7070,7071,-1,6815,7071,6816,-1,6816,7071,7072,-1,6816,7072,6817,-1,6817,7072,7073,-1,6817,7073,6818,-1,6818,7073,7074,-1,6818,7074,6819,-1,6819,7074,7075,-1,6819,7075,6820,-1,6820,7075,7076,-1,6820,7076,6821,-1,6821,7076,7077,-1,6821,7077,6822,-1,6822,7077,7078,-1,6822,7078,6823,-1,6823,7078,7079,-1,6823,7079,6824,-1,6824,7079,7080,-1,6824,7080,6825,-1,6825,7080,7081,-1,6825,7081,6826,-1,6826,7081,7082,-1,6826,7082,6827,-1,6827,7082,7083,-1,6827,7083,6828,-1,6828,7083,7084,-1,6828,7084,6829,-1,6829,7084,7085,-1,6829,7085,6830,-1,6830,7085,7086,-1,6830,7086,6831,-1,6831,7086,7087,-1,6831,7087,6832,-1,6832,7087,7088,-1,6832,7088,6833,-1,6833,7088,7089,-1,6833,7089,6834,-1,6834,7089,7090,-1,6834,7090,6835,-1,6835,7090,7091,-1,6835,7091,6836,-1,6836,7091,7092,-1,6836,7092,6837,-1,6837,7092,7093,-1,6837,7093,6838,-1,6838,7093,7094,-1,6838,7094,6839,-1,6839,7094,7095,-1,6839,7095,6840,-1,6840,7095,7096,-1,6840,7096,6841,-1,6841,7096,7097,-1,6841,7097,6842,-1,6842,7097,7098,-1,6842,7098,6843,-1,6843,7098,7099,-1,6843,7099,6844,-1,6844,7099,7100,-1,6844,7100,6845,-1,6845,7100,7101,-1,6845,7101,6846,-1,6846,7101,7102,-1,6846,7102,6847,-1,6847,7102,7103,-1,6847,7103,6848,-1,6848,7103,7104,-1,6848,7104,6849,-1,6849,7104,7105,-1,6849,7105,6850,-1,6850,7105,7106,-1,6850,7106,6851,-1,6851,7106,7107,-1,6851,7107,6852,-1,6852,7107,7108,-1,6852,7108,6853,-1,6853,7108,7109,-1,6853,7109,6854,-1,6854,7109,7110,-1,6854,7110,6855,-1,6855,7110,7111,-1,6855,7111,6856,-1,6856,7111,7112,-1,6856,7112,6857,-1,6857,7112,7113,-1,6857,7113,6858,-1,6858,7113,7114,-1,6858,7114,6859,-1,6859,7114,7115,-1,6859,7115,6860,-1,6860,7115,7116,-1,6860,7116,6861,-1,6861,7116,7117,-1,6861,7117,6862,-1,6862,7117,7118,-1,6862,7118,6863,-1,6863,7118,7119,-1,6863,7119,6864,-1,6864,7119,7120,-1,6864,7120,6865,-1,6865,7120,7121,-1,6865,7121,6866,-1,6866,7121,7122,-1,6866,7122,6867,-1,6867,7122,7123,-1,6867,7123,6868,-1,6868,7123,7124,-1,6868,7124,6869,-1,6869,7124,7125,-1,6869,7125,6870,-1,6870,7125,7126,-1,6870,7126,6871,-1,6871,7126,7127,-1,6871,7127,6872,-1,6872,7127,7128,-1,6872,7128,6873,-1,6873,7128,7129,-1,6873,7129,6874,-1,6874,7129,7130,-1,6874,7130,6875,-1,6875,7130,7131,-1,6875,7131,6876,-1,6876,7131,7132,-1,6876,7132,6877,-1,6877,7132,7133,-1,6877,7133,6878,-1,6878,7133,7134,-1,6878,7134,6879,-1,6879,7134,7135,-1,6879,7135,6880,-1,6880,7135,7136,-1,6880,7136,6881,-1,6881,7136,7137,-1,6881,7137,6882,-1,6882,7137,7138,-1,6882,7138,6883,-1,6883,7138,7139,-1,6883,7139,6884,-1,6884,7139,7140,-1,6884,7140,6885,-1,6885,7140,7141,-1,6885,7141,6886,-1,6886,7141,7142,-1,6886,7142,6887,-1,6887,7142,7143,-1,6887,7143,6888,-1,6888,7143,7144,-1,6888,7144,6889,-1,6889,7144,7145,-1,6889,7145,6890,-1,6890,7145,7146,-1,6890,7146,6891,-1,6891,7146,7147,-1,6891,7147,6892,-1,6892,7147,7148,-1,6892,7148,6893,-1,6893,7148,7149,-1,6893,7149,6894,-1,6894,7149,7150,-1,6894,7150,6895,-1,6895,7150,7151,-1,6895,7151,6896,-1,6896,7151,7152,-1,6896,7152,6897,-1,6897,7152,7153,-1,6897,7153,6898,-1,6898,7153,7154,-1,6898,7154,6899,-1,6899,7154,7155,-1,6899,7155,6900,-1,6900,7155,7156,-1,6900,7156,6901,-1,6901,7156,7157,-1,6901,7157,6902,-1,6902,7157,7158,-1,6902,7158,6903,-1,6903,7158,7159,-1,6903,7159,6904,-1,6904,7159,7160,-1,6904,7160,6905,-1,6905,7160,7161,-1,6905,7161,6906,-1,6906,7161,7162,-1,6906,7162,6907,-1,6907,7162,7163,-1,6907,7163,6908,-1,6908,7163,7164,-1,6908,7164,6909,-1,6909,7164,7165,-1,6909,7165,6910,-1,6910,7165,7166,-1,6910,7166,6911,-1,6911,7166,7167,-1,6911,7167,6912,-1,6912,7167,7168,-1,6912,7168,6913,-1,6913,7168,7169,-1,6913,7169,6914,-1,6914,7169,7170,-1,6914,7170,6915,-1,6915,7170,7171,-1,6915,7171,6916,-1,6916,7171,7172,-1,6916,7172,6917,-1,6917,7172,7173,-1,6917,7173,6918,-1,6918,7173,7174,-1,6918,7174,6919,-1,6919,7174,7175,-1,6919,7175,6920,-1,6920,7175,7176,-1,6920,7176,6921,-1,6921,7176,7177,-1,6921,7177,6922,-1,6922,7177,7178,-1,6922,7178,6923,-1,6923,7178,7179,-1,6923,7179,6924,-1,6924,7179,7180,-1,6924,7180,6925,-1,6925,7180,7181,-1,6925,7181,6926,-1,6926,7181,7182,-1,6926,7182,6927,-1,6927,7182,7183,-1,6927,7183,6928,-1,6928,7183,7184,-1,6928,7184,6929,-1,6929,7184,7185,-1,6929,7185,6930,-1,6930,7185,7186,-1,6930,7186,6931,-1,6931,7186,7187,-1,6931,7187,6932,-1,6932,7187,7188,-1,6932,7188,6933,-1,6933,7188,7189,-1,6933,7189,6934,-1,6934,7189,7190,-1,6934,7190,6935,-1,6935,7190,7191,-1,6935,7191,6936,-1,6936,7191,7192,-1,6936,7192,6937,-1,6937,7192,7193,-1,6937,7193,6938,-1,6938,7193,7194,-1,6938,7194,6939,-1,6939,7194,7195,-1,357,356,7196,-1,7196,356,6940,-1,7196,6940,7197,-1,7197,6940,6941,-1,7197,6941,7198,-1,7198,6941,6942,-1,7198,6942,7199,-1,7199,6942,6943,-1,7199,6943,7200,-1,7200,6943,6944,-1,7200,6944,7201,-1,7201,6944,6945,-1,7201,6945,7202,-1,7202,6945,6946,-1,7202,6946,7203,-1,7203,6946,6947,-1,7203,6947,7204,-1,7204,6947,6948,-1,7204,6948,7205,-1,7205,6948,6949,-1,7205,6949,7206,-1,7206,6949,6950,-1,7206,6950,7207,-1,7207,6950,6951,-1,7207,6951,7208,-1,7208,6951,6952,-1,7208,6952,7209,-1,7209,6952,6953,-1,7209,6953,7210,-1,7210,6953,6954,-1,7210,6954,7211,-1,7211,6954,6955,-1,7211,6955,7212,-1,7212,6955,6956,-1,7212,6956,7213,-1,7213,6956,6957,-1,7213,6957,7214,-1,7214,6957,6958,-1,7214,6958,7215,-1,7215,6958,6959,-1,7215,6959,7216,-1,7216,6959,6960,-1,7216,6960,7217,-1,7217,6960,6961,-1,7217,6961,7218,-1,7218,6961,6962,-1,7218,6962,7219,-1,7219,6962,6963,-1,7219,6963,7220,-1,7220,6963,6964,-1,7220,6964,7221,-1,7221,6964,6965,-1,7221,6965,7222,-1,7222,6965,6966,-1,7222,6966,7223,-1,7223,6966,6967,-1,7223,6967,7224,-1,7224,6967,6968,-1,7224,6968,7225,-1,7225,6968,6969,-1,7225,6969,7226,-1,7226,6969,6970,-1,7226,6970,7227,-1,7227,6970,6971,-1,7227,6971,7228,-1,7228,6971,6972,-1,7228,6972,7229,-1,7229,6972,6973,-1,7229,6973,7230,-1,7230,6973,6974,-1,7230,6974,7231,-1,7231,6974,6975,-1,7231,6975,7232,-1,7232,6975,6976,-1,7232,6976,7233,-1,7233,6976,6977,-1,7233,6977,7234,-1,7234,6977,6978,-1,7234,6978,7235,-1,7235,6978,6979,-1,7235,6979,7236,-1,7236,6979,6980,-1,7236,6980,7237,-1,7237,6980,6981,-1,7237,6981,7238,-1,7238,6981,6982,-1,7238,6982,7239,-1,7239,6982,6983,-1,7239,6983,7240,-1,7240,6983,6984,-1,7240,6984,7241,-1,7241,6984,6985,-1,7241,6985,7242,-1,7242,6985,6986,-1,7242,6986,7243,-1,7243,6986,6987,-1,7243,6987,7244,-1,7244,6987,6988,-1,7244,6988,7245,-1,7245,6988,6989,-1,7245,6989,7246,-1,7246,6989,6990,-1,7246,6990,7247,-1,7247,6990,6991,-1,7247,6991,7248,-1,7248,6991,6992,-1,7248,6992,7249,-1,7249,6992,6993,-1,7249,6993,7250,-1,7250,6993,6994,-1,7250,6994,7251,-1,7251,6994,6995,-1,7251,6995,7252,-1,7252,6995,6996,-1,7252,6996,7253,-1,7253,6996,6997,-1,7253,6997,7254,-1,7254,6997,6998,-1,7254,6998,7255,-1,7255,6998,6999,-1,7255,6999,7256,-1,7256,6999,7000,-1,7256,7000,7257,-1,7257,7000,7001,-1,7257,7001,7258,-1,7258,7001,7002,-1,7258,7002,7259,-1,7259,7002,7003,-1,7259,7003,7260,-1,7260,7003,7004,-1,7260,7004,7261,-1,7261,7004,7005,-1,7261,7005,7262,-1,7262,7005,7006,-1,7262,7006,7263,-1,7263,7006,7007,-1,7263,7007,7264,-1,7264,7007,7008,-1,7264,7008,7265,-1,7265,7008,7009,-1,7265,7009,7266,-1,7266,7009,7010,-1,7266,7010,7267,-1,7267,7010,7011,-1,7267,7011,7268,-1,7268,7011,7012,-1,7268,7012,7269,-1,7269,7012,7013,-1,7269,7013,7270,-1,7270,7013,7014,-1,7270,7014,7271,-1,7271,7014,7015,-1,7271,7015,7272,-1,7272,7015,7016,-1,7272,7016,7273,-1,7273,7016,7017,-1,7273,7017,7274,-1,7274,7017,7018,-1,7274,7018,7275,-1,7275,7018,7019,-1,7275,7019,7276,-1,7276,7019,7020,-1,7276,7020,7277,-1,7277,7020,7021,-1,7277,7021,7278,-1,7278,7021,7022,-1,7278,7022,7279,-1,7279,7022,7023,-1,7279,7023,7280,-1,7280,7023,7024,-1,7280,7024,7281,-1,7281,7024,7025,-1,7281,7025,7282,-1,7282,7025,7026,-1,7282,7026,7283,-1,7283,7026,7027,-1,7283,7027,7284,-1,7284,7027,7028,-1,7284,7028,7285,-1,7285,7028,7029,-1,7285,7029,7286,-1,7286,7029,7030,-1,7286,7030,7287,-1,7287,7030,7031,-1,7287,7031,7288,-1,7288,7031,7032,-1,7288,7032,7289,-1,7289,7032,7033,-1,7289,7033,7290,-1,7290,7033,7034,-1,7290,7034,7291,-1,7291,7034,7035,-1,7291,7035,7292,-1,7292,7035,7036,-1,7292,7036,7293,-1,7293,7036,7037,-1,7293,7037,7294,-1,7294,7037,7038,-1,7294,7038,7295,-1,7295,7038,7039,-1,7295,7039,7296,-1,7296,7039,7040,-1,7296,7040,7297,-1,7297,7040,7041,-1,7297,7041,7298,-1,7298,7041,7042,-1,7298,7042,7299,-1,7299,7042,7043,-1,7299,7043,7300,-1,7300,7043,7044,-1,7300,7044,7301,-1,7301,7044,7045,-1,7301,7045,7302,-1,7302,7045,7046,-1,7302,7046,7303,-1,7303,7046,7047,-1,7303,7047,7304,-1,7304,7047,7048,-1,7304,7048,7305,-1,7305,7048,7049,-1,7305,7049,7306,-1,7306,7049,7050,-1,7306,7050,7307,-1,7307,7050,7051,-1,7307,7051,7308,-1,7308,7051,7052,-1,7308,7052,7309,-1,7309,7052,7053,-1,7309,7053,7310,-1,7310,7053,7054,-1,7310,7054,7311,-1,7311,7054,7055,-1,7311,7055,7312,-1,7312,7055,7056,-1,7312,7056,7313,-1,7313,7056,7057,-1,7313,7057,7314,-1,7314,7057,7058,-1,7314,7058,7315,-1,7315,7058,7059,-1,7315,7059,7316,-1,7316,7059,7060,-1,7316,7060,7317,-1,7317,7060,7061,-1,7317,7061,7318,-1,7318,7061,7062,-1,7318,7062,7319,-1,7319,7062,7063,-1,7319,7063,7320,-1,7320,7063,7064,-1,7320,7064,7321,-1,7321,7064,7065,-1,7321,7065,7322,-1,7322,7065,7066,-1,7322,7066,7323,-1,7323,7066,7067,-1,666,7324,7195,-1,7195,7324,7325,-1,7195,7325,6939,-1,6939,7325,7326,-1,6939,7326,6683,-1,6683,7326,7327,-1,6683,7327,6427,-1,6427,7327,7328,-1,6427,7328,6171,-1,6171,7328,7329,-1,6171,7329,5915,-1,5915,7329,7330,-1,5915,7330,5659,-1,5659,7330,7331,-1,5659,7331,5403,-1,5403,7331,7332,-1,5403,7332,5147,-1,5147,7332,7333,-1,5147,7333,4891,-1,4891,7333,7334,-1,4891,7334,4635,-1,4635,7334,7335,-1,4635,7335,4379,-1,4379,7335,7336,-1,4379,7336,4123,-1,4123,7336,7337,-1,4123,7337,3867,-1,3867,7337,7338,-1,3867,7338,3611,-1,3611,7338,7339,-1,3611,7339,3355,-1,3355,7339,7340,-1,3355,7340,3099,-1,3099,7340,7341,-1,3099,7341,2843,-1,2843,7341,7342,-1,2843,7342,2587,-1,2587,7342,7343,-1,2587,7343,2331,-1,2331,7343,7344,-1,2331,7344,2075,-1,2075,7344,7345,-1,2075,7345,1819,-1,1819,7345,7346,-1,1819,7346,1563,-1,1563,7346,7347,-1,1563,7347,1307,-1,1307,7347,7348,-1,1307,7348,1051,-1,1051,7348,7349,-1,1051,7349,667,-1,667,7349,7350,-1,667,7350,666,-1,666,7350,7324,-1,7350,7351,7324,-1,7324,7351,7352,-1,7324,7352,7325,-1,7325,7352,7353,-1,7325,7353,7326,-1,7326,7353,7354,-1,7326,7354,7327,-1,7327,7354,7355,-1,7327,7355,7328,-1,7328,7355,7356,-1,7328,7356,7329,-1,7329,7356,7357,-1,7329,7357,7330,-1,7330,7357,7358,-1,7330,7358,7331,-1,7331,7358,7359,-1,7331,7359,7332,-1,7332,7359,7360,-1,7332,7360,7333,-1,7333,7360,7361,-1,7333,7361,7334,-1,7334,7361,7362,-1,7334,7362,7335,-1,7335,7362,7363,-1,7335,7363,7336,-1,7336,7363,7364,-1,7336,7364,7337,-1,7337,7364,7365,-1,7337,7365,7338,-1,7338,7365,7366,-1,7338,7366,7339,-1,7339,7366,7367,-1,7339,7367,7340,-1,7340,7367,7368,-1,7340,7368,7341,-1,7341,7368,7369,-1,7341,7369,7342,-1,7342,7369,7370,-1,7342,7370,7343,-1,7343,7370,7371,-1,7343,7371,7344,-1,7344,7371,7372,-1,7344,7372,7345,-1,7345,7372,7373,-1,7345,7373,7346,-1,7346,7373,7374,-1,7346,7374,7347,-1,7347,7374,7375,-1,7347,7375,7348,-1,7348,7375,7376,-1,7348,7376,7349,-1,7349,7376,7377,-1,7349,7377,7350,-1,7350,7377,7351,-1,7377,7378,7351,-1,7351,7378,7379,-1,7351,7379,7352,-1,7352,7379,7380,-1,7352,7380,7353,-1,7353,7380,7381,-1,7353,7381,7354,-1,7354,7381,7382,-1,7354,7382,7355,-1,7355,7382,7383,-1,7355,7383,7356,-1,7356,7383,7384,-1,7356,7384,7357,-1,7357,7384,7385,-1,7357,7385,7358,-1,7358,7385,7386,-1,7358,7386,7359,-1,7359,7386,7387,-1,7359,7387,7360,-1,7360,7387,7388,-1,7360,7388,7361,-1,7361,7388,7389,-1,7361,7389,7362,-1,7362,7389,7390,-1,7362,7390,7363,-1,7363,7390,7391,-1,7363,7391,7364,-1,7364,7391,7392,-1,7364,7392,7365,-1,7365,7392,7393,-1,7365,7393,7366,-1,7366,7393,7394,-1,7366,7394,7367,-1,7367,7394,7395,-1,7367,7395,7368,-1,7368,7395,7396,-1,7368,7396,7369,-1,7369,7396,7397,-1,7369,7397,7370,-1,7370,7397,7398,-1,7370,7398,7371,-1,7371,7398,7399,-1,7371,7399,7372,-1,7372,7399,7400,-1,7372,7400,7373,-1,7373,7400,7401,-1,7373,7401,7374,-1,7374,7401,7402,-1,7374,7402,7375,-1,7375,7402,7403,-1,7375,7403,7376,-1,7376,7403,7404,-1,7376,7404,7377,-1,7377,7404,7378,-1,7404,7405,7378,-1,7378,7405,7406,-1,7378,7406,7379,-1,7379,7406,7407,-1,7379,7407,7380,-1,7380,7407,7408,-1,7380,7408,7381,-1,7381,7408,7409,-1,7381,7409,7382,-1,7382,7409,7410,-1,7382,7410,7383,-1,7383,7410,7411,-1,7383,7411,7384,-1,7384,7411,7412,-1,7384,7412,7385,-1,7385,7412,7413,-1,7385,7413,7386,-1,7386,7413,7414,-1,7386,7414,7387,-1,7387,7414,7415,-1,7387,7415,7388,-1,7388,7415,7416,-1,7388,7416,7389,-1,7389,7416,7417,-1,7389,7417,7390,-1,7390,7417,7418,-1,7390,7418,7391,-1,7391,7418,7419,-1,7391,7419,7392,-1,7392,7419,7420,-1,7392,7420,7393,-1,7393,7420,7421,-1,7393,7421,7394,-1,7394,7421,7422,-1,7394,7422,7395,-1,7395,7422,7423,-1,7395,7423,7396,-1,7396,7423,7424,-1,7396,7424,7397,-1,7397,7424,7425,-1,7397,7425,7398,-1,7398,7425,7426,-1,7398,7426,7399,-1,7399,7426,7427,-1,7399,7427,7400,-1,7400,7427,7428,-1,7400,7428,7401,-1,7401,7428,7429,-1,7401,7429,7402,-1,7402,7429,7430,-1,7402,7430,7403,-1,7403,7430,7431,-1,7403,7431,7404,-1,7404,7431,7405,-1,7431,7432,7405,-1,7405,7432,7433,-1,7405,7433,7406,-1,7406,7433,7434,-1,7406,7434,7407,-1,7407,7434,7435,-1,7407,7435,7408,-1,7408,7435,7436,-1,7408,7436,7409,-1,7409,7436,7437,-1,7409,7437,7410,-1,7410,7437,7438,-1,7410,7438,7411,-1,7411,7438,7439,-1,7411,7439,7412,-1,7412,7439,7440,-1,7412,7440,7413,-1,7413,7440,7441,-1,7413,7441,7414,-1,7414,7441,7442,-1,7414,7442,7415,-1,7415,7442,7443,-1,7415,7443,7416,-1,7416,7443,7444,-1,7416,7444,7417,-1,7417,7444,7445,-1,7417,7445,7418,-1,7418,7445,7446,-1,7418,7446,7419,-1,7419,7446,7447,-1,7419,7447,7420,-1,7420,7447,7448,-1,7420,7448,7421,-1,7421,7448,7449,-1,7421,7449,7422,-1,7422,7449,7450,-1,7422,7450,7423,-1,7423,7450,7451,-1,7423,7451,7424,-1,7424,7451,7452,-1,7424,7452,7425,-1,7425,7452,7453,-1,7425,7453,7426,-1,7426,7453,7454,-1,7426,7454,7427,-1,7427,7454,7455,-1,7427,7455,7428,-1,7428,7455,7456,-1,7428,7456,7429,-1,7429,7456,7457,-1,7429,7457,7430,-1,7430,7457,7458,-1,7430,7458,7431,-1,7431,7458,7432,-1,7458,7323,7432,-1,7432,7323,7067,-1,7432,7067,7433,-1,7433,7067,6811,-1,7433,6811,7434,-1,7434,6811,6555,-1,7434,6555,7435,-1,7435,6555,6299,-1,7435,6299,7436,-1,7436,6299,6043,-1,7436,6043,7437,-1,7437,6043,5787,-1,7437,5787,7438,-1,7438,5787,5531,-1,7438,5531,7439,-1,7439,5531,5275,-1,7439,5275,7440,-1,7440,5275,5019,-1,7440,5019,7441,-1,7441,5019,4763,-1,7441,4763,7442,-1,7442,4763,4507,-1,7442,4507,7443,-1,7443,4507,4251,-1,7443,4251,7444,-1,7444,4251,3995,-1,7444,3995,7445,-1,7445,3995,3739,-1,7445,3739,7446,-1,7446,3739,3483,-1,7446,3483,7447,-1,7447,3483,3227,-1,7447,3227,7448,-1,7448,3227,2971,-1,7448,2971,7449,-1,7449,2971,2715,-1,7449,2715,7450,-1,7450,2715,2459,-1,7450,2459,7451,-1,7451,2459,2203,-1,7451,2203,7452,-1,7452,2203,1947,-1,7452,1947,7453,-1,7453,1947,1691,-1,7453,1691,7454,-1,7454,1691,1435,-1,7454,1435,7455,-1,7455,1435,1179,-1,7455,1179,7456,-1,7456,1179,922,-1,7456,922,7457,-1,7457,922,923,-1,7457,923,7458,-1,7458,923,7323,-1,388,387,7068,-1,7068,387,412,-1,7068,412,7069,-1,7069,412,414,-1,7069,414,7070,-1,7070,414,416,-1,7070,416,7071,-1,7071,416,418,-1,7071,418,7072,-1,7072,418,420,-1,7072,420,7073,-1,7073,420,422,-1,7073,422,7074,-1,7074,422,424,-1,7074,424,7075,-1,7075,424,426,-1,7075,426,7076,-1,7076,426,428,-1,7076,428,7077,-1,7077,428,430,-1,7077,430,7078,-1,7078,430,432,-1,7078,432,7079,-1,7079,432,434,-1,7079,434,7080,-1,7080,434,436,-1,7080,436,7081,-1,7081,436,438,-1,7081,438,7082,-1,7082,438,440,-1,7082,440,7083,-1,7083,440,442,-1,7083,442,7084,-1,7084,442,444,-1,7084,444,7085,-1,7085,444,446,-1,7085,446,7086,-1,7086,446,448,-1,7086,448,7087,-1,7087,448,450,-1,7087,450,7088,-1,7088,450,452,-1,7088,452,7089,-1,7089,452,454,-1,7089,454,7090,-1,7090,454,456,-1,7090,456,7091,-1,7091,456,458,-1,7091,458,7092,-1,7092,458,460,-1,7092,460,7093,-1,7093,460,462,-1,7093,462,7094,-1,7094,462,464,-1,7094,464,7095,-1,7095,464,466,-1,7095,466,7096,-1,7096,466,468,-1,7096,468,7097,-1,7097,468,470,-1,7097,470,7098,-1,7098,470,472,-1,7098,472,7099,-1,7099,472,474,-1,7099,474,7100,-1,7100,474,476,-1,7100,476,7101,-1,7101,476,478,-1,7101,478,7102,-1,7102,478,480,-1,7102,480,7103,-1,7103,480,482,-1,7103,482,7104,-1,7104,482,484,-1,7104,484,7105,-1,7105,484,486,-1,7105,486,7106,-1,7106,486,488,-1,7106,488,7107,-1,7107,488,490,-1,7107,490,7108,-1,7108,490,492,-1,7108,492,7109,-1,7109,492,494,-1,7109,494,7110,-1,7110,494,496,-1,7110,496,7111,-1,7111,496,498,-1,7111,498,7112,-1,7112,498,500,-1,7112,500,7113,-1,7113,500,502,-1,7113,502,7114,-1,7114,502,504,-1,7114,504,7115,-1,7115,504,506,-1,7115,506,7116,-1,7116,506,508,-1,7116,508,7117,-1,7117,508,510,-1,7117,510,7118,-1,7118,510,512,-1,7118,512,7119,-1,7119,512,514,-1,7119,514,7120,-1,7120,514,516,-1,7120,516,7121,-1,7121,516,518,-1,7121,518,7122,-1,7122,518,520,-1,7122,520,7123,-1,7123,520,522,-1,7123,522,7124,-1,7124,522,524,-1,7124,524,7125,-1,7125,524,526,-1,7125,526,7126,-1,7126,526,528,-1,7126,528,7127,-1,7127,528,530,-1,7127,530,7128,-1,7128,530,532,-1,7128,532,7129,-1,7129,532,534,-1,7129,534,7130,-1,7130,534,536,-1,7130,536,7131,-1,7131,536,538,-1,7131,538,7132,-1,7132,538,540,-1,7132,540,7133,-1,7133,540,542,-1,7133,542,7134,-1,7134,542,544,-1,7134,544,7135,-1,7135,544,546,-1,7135,546,7136,-1,7136,546,548,-1,7136,548,7137,-1,7137,548,550,-1,7137,550,7138,-1,7138,550,552,-1,7138,552,7139,-1,7139,552,554,-1,7139,554,7140,-1,7140,554,556,-1,7140,556,7141,-1,7141,556,558,-1,7141,558,7142,-1,7142,558,560,-1,7142,560,7143,-1,7143,560,562,-1,7143,562,7144,-1,7144,562,564,-1,7144,564,7145,-1,7145,564,566,-1,7145,566,7146,-1,7146,566,568,-1,7146,568,7147,-1,7147,568,570,-1,7147,570,7148,-1,7148,570,572,-1,7148,572,7149,-1,7149,572,574,-1,7149,574,7150,-1,7150,574,576,-1,7150,576,7151,-1,7151,576,578,-1,7151,578,7152,-1,7152,578,580,-1,7152,580,7153,-1,7153,580,582,-1,7153,582,7154,-1,7154,582,584,-1,7154,584,7155,-1,7155,584,586,-1,7155,586,7156,-1,7156,586,588,-1,7156,588,7157,-1,7157,588,590,-1,7157,590,7158,-1,7158,590,592,-1,7158,592,7159,-1,7159,592,594,-1,7159,594,7160,-1,7160,594,596,-1,7160,596,7161,-1,7161,596,598,-1,7161,598,7162,-1,7162,598,600,-1,7162,600,7163,-1,7163,600,602,-1,7163,602,7164,-1,7164,602,604,-1,7164,604,7165,-1,7165,604,606,-1,7165,606,7166,-1,7166,606,608,-1,7166,608,7167,-1,7167,608,610,-1,7167,610,7168,-1,7168,610,612,-1,7168,612,7169,-1,7169,612,614,-1,7169,614,7170,-1,7170,614,616,-1,7170,616,7171,-1,7171,616,618,-1,7171,618,7172,-1,7172,618,620,-1,7172,620,7173,-1,7173,620,622,-1,7173,622,7174,-1,7174,622,624,-1,7174,624,7175,-1,7175,624,626,-1,7175,626,7176,-1,7176,626,628,-1,7176,628,7177,-1,7177,628,630,-1,7177,630,7178,-1,7178,630,632,-1,7178,632,7179,-1,7179,632,634,-1,7179,634,7180,-1,7180,634,636,-1,7180,636,7181,-1,7181,636,638,-1,7181,638,7182,-1,7182,638,640,-1,7182,640,7183,-1,7183,640,642,-1,7183,642,7184,-1,7184,642,644,-1,7184,644,7185,-1,7185,644,646,-1,7185,646,7186,-1,7186,646,648,-1,7186,648,7187,-1,7187,648,650,-1,7187,650,7188,-1,7188,650,652,-1,7188,652,7189,-1,7189,652,654,-1,7189,654,7190,-1,7190,654,656,-1,7190,656,7191,-1,7191,656,658,-1,7191,658,7192,-1,7192,658,660,-1,7192,660,7193,-1,7193,660,662,-1,7193,662,7194,-1,7194,662,664,-1,7194,664,7195,-1,7195,664,666,-1,359,357,669,-1,669,357,7196,-1,669,7196,671,-1,671,7196,7197,-1,671,7197,673,-1,673,7197,7198,-1,673,7198,675,-1,675,7198,7199,-1,675,7199,677,-1,677,7199,7200,-1,677,7200,679,-1,679,7200,7201,-1,679,7201,681,-1,681,7201,7202,-1,681,7202,683,-1,683,7202,7203,-1,683,7203,685,-1,685,7203,7204,-1,685,7204,687,-1,687,7204,7205,-1,687,7205,689,-1,689,7205,7206,-1,689,7206,691,-1,691,7206,7207,-1,691,7207,693,-1,693,7207,7208,-1,693,7208,695,-1,695,7208,7209,-1,695,7209,697,-1,697,7209,7210,-1,697,7210,699,-1,699,7210,7211,-1,699,7211,701,-1,701,7211,7212,-1,701,7212,703,-1,703,7212,7213,-1,703,7213,705,-1,705,7213,7214,-1,705,7214,707,-1,707,7214,7215,-1,707,7215,709,-1,709,7215,7216,-1,709,7216,711,-1,711,7216,7217,-1,711,7217,713,-1,713,7217,7218,-1,713,7218,715,-1,715,7218,7219,-1,715,7219,717,-1,717,7219,7220,-1,717,7220,719,-1,719,7220,7221,-1,719,7221,721,-1,721,7221,7222,-1,721,7222,723,-1,723,7222,7223,-1,723,7223,725,-1,725,7223,7224,-1,725,7224,727,-1,727,7224,7225,-1,727,7225,729,-1,729,7225,7226,-1,729,7226,731,-1,731,7226,7227,-1,731,7227,733,-1,733,7227,7228,-1,733,7228,735,-1,735,7228,7229,-1,735,7229,737,-1,737,7229,7230,-1,737,7230,739,-1,739,7230,7231,-1,739,7231,741,-1,741,7231,7232,-1,741,7232,743,-1,743,7232,7233,-1,743,7233,745,-1,745,7233,7234,-1,745,7234,747,-1,747,7234,7235,-1,747,7235,749,-1,749,7235,7236,-1,749,7236,751,-1,751,7236,7237,-1,751,7237,753,-1,753,7237,7238,-1,753,7238,755,-1,755,7238,7239,-1,755,7239,757,-1,757,7239,7240,-1,757,7240,759,-1,759,7240,7241,-1,759,7241,761,-1,761,7241,7242,-1,761,7242,763,-1,763,7242,7243,-1,763,7243,765,-1,765,7243,7244,-1,765,7244,767,-1,767,7244,7245,-1,767,7245,769,-1,769,7245,7246,-1,769,7246,771,-1,771,7246,7247,-1,771,7247,773,-1,773,7247,7248,-1,773,7248,775,-1,775,7248,7249,-1,775,7249,777,-1,777,7249,7250,-1,777,7250,779,-1,779,7250,7251,-1,779,7251,781,-1,781,7251,7252,-1,781,7252,783,-1,783,7252,7253,-1,783,7253,785,-1,785,7253,7254,-1,785,7254,787,-1,787,7254,7255,-1,787,7255,789,-1,789,7255,7256,-1,789,7256,791,-1,791,7256,7257,-1,791,7257,793,-1,793,7257,7258,-1,793,7258,795,-1,795,7258,7259,-1,795,7259,797,-1,797,7259,7260,-1,797,7260,799,-1,799,7260,7261,-1,799,7261,801,-1,801,7261,7262,-1,801,7262,803,-1,803,7262,7263,-1,803,7263,805,-1,805,7263,7264,-1,805,7264,807,-1,807,7264,7265,-1,807,7265,809,-1,809,7265,7266,-1,809,7266,811,-1,811,7266,7267,-1,811,7267,813,-1,813,7267,7268,-1,813,7268,815,-1,815,7268,7269,-1,815,7269,817,-1,817,7269,7270,-1,817,7270,819,-1,819,7270,7271,-1,819,7271,821,-1,821,7271,7272,-1,821,7272,823,-1,823,7272,7273,-1,823,7273,825,-1,825,7273,7274,-1,825,7274,827,-1,827,7274,7275,-1,827,7275,829,-1,829,7275,7276,-1,829,7276,831,-1,831,7276,7277,-1,831,7277,833,-1,833,7277,7278,-1,833,7278,835,-1,835,7278,7279,-1,835,7279,837,-1,837,7279,7280,-1,837,7280,839,-1,839,7280,7281,-1,839,7281,841,-1,841,7281,7282,-1,841,7282,843,-1,843,7282,7283,-1,843,7283,845,-1,845,7283,7284,-1,845,7284,847,-1,847,7284,7285,-1,847,7285,849,-1,849,7285,7286,-1,849,7286,851,-1,851,7286,7287,-1,851,7287,853,-1,853,7287,7288,-1,853,7288,855,-1,855,7288,7289,-1,855,7289,857,-1,857,7289,7290,-1,857,7290,859,-1,859,7290,7291,-1,859,7291,861,-1,861,7291,7292,-1,861,7292,863,-1,863,7292,7293,-1,863,7293,865,-1,865,7293,7294,-1,865,7294,867,-1,867,7294,7295,-1,867,7295,869,-1,869,7295,7296,-1,869,7296,871,-1,871,7296,7297,-1,871,7297,873,-1,873,7297,7298,-1,873,7298,875,-1,875,7298,7299,-1,875,7299,877,-1,877,7299,7300,-1,877,7300,879,-1,879,7300,7301,-1,879,7301,881,-1,881,7301,7302,-1,881,7302,883,-1,883,7302,7303,-1,883,7303,885,-1,885,7303,7304,-1,885,7304,887,-1,887,7304,7305,-1,887,7305,889,-1,889,7305,7306,-1,889,7306,891,-1,891,7306,7307,-1,891,7307,893,-1,893,7307,7308,-1,893,7308,895,-1,895,7308,7309,-1,895,7309,897,-1,897,7309,7310,-1,897,7310,899,-1,899,7310,7311,-1,899,7311,901,-1,901,7311,7312,-1,901,7312,903,-1,903,7312,7313,-1,903,7313,905,-1,905,7313,7314,-1,905,7314,907,-1,907,7314,7315,-1,907,7315,909,-1,909,7315,7316,-1,909,7316,911,-1,911,7316,7317,-1,911,7317,913,-1,913,7317,7318,-1,913,7318,915,-1,915,7318,7319,-1,915,7319,917,-1,917,7319,7320,-1,917,7320,919,-1,919,7320,7321,-1,919,7321,921,-1,921,7321,7322,-1,921,7322,923,-1,923,7322,7323,-1,
        ]
    }
}
Shape{
    appearance Appearance {
        material  Material 	{
            diffuseColor 1.0 1.0 0.0
            specularColor 0.5019607843137255 0.5019607843137255 0.0
            ambientIntensity 0.886
            transparency 0.0
            shininess 0.5
        }
    }
    geometry IndexedFaceSet {
        ccw TRUE
        solid FALSE
        coord DEF co Coordinate {
            point [
                2.7539 -2.8394 0.0787, 2.7539 -2.8984 0.0787, 2.7539 -2.8394 0.0, 2.7539 -2.8984 0.0
            ]
        }
        coordIndex [
            0,1,2,-1,2,1,3,-1,
        ]
    }
}
Shape{
    appearance Appearance {
        material  Material 	{
            diffuseColor 1.0 1.0 1.0
            specularColor 0.5019607843137255 0.5019607843137255 0.5019607843137255
            ambientIntensity 1.0
            transparency 0.0
            shininess 0.5
        }
    }
    geometry IndexedFaceSet {
        ccw TRUE
        solid FALSE
        coord DEF co Coordinate {
            point [
                1.8484 2.8929 0.6614, 1.8484 2.8142 0.6614, 1.8484 2.8929 0.0827, 1.8484 2.8142 0.0827, 1.6122 2.8142 0.6614, 1.6122 2.8929 0.6614, 1.6122 2.8142 0.0827, 1.6122 2.8929 0.0827, 1.5484 0.7608 0.6654, 1.5484 1.2332 0.6654, 1.6869 1.9813 0.6654, 2.6713 -2.3669 0.6654, 2.6713 -2.6819 0.6654, 2.4567 -2.3669 0.6654, 2.1988 -2.6819 0.6654, 2.4567 -2.3276 0.6654, 2.2992 -2.3669 0.6654, 2.2992 -2.3276 0.6654, 2.2963 -1.422 0.6654, 2.2992 -1.422 0.6654, 2.2963 -2.3276 0.6654, 2.2028 -3.1543 0.6654, 2.2028 -3.2724 0.6654, 2.1988 -3.2331 0.6654, 2.1988 -3.2724 0.6654, 2.1594 -3.2331 0.6654, 2.1594 -3.1898 0.6654, -2.2264 -0.7016 0.6654, -1.9264 -0.2508 0.6654, -2.2264 -1.6858 0.6654, -1.9264 -2.2147 0.6654, -2.6161 -1.6858 0.6654, 1.1273 -0.4414 0.6654, 1.1273 -0.2508 0.6654, 1.294 -0.2508 0.6654, 2.1988 -2.7606 0.6654, 2.0141 -3.0832 0.6654, 2.0059 -3.0769 0.6654, -2.4918 0.3706 0.6654, -1.9106 -0.1917 0.6654, -1.9224 -0.2202 0.6654, -2.4626 0.4087 0.6654, -2.4626 0.5939 0.6654, -2.3051 0.5939 0.6654, 1.5056 1.2143 0.6654, 1.5056 0.7608 0.6654, -1.5274 -0.2202 0.6654, 1.12 -0.4995 0.6654, 1.3019 -2.2442 0.6654, 1.3113 -2.2565 0.6654, 0.8081 -2.2147 0.6654, 1.3236 -2.2659 0.6654, -1.3145 -2.2442 0.6654, -1.3051 -2.2565 0.6654, -1.8103 -2.23 0.6654, -2.502 0.3693 0.6654, -2.6161 -0.7016 0.6654, -2.6161 0.3693 0.6654, -1.2079 -1.701 0.6654, -1.5198 -0.4704 0.6654, 2.1988 -3.1543 0.6654, 2.0256 -3.1898 0.6654, 1.9964 -3.073 0.6654, 1.9862 -3.0717 0.6654, -1.5234 -0.4414 0.6654, -1.5234 -0.2508 0.6654, -1.5825 -0.1485 0.6654, -1.558 -0.1673 0.6654, -1.5392 -0.1917 0.6654, 1.3531 -2.2738 0.6654, 1.3684 -2.2718 0.6654, 2.0506 -2.3472 0.6654, 1.3826 -2.2659 0.6654, 2.0466 -2.3378 0.6654, 1.3948 -2.2565 0.6654, 2.0453 -2.3276 0.6654, 1.3378 -2.2718 0.6654, 2.0256 -3.111 0.6654, 2.0242 -3.1008 0.6654, 2.0203 -3.0913 0.6654, -2.6161 -3.2724 0.6654, -1.9244 -2.23 0.6654, -1.9185 -2.2442 0.6654, -1.611 -0.1367 0.6654, -1.6415 -0.1327 0.6654, -1.8083 -0.1327 0.6654, -1.8389 -0.1367 0.6654, -1.8673 -0.1485 0.6654, -1.8918 -0.1673 0.6654, -2.4639 0.3985 0.6654, -2.4823 0.3746 0.6654, -2.4741 0.3808 0.6654, -2.4679 0.389 0.6654, 0.8081 -1.73 0.6654, 1.294 -2.2147 0.6654, 1.296 -2.23 0.6654, 2.0745 -2.3656 0.6654, 2.065 -2.3617 0.6654, 2.0568 -2.3554 0.6654, -1.9091 -2.2565 0.6654, -1.8969 -2.2659 0.6654, -2.3051 -3.2724 0.6654, -1.8826 -2.2718 0.6654, -1.7042 -3.1548 0.6654, -1.8673 -2.2738 0.6654, -1.8521 -2.2718 0.6654, 2.439 2.6134 0.6654, 2.6713 2.6134 0.6654, 2.1915 2.2445 0.6654, 2.0846 -2.3669 0.6654, -1.8378 -2.2659 0.6654, -1.8256 -2.2565 0.6654, -1.8162 -2.2442 0.6654, -1.8083 -2.2147 0.6654, -1.3224 -2.2147 0.6654, -1.3204 -2.23 0.6654, 0.7338 -2.2718 0.6654, 0.7491 -2.2738 0.6654, 0.7644 -2.2718 0.6654, -1.2929 -2.2659 0.6654, -1.2786 -2.2718 0.6654, -1.0971 -3.0753 0.6654, 2.1915 0.011 0.6654, 2.6713 -1.3827 0.6654, 1.7846 0.011 0.6654, 2.4567 -1.3827 0.6654, 0.8061 -2.23 0.6654, 0.8002 -2.2442 0.6654, 1.1273 -0.1327 0.6654, 1.0967 -0.1367 0.6654, 1.0132 -0.2202 0.6654, 1.0091 -0.2508 0.6654, 1.0091 -0.4414 0.6654, 2.6713 0.8885 0.6654, 2.5796 0.8885 0.6654, 2.5796 1.6543 0.6654, 2.6713 1.6543 0.6654, 0.7786 -2.2659 0.6654, 0.7908 -2.2565 0.6654, 1.976 -3.073 0.6654, 1.9665 -3.0769 0.6654, 0.7196 -2.2659 0.6654, 1.9584 -3.0832 0.6654, 1.9521 -3.0913 0.6654, 1.4121 -0.2508 0.6654, 1.4081 -0.2202 0.6654, 1.3963 -0.1917 0.6654, 1.3775 -0.1673 0.6654, 1.7846 1.5876 0.6654, 2.0806 1.5876 0.6654, 2.0806 1.9813 0.6654, 1.0055 -0.4704 0.6654, 0.6937 -1.701 0.6654, 0.69 -1.73 0.6654, 1.4121 -2.2147 0.6654, 2.0506 -1.4024 0.6654, 1.5335 2.6134 0.6654, 1.5335 2.7315 0.6654, 1.6122 2.7315 0.6654, 1.6122 2.8102 0.6654, 1.8484 2.8102 0.6654, -1.2634 -2.2738 0.6654, -1.2481 -2.2718 0.6654, -0.4862 -3.0341 0.6654, 2.0745 -1.384 0.6654, 2.065 -1.388 0.6654, 2.0568 -1.3942 0.6654, 2.0453 -1.422 0.6654, 1.4042 -2.2442 0.6654, 2.0466 -1.4119 0.6654, 1.4101 -2.23 0.6654, 1.8484 2.7315 0.6654, 1.9272 2.7315 0.6654, 1.9272 2.6134 0.6654, -2.5358 2.8089 0.6654, -2.5453 2.805 0.6654, -2.6161 3.0071 0.6654, -2.5534 2.7987 0.6654, -2.5597 2.7905 0.6654, -1.6415 -0.2508 0.6654, -1.6415 -0.4414 0.6654, -1.8083 -0.2508 0.6654, -1.6343 -0.4995 0.6654, -1.3224 -1.73 0.6654, 0.692 -2.23 0.6654, 0.6979 -2.2442 0.6654, 0.126 -3.0316 0.6654, 1.9482 -3.1008 0.6654, 1.9469 -3.111 0.6654, 1.3531 -0.1485 0.6654, 1.3246 -0.1367 0.6654, 1.294 -0.1327 0.6654, 2.4596 -2.3276 0.6654, 2.4596 -1.422 0.6654, 2.4567 -1.422 0.6654, 2.2992 -1.3827 0.6654, 2.0846 -1.3827 0.6654, -2.3065 2.3874 0.6654, -1.9567 1.9516 0.6654, -2.3051 2.3772 0.6654, -1.9902 1.9835 0.6654, -2.3051 2.2197 0.6654, -1.9114 2.8102 0.6654, -1.9114 2.6134 0.6654, -2.4429 2.8102 0.6654, -2.4429 2.7315 0.6654, -2.3051 1.3026 0.6654, -1.9602 1.6963 0.6654, -1.934 1.7343 0.6654, -1.7539 2.8102 0.6654, 1.376 2.8102 0.6654, -1.7539 2.6134 0.6654, 1.376 2.6134 0.6654, 0.69 -2.2147 0.6654, -1.2043 -2.2147 0.6654, 0.7073 -2.2565 0.6654, 1.0682 -0.1485 0.6654, 1.0437 -0.1673 0.6654, 1.025 -0.1917 0.6654, 2.0846 2.6134 0.6654, 2.0846 3.0071 0.6654, 2.439 3.0071 0.6654, -2.5636 2.7607 0.6654, -2.6161 2.4165 0.6654, -2.565 2.7709 0.6654, -2.5636 2.7811 0.6654, -2.3166 2.405 0.6654, -2.3248 2.4113 0.6654, -1.9114 1.8233 0.6654, -1.9175 1.7775 0.6654, 1.6133 2.2445 0.6654, 1.6133 1.7958 0.6654, 1.9469 -3.2548 0.6654, 1.345 -3.1421 0.6654, 0.7373 -3.0676 0.6654, -2.4468 3.0071 0.6654, -2.4468 2.8102 0.6654, -2.5256 2.8102 0.6654, -2.5597 2.7512 0.6654, -2.5534 2.743 0.6654, -2.5453 2.7368 0.6654, -1.2338 -2.2659 0.6654, -1.2216 -2.2565 0.6654, -1.2122 -2.2442 0.6654, -1.2063 -2.23 0.6654, -2.3104 2.3968 0.6654, -1.9162 1.8692 0.6654, -1.9316 1.9128 0.6654, -1.2043 -1.73 0.6654, -2.5358 2.7328 0.6654, -2.5256 2.7315 0.6654, -2.3445 2.4165 0.6654, -2.3343 2.4152 0.6654, 2.4567 -1.3827 0.7441, 2.6713 -1.3827 0.7441, 2.6713 0.8885 0.7441, 2.4567 -2.3276 0.7441, 2.4596 -2.3276 0.7441, 2.4596 -1.422 0.7441, 2.6713 -2.6819 0.7441, 2.6713 -2.3669 0.7441, 2.1988 -2.6819 0.7441, 2.4567 -2.3669 0.7441, 1.9272 2.7315 0.7441, 1.8484 2.7315 0.7441, 1.5335 2.6134 0.7441, 1.4121 -0.2508 0.7441, 2.1915 0.011 0.7441, 1.7846 0.011 0.7441, 2.5796 1.6543 0.7441, 2.6713 1.6543 0.7441, 2.6713 2.6134 0.7441, 1.5335 2.7315 0.7441, 1.6122 2.7315 0.7441, 1.6122 2.8102 0.7441, 1.8484 2.8102 0.7441, 2.2963 -1.422 0.7441, 2.2963 -2.3276 0.7441, 2.2992 -1.422 0.7441, 2.2992 -2.3276 0.7441, 2.1594 -3.2331 0.7441, 2.1988 -3.2331 0.7441, 2.1594 -3.1898 0.7441, 2.1988 -2.7606 0.7441, 2.0846 -2.3669 0.7441, 2.2992 -2.3669 0.7441, 2.4567 -1.422 0.7441, 2.0806 1.5876 0.7441, 2.0806 1.9813 0.7441, 1.7846 1.5876 0.7441, 1.6869 1.9813 0.7441, 2.2992 -1.3827 0.7441, 2.439 2.6134 0.7441, 2.439 3.0071 0.7441, 2.0846 3.0071 0.7441, 2.0256 -3.111 0.7441, 2.0256 -3.1898 0.7441, 1.0091 -0.2508 0.7441, 1.0132 -0.2202 0.7441, -1.2043 -1.73 0.7441, 1.4121 -2.2147 0.7441, 2.5796 0.8885 0.7441, 2.1915 2.2445 0.7441, 0.7073 -2.2565 0.7441, 0.6979 -2.2442 0.7441, 0.692 -2.23 0.7441, 2.065 -1.388 0.7441, 2.0745 -1.384 0.7441, -1.2079 -1.701 0.7441, 1.5056 0.7608 0.7441, 2.0846 2.6134 0.7441, 1.9272 2.6134 0.7441, 1.6133 2.2445 0.7441, 1.376 2.8102 0.7441, -1.7539 2.8102 0.7441, -1.7539 2.6134 0.7441, 2.065 -2.3617 0.7441, 2.0568 -2.3554 0.7441, 1.9862 -3.0717 0.7441, 2.0506 -2.3472 0.7441, 2.0466 -2.3378 0.7441, 1.5484 1.2332 0.7441, 1.5484 0.7608 0.7441, 1.3531 -0.1485 0.7441, 1.3775 -0.1673 0.7441, 1.3963 -0.1917 0.7441, 1.4081 -0.2202 0.7441, -1.5198 -0.4704 0.7441, -1.5274 -0.2202 0.7441, -1.5234 -0.2508 0.7441, 1.376 2.6134 0.7441, 2.0846 -1.3827 0.7441, 1.9964 -3.073 0.7441, 2.0059 -3.0769 0.7441, 2.0141 -3.0832 0.7441, 2.0203 -3.0913 0.7441, 2.0242 -3.1008 0.7441, 1.3531 -2.2738 0.7441, 1.3378 -2.2718 0.7441, 1.345 -3.1421 0.7441, 2.0453 -1.422 0.7441, 2.0466 -1.4119 0.7441, 2.0506 -1.4024 0.7441, 2.0568 -1.3942 0.7441, -1.8378 -2.2659 0.7441, -1.8521 -2.2718 0.7441, -1.7042 -3.1548 0.7441, -1.8673 -2.2738 0.7441, -2.3051 -3.2724 0.7441, -1.8826 -2.2718 0.7441, -2.6161 -3.2724 0.7441, -1.8969 -2.2659 0.7441, -1.9091 -2.2565 0.7441, -1.9185 -2.2442 0.7441, -2.6161 -1.6858 0.7441, 0.69 -2.2147 0.7441, 0.69 -1.73 0.7441, 0.6937 -1.701 0.7441, 1.0967 -0.1367 0.7441, 1.1273 -0.1327 0.7441, 1.294 -0.1327 0.7441, 1.3246 -0.1367 0.7441, -1.5234 -0.4414 0.7441, 1.5056 1.2143 0.7441, 1.6133 1.7958 0.7441, -1.5825 -0.1485 0.7441, -1.558 -0.1673 0.7441, -2.3051 0.5939 0.7441, -1.9114 2.8102 0.7441, -2.4429 2.8102 0.7441, -2.4429 2.7315 0.7441, -1.3051 -2.2565 0.7441, -1.2929 -2.2659 0.7441, -1.2786 -2.2718 0.7441, 1.025 -0.1917 0.7441, 1.0437 -0.1673 0.7441, 1.0682 -0.1485 0.7441, -2.2264 -1.6858 0.7441, -1.9244 -2.23 0.7441, -2.2264 -0.7016 0.7441, -1.9114 2.6134 0.7441, -2.5597 2.7905 0.7441, -2.5534 2.7987 0.7441, -2.6161 3.0071 0.7441, -2.5453 2.805 0.7441, 1.9469 -3.111 0.7441, 1.9482 -3.1008 0.7441, 1.3684 -2.2718 0.7441, 1.9521 -3.0913 0.7441, 1.9584 -3.0832 0.7441, 0.7373 -3.0676 0.7441, 1.3236 -2.2659 0.7441, 1.3113 -2.2565 0.7441, -1.2634 -2.2738 0.7441, -1.0971 -3.0753 0.7441, -1.2481 -2.2718 0.7441, -1.6415 -0.4414 0.7441, -1.6415 -0.2508 0.7441, -1.8083 -0.2508 0.7441, -1.3145 -2.2442 0.7441, -1.8103 -2.23 0.7441, -1.8162 -2.2442 0.7441, -1.8256 -2.2565 0.7441, 2.0745 -2.3656 0.7441, 1.0055 -0.4704 0.7441, 1.0091 -0.4414 0.7441, -2.4639 0.3985 0.7441, -2.4679 0.389 0.7441, -2.4741 0.3808 0.7441, -2.5597 2.7512 0.7441, -2.5636 2.7607 0.7441, -2.6161 2.4165 0.7441, -2.565 2.7709 0.7441, -2.5636 2.7811 0.7441, 1.9469 -3.2548 0.7441, 2.0453 -2.3276 0.7441, 1.976 -3.073 0.7441, 1.9665 -3.0769 0.7441, 1.4101 -2.23 0.7441, 1.4042 -2.2442 0.7441, 1.3948 -2.2565 0.7441, 1.3826 -2.2659 0.7441, -1.2338 -2.2659 0.7441, -0.4862 -3.0341 0.7441, -1.2216 -2.2565 0.7441, -2.4823 0.3746 0.7441, -2.4918 0.3706 0.7441, -2.6161 -0.7016 0.7441, -2.502 0.3693 0.7441, -2.6161 0.3693 0.7441, -1.9106 -0.1917 0.7441, -1.8918 -0.1673 0.7441, -2.5358 2.7328 0.7441, -2.5453 2.7368 0.7441, -2.5534 2.743 0.7441, 0.8002 -2.2442 0.7441, 1.296 -2.23 0.7441, 0.8061 -2.23 0.7441, 1.294 -2.2147 0.7441, 0.8081 -2.2147 0.7441, 0.7786 -2.2659 0.7441, 0.7908 -2.2565 0.7441, 1.3019 -2.2442 0.7441, -2.3051 2.2197 0.7441, -1.9902 1.9835 0.7441, -1.9567 1.9516 0.7441, -1.9316 1.9128 0.7441, -1.9162 1.8692 0.7441, -2.4626 0.4087 0.7441, -2.4626 0.5939 0.7441, -1.9264 -2.2147 0.7441, -1.9264 -0.2508 0.7441, -1.9224 -0.2202 0.7441, -2.3445 2.4165 0.7441, -2.3343 2.4152 0.7441, -2.3248 2.4113 0.7441, -2.3166 2.405 0.7441, -2.3104 2.3968 0.7441, -2.3065 2.3874 0.7441, -2.3051 2.3772 0.7441, -2.4468 2.8102 0.7441, -2.4468 3.0071 0.7441, -2.5256 2.8102 0.7441, -2.5358 2.8089 0.7441, 0.7644 -2.2718 0.7441, 0.7491 -2.2738 0.7441, 0.7338 -2.2718 0.7441, -1.9114 1.8233 0.7441, -1.5392 -0.1917 0.7441, -2.3051 1.3026 0.7441, -1.9602 1.6963 0.7441, -1.934 1.7343 0.7441, -1.9175 1.7775 0.7441, -1.8673 -0.1485 0.7441, -1.8389 -0.1367 0.7441, -1.8083 -0.1327 0.7441, -1.3204 -2.23 0.7441, -1.3224 -2.2147 0.7441, -1.8083 -2.2147 0.7441, -1.3224 -1.73 0.7441, -1.6343 -0.4995 0.7441, -1.6415 -0.1327 0.7441, -1.611 -0.1367 0.7441, -1.2122 -2.2442 0.7441, 0.126 -3.0316 0.7441, -1.2063 -2.23 0.7441, -1.2043 -2.2147 0.7441, 0.7196 -2.2659 0.7441, -2.5256 2.7315 0.7441, 1.1273 -0.2508 0.7441, 1.1273 -0.4414 0.7441, 1.294 -0.2508 0.7441, 1.12 -0.4995 0.7441, 0.8081 -1.73 0.7441, -2.4429 3.0071 0.6614, -2.3642 3.0071 0.6614, -2.4429 3.0071 0.0827, -2.3642 3.0071 0.0827, -2.3642 2.8102 0.6614, -2.4429 2.8102 0.6614, -2.3642 2.8102 0.0827, -2.4429 2.8102 0.0827, 2.0256 -3.1937 0.0748, 2.0256 -3.2724 0.0748, 2.0256 -3.1937 0.1535, 2.0256 -3.2724 0.1535, 2.1594 -3.2724 0.6614, 2.0256 -3.2724 0.6614, 2.0256 -3.2724 0.626, 2.1145 -3.2724 0.2309, 2.124 -3.2724 0.227, 2.1322 -3.2724 0.2208, 2.1384 -3.2724 0.2126, 2.1424 -3.2724 0.2031, 2.1437 -3.2724 0.1929, 2.1594 -3.2724 0.0748, 2.1424 -3.2724 0.1827, 2.1043 -3.2724 0.2323, 2.0256 -3.2724 0.2323, 2.1384 -3.2724 0.1732, 2.1322 -3.2724 0.1651, 2.124 -3.2724 0.1588, 2.1043 -3.2724 0.1535, 2.1145 -3.2724 0.1549, 2.0256 -3.1937 0.626, 2.0256 -3.1937 0.6614, 2.1594 -3.1937 0.6614, 2.1594 -3.1937 0.0748, 2.1043 -3.1937 0.1535, 2.1145 -3.1937 0.1549, 2.124 -3.1937 0.1588, 2.1322 -3.1937 0.1651, 2.1384 -3.1937 0.1732, 2.1424 -3.1937 0.2031, 2.1437 -3.1937 0.1929, 2.1424 -3.1937 0.1827, 2.1384 -3.1937 0.2126, 2.1322 -3.1937 0.2208, 2.124 -3.1937 0.227, 2.0256 -3.1937 0.2323, 2.1043 -3.1937 0.2323, 2.1145 -3.1937 0.2309, 2.1594 -3.2112 0.7413, 2.1594 -3.2311 0.733, 2.1594 -3.2331 0.7318, -2.6161 -3.2724 0.2323, -2.6161 -3.1937 0.2323, -2.5059 -3.2724 0.2323, -2.5059 -3.1937 0.2323, -2.6161 -3.1937 0.626, -2.6161 -3.2724 0.626, -2.5059 -3.1937 0.626, -2.5059 -3.2724 0.626, -2.6988 -2.9738 0.2509, -2.6988 -3.1898 0.2323, -2.6988 -2.9738 0.5068, -2.6988 -3.1898 0.626, -2.6988 -2.6601 0.5068, -2.6988 -2.943 0.0243, -2.6988 -2.9457 0.0039, -2.6988 -3.2724 0.0039, -2.6988 -2.3052 0.0433, -2.6988 -2.3131 0.0243, -2.6988 -2.5316 0.08, -2.6988 -3.2724 0.1929, -2.6988 -3.1937 0.1929, -2.6988 -3.1937 0.2323, -2.6988 -1.9981 0.0243, -2.6988 -2.0008 0.0039, -2.6988 -2.1583 0.0039, -2.6988 -2.3157 0.0039, -2.6988 -2.4732 0.0039, -2.6988 -2.4759 0.0243, -2.6988 -2.4838 0.0433, -2.6988 -2.4963 0.0596, -2.6988 -2.5126 0.0721, -2.6988 -1.8433 0.0039, -2.6988 -1.846 0.0243, -2.6988 -1.6858 0.0039, -2.6988 -1.8539 0.0433, -2.6988 -1.6858 0.6614, -2.6988 -1.8664 0.0596, -2.6988 -2.552 0.0827, -2.6988 -2.6601 0.2509, -2.6988 -2.5723 0.08, -2.6988 -1.9777 0.0596, -2.6988 -1.9902 0.0433, -2.6988 -2.1688 0.0433, -2.6988 -2.161 0.0243, -2.6988 -2.3698 0.5068, -2.6988 -2.0228 0.5068, -2.6988 -2.0228 0.2509, -2.6988 -1.8827 0.0721, -2.6988 -2.6307 0.0039, -2.6988 -2.7882 0.0039, -2.6988 -2.628 0.0243, -2.6988 -2.7909 0.0243, -2.6988 -2.6202 0.0433, -2.6988 -2.8113 0.0596, -2.6988 -2.8276 0.0721, -2.6988 -2.8466 0.08, -2.6988 -2.8669 0.0827, -2.6988 -2.8873 0.08, -2.6988 -2.9063 0.0721, -2.6988 -2.9226 0.0596, -2.6988 -2.9351 0.0433, -2.6988 -1.9017 0.08, -2.6988 -1.922 0.0827, -2.6988 -1.9424 0.08, -2.6988 -2.237 0.0827, -2.6988 -2.3698 0.2509, -2.6988 -2.2166 0.08, -2.6988 -2.1976 0.0721, -2.6988 -2.7987 0.0433, -2.6988 -2.6076 0.0596, -2.6988 -2.5913 0.0721, -2.6988 -2.1813 0.0596, -2.6988 -1.9614 0.0721, -2.6988 -2.2574 0.08, -2.6988 -2.2764 0.0721, -2.6988 -2.2927 0.0596, -2.6988 -3.1937 0.626, -2.6988 -3.1937 0.6614, -2.6201 -1.6858 0.6614, -2.6201 -3.1937 0.6614, -2.6201 -3.1898 0.626, -2.6201 -3.1937 0.626, -2.6201 -3.1898 0.2323, -2.6201 -3.1937 0.2323, -2.6201 -3.1937 0.1929, -2.6201 -3.2724 0.1929, -2.6201 -3.2724 0.0039, -2.6201 -2.9738 0.2509, -2.6201 -2.8276 0.0721, -2.6201 -2.8113 0.0596, -2.6201 -2.6601 0.2509, -2.6201 -1.8664 0.0596, -2.6201 -1.8539 0.0433, -2.6201 -1.6858 0.0039, -2.6201 -1.846 0.0243, -2.6201 -1.8433 0.0039, -2.6201 -2.7909 0.0243, -2.6201 -2.7882 0.0039, -2.6201 -2.6307 0.0039, -2.6201 -2.5913 0.0721, -2.6201 -2.5723 0.08, -2.6201 -2.552 0.0827, -2.6201 -2.5316 0.08, -2.6201 -2.3698 0.5068, -2.6201 -2.0228 0.5068, -2.6201 -2.0228 0.2509, -2.6201 -2.5126 0.0721, -2.6201 -2.3131 0.0243, -2.6201 -2.4963 0.0596, -2.6201 -2.4732 0.0039, -2.6201 -2.3157 0.0039, -2.6201 -2.4759 0.0243, -2.6201 -2.4838 0.0433, -2.6201 -2.9457 0.0039, -2.6201 -2.943 0.0243, -2.6201 -2.9351 0.0433, -2.6201 -2.9226 0.0596, -2.6201 -2.9063 0.0721, -2.6201 -2.7987 0.0433, -2.6201 -2.6202 0.0433, -2.6201 -2.628 0.0243, -2.6201 -1.8827 0.0721, -2.6201 -1.9017 0.08, -2.6201 -2.8873 0.08, -2.6201 -2.8669 0.0827, -2.6201 -2.8466 0.08, -2.6201 -2.6076 0.0596, -2.6201 -2.3052 0.0433, -2.6201 -2.2927 0.0596, -2.6201 -2.3698 0.2509, -2.6201 -2.237 0.0827, -2.6201 -2.2166 0.08, -2.6201 -2.1976 0.0721, -2.6201 -2.1813 0.0596, -2.6201 -2.1688 0.0433, -2.6201 -2.1583 0.0039, -2.6201 -2.0008 0.0039, -2.6201 -2.161 0.0243, -2.6201 -1.9981 0.0243, -2.6201 -1.9902 0.0433, -2.6201 -1.9777 0.0596, -2.6201 -2.2764 0.0721, -2.6201 -2.2574 0.08, -2.6201 -1.9614 0.0721, -2.6201 -1.9424 0.08, -2.6201 -1.922 0.0827, -2.6201 -2.6601 0.5068, -2.6201 -2.9738 0.5068, 2.6927 1.6543 0.7413, 2.6927 2.6134 0.7413, 2.7126 1.6543 0.733, 2.7126 2.6134 0.733, 2.7297 1.6543 0.7199, 2.7297 2.6134 0.7199, 2.7429 1.6543 0.7028, 2.7429 2.6134 0.7028, 2.7511 1.6543 0.6828, 2.7511 2.6134 0.6828, 2.7539 1.6543 0.6614, 2.7539 2.6134 0.6614, 2.6752 2.6134 0.6614, 2.6752 1.6543 0.6614, 2.6751 2.6134 0.6624, 2.6751 1.6543 0.6624, 2.6747 2.6134 0.6634, 2.6747 1.6543 0.6634, 2.674 2.6134 0.6642, 2.674 1.6543 0.6642, 2.6732 2.6134 0.6648, 2.6732 1.6543 0.6648, 2.6723 2.6134 0.6652, 2.6723 1.6543 0.6652
            ]
        }
        coordIndex [
            0,1,2,-1,2,1,3,-1,4,5,6,-1,6,5,7,-1,5,0,7,-1,7,0,2,-1,3,1,6,-1,6,1,4,-1,8,9,10,-1,11,12,13,-1,13,12,14,-1,15,16,17,-1,18,19,20,-1,20,19,17,-1,21,22,23,-1,23,22,24,-1,23,25,26,-1,27,28,29,-1,29,28,30,-1,29,30,31,-1,32,33,34,-1,35,36,37,-1,38,39,27,-1,27,39,40,-1,27,40,28,-1,41,42,43,-1,44,45,46,-1,32,34,47,-1,48,49,50,-1,50,49,51,-1,52,53,54,-1,38,27,55,-1,55,27,56,-1,55,56,57,-1,45,58,59,-1,21,23,60,-1,60,23,26,-1,60,26,61,-1,35,37,14,-1,14,37,62,-1,14,62,63,-1,59,64,45,-1,45,64,65,-1,45,65,46,-1,66,43,67,-1,67,43,44,-1,67,44,68,-1,68,44,46,-1,69,70,71,-1,71,70,72,-1,71,72,73,-1,73,72,74,-1,73,74,75,-1,14,76,69,-1,61,77,60,-1,60,77,78,-1,60,78,35,-1,35,78,79,-1,35,79,36,-1,31,30,80,-1,80,30,81,-1,80,81,82,-1,66,83,43,-1,43,83,84,-1,43,84,85,-1,85,86,43,-1,43,86,87,-1,43,87,41,-1,41,87,88,-1,41,88,89,-1,38,90,39,-1,39,90,91,-1,39,91,88,-1,88,91,92,-1,88,92,89,-1,47,34,93,-1,93,34,94,-1,93,94,50,-1,50,94,95,-1,50,95,48,-1,96,14,97,-1,97,14,69,-1,97,69,98,-1,98,69,71,-1,82,99,80,-1,80,99,100,-1,80,100,101,-1,101,100,102,-1,101,102,103,-1,103,102,104,-1,103,104,105,-1,106,107,108,-1,15,13,16,-1,16,13,14,-1,16,14,109,-1,109,14,96,-1,105,110,103,-1,103,110,111,-1,103,111,53,-1,53,111,112,-1,53,112,54,-1,113,114,54,-1,54,114,115,-1,54,115,52,-1,63,116,14,-1,14,116,117,-1,14,117,118,-1,53,119,103,-1,103,119,120,-1,103,120,121,-1,122,123,124,-1,124,123,125,-1,51,76,50,-1,50,76,14,-1,50,14,126,-1,126,14,127,-1,128,129,45,-1,130,131,58,-1,58,131,132,-1,133,123,134,-1,134,123,122,-1,134,122,135,-1,135,122,108,-1,135,108,136,-1,136,108,107,-1,118,137,14,-1,14,137,138,-1,14,138,127,-1,63,139,116,-1,116,139,140,-1,116,140,141,-1,141,140,142,-1,141,142,143,-1,125,144,124,-1,124,144,145,-1,124,145,146,-1,146,147,124,-1,124,147,8,-1,124,8,148,-1,148,8,10,-1,148,10,149,-1,149,10,150,-1,132,151,58,-1,58,151,152,-1,58,152,153,-1,154,144,155,-1,156,157,108,-1,108,157,158,-1,158,159,160,-1,120,161,121,-1,121,161,162,-1,121,162,163,-1,164,165,144,-1,144,165,166,-1,144,166,155,-1,75,74,167,-1,167,74,168,-1,167,168,169,-1,169,168,155,-1,155,168,170,-1,155,170,154,-1,171,172,173,-1,174,175,176,-1,176,175,177,-1,176,177,178,-1,179,180,181,-1,181,180,182,-1,181,182,113,-1,113,182,183,-1,113,183,114,-1,184,185,186,-1,186,187,188,-1,147,189,8,-1,8,189,190,-1,8,190,45,-1,45,190,191,-1,45,191,128,-1,192,15,193,-1,193,15,17,-1,193,17,194,-1,194,17,19,-1,194,19,125,-1,125,19,195,-1,125,195,144,-1,144,195,196,-1,144,196,164,-1,197,198,199,-1,199,198,200,-1,199,200,201,-1,202,203,204,-1,204,203,205,-1,43,206,44,-1,44,206,207,-1,44,207,208,-1,209,210,211,-1,211,210,212,-1,213,184,214,-1,143,187,141,-1,141,187,186,-1,141,186,215,-1,215,186,185,-1,129,216,45,-1,45,216,217,-1,45,217,58,-1,58,217,218,-1,58,218,130,-1,219,220,221,-1,222,223,224,-1,224,223,176,-1,224,176,225,-1,225,176,178,-1,226,227,205,-1,203,211,228,-1,228,211,44,-1,228,44,229,-1,229,44,208,-1,156,108,212,-1,212,108,230,-1,212,230,211,-1,211,230,231,-1,211,231,44,-1,232,233,188,-1,188,233,234,-1,188,234,186,-1,235,236,176,-1,176,236,237,-1,176,237,174,-1,222,238,223,-1,223,238,239,-1,223,239,240,-1,162,241,163,-1,163,241,242,-1,163,242,186,-1,186,242,243,-1,186,243,184,-1,184,243,244,-1,184,244,214,-1,160,171,158,-1,158,171,173,-1,158,173,108,-1,108,173,219,-1,108,219,106,-1,106,219,221,-1,226,205,245,-1,228,246,203,-1,203,246,247,-1,203,247,205,-1,205,247,198,-1,205,198,245,-1,245,198,197,-1,213,214,153,-1,153,214,248,-1,153,248,58,-1,240,249,223,-1,223,249,250,-1,223,250,251,-1,251,250,205,-1,251,205,252,-1,252,205,227,-1,253,254,255,-1,256,257,258,-1,259,260,261,-1,261,260,262,-1,263,264,265,-1,266,267,268,-1,269,270,271,-1,272,265,273,-1,273,265,264,-1,273,264,274,-1,274,264,275,-1,276,277,278,-1,278,277,279,-1,280,281,282,-1,282,281,283,-1,282,283,284,-1,284,283,261,-1,284,261,285,-1,285,261,262,-1,285,262,279,-1,279,262,256,-1,279,256,286,-1,286,256,258,-1,287,288,289,-1,289,288,290,-1,286,253,279,-1,279,253,255,-1,279,255,278,-1,278,255,291,-1,292,293,294,-1,295,296,282,-1,297,298,299,-1,266,300,267,-1,267,300,301,-1,267,301,302,-1,303,304,299,-1,299,304,305,-1,306,307,301,-1,308,299,309,-1,310,311,312,-1,313,314,315,-1,316,317,318,-1,318,317,319,-1,318,319,320,-1,290,321,289,-1,289,321,322,-1,289,322,268,-1,268,322,323,-1,268,323,324,-1,324,325,268,-1,268,325,326,-1,268,326,266,-1,308,309,327,-1,294,310,292,-1,292,310,312,-1,292,312,271,-1,271,312,302,-1,271,302,269,-1,269,302,301,-1,328,329,315,-1,315,329,330,-1,315,330,313,-1,301,307,255,-1,255,307,331,-1,255,331,291,-1,332,333,284,-1,333,334,284,-1,284,334,335,-1,284,335,282,-1,282,335,336,-1,282,336,295,-1,337,338,339,-1,340,341,300,-1,300,341,342,-1,300,342,301,-1,301,342,343,-1,301,343,306,-1,344,345,346,-1,346,345,347,-1,346,347,348,-1,348,347,349,-1,348,349,350,-1,350,349,351,-1,351,352,350,-1,350,352,353,-1,350,353,354,-1,305,355,299,-1,299,355,356,-1,299,356,357,-1,358,359,309,-1,309,359,360,-1,309,360,322,-1,322,360,361,-1,322,361,323,-1,327,309,362,-1,362,309,363,-1,362,363,329,-1,329,363,364,-1,329,364,330,-1,330,364,312,-1,330,312,265,-1,265,312,311,-1,265,311,263,-1,365,366,367,-1,368,369,370,-1,371,346,372,-1,372,346,373,-1,298,374,299,-1,299,374,375,-1,299,375,309,-1,309,375,376,-1,309,376,358,-1,354,353,377,-1,377,353,378,-1,377,378,379,-1,368,370,380,-1,381,382,383,-1,383,382,384,-1,385,386,387,-1,387,386,388,-1,387,388,389,-1,339,338,390,-1,390,338,391,-1,390,391,392,-1,373,346,393,-1,393,346,394,-1,393,394,395,-1,396,397,398,-1,399,400,371,-1,371,400,401,-1,371,401,346,-1,346,401,402,-1,346,402,344,-1,332,284,318,-1,318,284,403,-1,318,403,316,-1,357,404,299,-1,299,404,405,-1,299,405,297,-1,406,407,379,-1,379,407,408,-1,409,410,411,-1,411,410,412,-1,411,412,383,-1,383,412,413,-1,383,413,381,-1,337,339,387,-1,387,339,414,-1,387,414,385,-1,320,415,318,-1,318,415,340,-1,318,340,416,-1,416,340,300,-1,416,300,417,-1,417,300,418,-1,418,419,417,-1,417,419,420,-1,417,420,389,-1,389,420,421,-1,389,421,387,-1,395,394,422,-1,422,394,423,-1,422,423,424,-1,408,425,379,-1,379,425,426,-1,379,426,427,-1,427,426,428,-1,427,428,429,-1,430,431,367,-1,432,433,411,-1,411,433,434,-1,411,434,409,-1,435,436,437,-1,437,436,438,-1,437,438,439,-1,440,390,441,-1,441,390,392,-1,441,392,435,-1,435,392,442,-1,435,442,436,-1,380,443,315,-1,315,443,444,-1,444,445,315,-1,315,445,446,-1,315,446,447,-1,406,379,448,-1,448,379,367,-1,448,367,449,-1,378,450,379,-1,379,450,451,-1,379,451,367,-1,367,451,452,-1,367,452,430,-1,453,454,370,-1,370,454,455,-1,370,455,456,-1,456,457,370,-1,370,457,458,-1,370,458,380,-1,380,458,459,-1,380,459,443,-1,460,461,462,-1,462,461,383,-1,462,383,463,-1,463,383,384,-1,440,464,390,-1,390,464,465,-1,390,465,466,-1,447,467,315,-1,315,467,468,-1,315,468,328,-1,469,367,470,-1,470,367,366,-1,470,366,471,-1,471,366,468,-1,471,468,472,-1,472,468,467,-1,431,473,367,-1,367,473,474,-1,367,474,475,-1,399,476,400,-1,400,476,477,-1,400,477,478,-1,478,477,479,-1,478,479,398,-1,398,479,480,-1,398,480,396,-1,475,481,367,-1,367,481,482,-1,367,482,365,-1,424,423,483,-1,483,423,484,-1,483,484,485,-1,485,484,390,-1,485,390,486,-1,486,390,466,-1,486,466,299,-1,299,466,487,-1,299,487,303,-1,453,370,411,-1,411,370,488,-1,411,488,432,-1,489,490,491,-1,491,490,492,-1,491,492,438,-1,438,492,493,-1,438,493,439,-1,311,173,263,-1,263,173,172,-1,156,265,157,-1,157,265,272,-1,494,495,496,-1,496,495,497,-1,498,499,500,-1,500,499,501,-1,495,498,497,-1,497,498,500,-1,501,499,496,-1,496,499,494,-1,502,503,504,-1,504,503,505,-1,506,507,508,-1,509,510,506,-1,506,510,511,-1,506,511,512,-1,512,513,506,-1,506,513,514,-1,506,514,515,-1,515,514,516,-1,509,506,517,-1,517,506,508,-1,517,508,518,-1,516,519,515,-1,515,519,520,-1,515,520,521,-1,505,503,522,-1,522,503,515,-1,522,515,523,-1,523,515,521,-1,524,525,526,-1,502,504,527,-1,527,504,528,-1,527,528,529,-1,529,530,527,-1,527,530,531,-1,527,531,532,-1,533,526,534,-1,534,526,527,-1,534,527,535,-1,535,527,532,-1,533,536,526,-1,526,536,537,-1,526,537,538,-1,539,524,540,-1,540,524,526,-1,540,526,541,-1,541,526,538,-1,282,542,280,-1,280,542,543,-1,280,543,544,-1,232,414,233,-1,233,414,339,-1,233,339,234,-1,234,339,390,-1,234,390,186,-1,186,390,484,-1,186,484,163,-1,163,484,423,-1,163,423,121,-1,121,423,394,-1,121,394,103,-1,103,394,346,-1,103,346,101,-1,101,346,348,-1,545,546,547,-1,547,546,548,-1,549,550,551,-1,551,550,552,-1,550,545,552,-1,552,545,547,-1,548,546,551,-1,551,546,549,-1,553,554,555,-1,555,554,556,-1,555,556,557,-1,558,559,560,-1,561,562,563,-1,560,564,565,-1,566,554,565,-1,565,554,553,-1,565,553,560,-1,567,568,569,-1,570,571,562,-1,562,571,572,-1,562,572,573,-1,573,574,562,-1,562,574,575,-1,562,575,563,-1,576,577,578,-1,578,577,579,-1,578,579,580,-1,580,579,581,-1,563,582,583,-1,583,582,584,-1,585,586,587,-1,587,586,567,-1,587,567,588,-1,588,567,569,-1,589,580,590,-1,590,580,581,-1,590,581,591,-1,591,581,592,-1,593,594,595,-1,595,594,596,-1,595,596,597,-1,598,599,583,-1,583,599,600,-1,583,600,553,-1,553,600,601,-1,553,601,602,-1,602,603,553,-1,553,603,604,-1,553,604,560,-1,560,604,605,-1,560,605,558,-1,592,606,591,-1,591,606,607,-1,591,607,608,-1,609,610,611,-1,611,610,591,-1,611,591,612,-1,596,613,597,-1,597,613,598,-1,597,598,614,-1,614,598,583,-1,614,583,615,-1,615,583,584,-1,612,591,616,-1,616,591,608,-1,616,608,587,-1,587,608,617,-1,587,617,585,-1,609,618,610,-1,610,618,619,-1,610,619,620,-1,621,622,556,-1,556,622,580,-1,556,580,557,-1,557,580,589,-1,557,589,583,-1,583,589,610,-1,583,610,563,-1,563,610,620,-1,563,620,561,-1,623,624,625,-1,625,624,626,-1,627,628,629,-1,630,631,629,-1,629,631,632,-1,629,632,627,-1,627,632,625,-1,633,634,635,-1,636,637,638,-1,638,637,639,-1,638,639,640,-1,641,642,643,-1,644,645,635,-1,635,645,646,-1,635,646,647,-1,625,648,623,-1,623,648,649,-1,623,649,650,-1,647,651,652,-1,652,651,653,-1,654,655,656,-1,656,655,652,-1,656,652,657,-1,657,652,653,-1,658,659,631,-1,631,659,660,-1,631,660,632,-1,632,660,661,-1,632,661,662,-1,634,663,664,-1,664,663,641,-1,664,641,665,-1,665,641,643,-1,638,623,636,-1,636,623,650,-1,636,650,666,-1,666,650,667,-1,662,668,632,-1,632,668,669,-1,632,669,635,-1,635,669,670,-1,635,670,633,-1,634,664,635,-1,635,664,671,-1,635,671,644,-1,672,673,674,-1,674,675,650,-1,650,675,676,-1,676,677,650,-1,650,677,678,-1,650,678,679,-1,680,681,682,-1,682,681,683,-1,682,683,679,-1,679,683,684,-1,679,684,685,-1,673,686,674,-1,674,686,687,-1,674,687,675,-1,685,688,679,-1,679,688,689,-1,679,689,650,-1,650,689,690,-1,650,690,667,-1,652,672,647,-1,647,672,674,-1,647,674,635,-1,635,674,648,-1,635,648,691,-1,691,648,625,-1,691,625,692,-1,692,625,632,-1,564,560,630,-1,630,560,631,-1,576,578,640,-1,640,578,638,-1,681,680,568,-1,568,680,569,-1,655,654,570,-1,570,654,571,-1,643,642,593,-1,593,642,594,-1,271,270,693,-1,271,693,694,-1,694,693,695,-1,694,695,696,-1,696,695,697,-1,696,697,698,-1,698,697,699,-1,698,699,700,-1,700,699,701,-1,700,701,702,-1,702,701,703,-1,702,703,704,-1,705,706,707,-1,707,706,708,-1,707,708,709,-1,709,708,710,-1,709,710,711,-1,711,710,712,-1,711,712,713,-1,713,712,714,-1,713,714,715,-1,715,714,716,-1,715,716,107,-1,107,716,136,-1,
        ]
    }
}
Shape{
    appearance Appearance {
        material  Material 	{
            diffuseColor 1.0 1.0 0.0
            specularColor 0.5019607843137255 0.5019607843137255 0.0
            ambientIntensity 0.886
            transparency 0.0
            shininess 0.5
        }
    }
    geometry IndexedFaceSet {
        ccw TRUE
        solid FALSE
        coord DEF co Coordinate {
            point [
                -2.696 1.4638 0.0613, -2.6988 1.4638 0.0827, -2.6988 1.4638 0.0039, -2.6877 1.4638 0.0413, -2.6413 1.4638 0.0039, -2.6575 1.4638 0.0111, -2.6746 1.4638 0.0242, -2.6988 1.0701 0.0827, -2.696 1.0701 0.0613, -2.6988 1.0701 0.0039, -2.6877 1.0701 0.0413, -2.6746 1.0701 0.0242, -2.6575 1.0701 0.0111, -2.6413 1.0701 0.0039
            ]
        }
        coordIndex [
            0,1,2,-1,0,2,3,-1,4,5,2,-1,2,5,6,-1,2,6,3,-1,7,8,9,-1,9,8,10,-1,10,11,9,-1,9,11,12,-1,9,12,13,-1,
        ]
    }
}
Shape{
    appearance Appearance {
        material  Material 	{
            diffuseColor 1.0 1.0 1.0
            specularColor 0.5019607843137255 0.5019607843137255 0.5019607843137255
            ambientIntensity 1.0
            transparency 0.0
            shininess 0.5
        }
    }
    geometry IndexedFaceSet {
        ccw TRUE
        solid FALSE
        coord DEF co Coordinate {
            point [
                -2.6988 2.4165 0.6614, -2.6988 3.0071 0.6614, -2.6988 2.4165 0.1535, -2.6988 3.0071 0.0039, -2.6988 -0.7016 0.6614, -2.6988 0.3693 0.6614, -2.6988 -0.7016 0.0039, -2.6988 0.3693 0.1535, -2.6988 1.0701 0.0039, -2.6988 1.4638 0.0039, -2.6988 1.4638 0.0827, -2.6988 1.0701 0.0827, -2.6201 0.3693 0.6614, -2.6201 -0.7016 0.6614, -2.6201 0.3693 0.1535, -2.6201 -0.7016 0.0039, -2.6201 1.0701 0.0039, -2.6201 3.0071 0.6614, -2.6201 2.4165 0.6614, -2.6201 3.0071 0.0039, -2.6201 2.4165 0.1535, -2.6201 1.0701 0.0827, -2.6201 1.4638 0.0827, -2.6201 1.4638 0.0039, -2.6413 1.0701 0.0039, 2.2815 -3.2724 0.6614, 2.2028 -3.2724 0.6614, 2.2815 -3.2724 0.0827, 2.2028 -3.2724 0.0827, 2.2815 -2.7606 0.6614, 2.2815 -2.7606 0.0827, 2.2028 -3.1543 0.6614, 2.2028 -2.7606 0.6614, 2.2028 -2.7606 0.0827, 2.2028 -3.2724 0.6654, 2.2028 -3.1543 0.6654, 2.1988 -2.7606 0.6654, 2.1988 -2.7606 0.7441, 2.1998 -2.7606 0.6652, 2.2202 -2.7606 0.7413, 2.2008 -2.7606 0.6648, 2.2402 -2.7606 0.733, 2.2016 -2.7606 0.6642, 2.2573 -2.7606 0.7199, 2.2022 -2.7606 0.6634, 2.2704 -2.7606 0.7028, 2.2026 -2.7606 0.6624, 2.2787 -2.7606 0.6828
            ]
        }
        coordIndex [
            0,1,2,-1,2,1,3,-1,4,5,6,-1,6,5,7,-1,6,7,8,-1,3,9,2,-1,2,9,10,-1,2,10,7,-1,7,10,11,-1,7,11,8,-1,12,13,14,-1,14,13,15,-1,14,15,16,-1,17,18,19,-1,19,18,20,-1,16,21,14,-1,14,21,22,-1,14,22,20,-1,20,22,23,-1,20,23,19,-1,16,15,24,-1,24,15,6,-1,24,6,8,-1,25,26,27,-1,27,26,28,-1,29,25,30,-1,30,25,27,-1,31,32,33,-1,34,35,26,-1,26,35,31,-1,26,31,28,-1,28,31,33,-1,36,37,38,-1,38,37,39,-1,38,39,40,-1,40,39,41,-1,40,41,42,-1,42,41,43,-1,42,43,44,-1,44,43,45,-1,44,45,46,-1,46,45,47,-1,46,47,32,-1,32,47,29,-1,32,29,33,-1,33,29,30,-1,
        ]
    }
}
Shape{
    appearance Appearance {
        material  Material 	{
            diffuseColor 0.0 0.5019607843137255 0.7529411764705882
            specularColor 0.0 0.44313725490196076 0.6627450980392157
            ambientIntensity 0.3805
            transparency 0.0
            shininess 0.5
        }
    }
    geometry IndexedFaceSet {
        ccw TRUE
        solid FALSE
        coord DEF co Coordinate {
            point [
                2.2963 -1.422 0.7441, 2.2992 -1.422 0.7441, 2.2963 -1.422 0.6654, 2.2992 -1.422 0.6654, 2.4596 -2.3276 0.7441, 2.4567 -2.3276 0.7441, 2.4596 -2.3276 0.6654, 2.4567 -2.3276 0.6654
            ]
        }
        coordIndex [
            0,1,2,-1,2,1,3,-1,4,5,6,-1,6,5,7,-1,
        ]
    }
}
Shape{
    appearance Appearance {
        material  Material 	{
            diffuseColor 1.0 1.0 1.0
            specularColor 0.5019607843137255 0.5019607843137255 0.5019607843137255
            ambientIntensity 1.0
            transparency 0.0
            shininess 0.5
        }
    }
    geometry IndexedFaceSet {
        ccw TRUE
        solid FALSE
        coord DEF co Coordinate {
            point [
                2.4567 -1.3827 0.6654, 2.4567 -1.3827 0.7441, 2.4567 -1.422 0.6654, 2.4567 -1.422 0.7441, 2.2992 -2.3669 0.6654, 2.2992 -2.3669 0.7441, 2.2992 -2.3276 0.6654, 2.2992 -2.3276 0.7441, 2.0846 -2.3669 0.6654, 2.0846 -2.3669 0.7441, 2.2992 -1.3827 0.7441, 2.0846 -1.3827 0.7441, 2.2992 -1.3827 0.6654, 2.0846 -1.3827 0.6654, 2.6713 -2.3669 0.7441, 2.6713 -2.6819 0.7441, 2.6927 -2.6819 0.7413, 2.6927 -2.3669 0.7413, 2.7126 -2.6819 0.733, 2.7126 -2.3669 0.733, 2.7297 -2.6819 0.7199, 2.7297 -2.3669 0.7199, 2.7429 -2.6819 0.7028, 2.7429 -2.3669 0.7028, 2.7511 -2.6819 0.6828, 2.7511 -2.3669 0.6828, 2.7539 -2.6819 0.6614, 2.7539 -2.3669 0.6614, 2.6752 -2.3669 0.6614, 2.6752 -2.6819 0.6614, 2.6751 -2.3669 0.6624, 2.6751 -2.6819 0.6624, 2.6747 -2.3669 0.6634, 2.6747 -2.6819 0.6634, 2.674 -2.3669 0.6642, 2.674 -2.6819 0.6642, 2.6732 -2.3669 0.6648, 2.6732 -2.6819 0.6648, 2.6723 -2.3669 0.6652, 2.6723 -2.6819 0.6652, 2.6713 -2.3669 0.6654, 2.6713 -2.6819 0.6654, -2.6161 -1.6858 0.7441, -2.2264 -1.6858 0.7441, -2.6161 -1.6858 0.6654, -2.2264 -1.6858 0.6654, -2.6201 -1.6858 0.6614, -2.6201 -1.6858 0.0039, -2.6988 -1.6858 0.6614, -2.6988 -1.6858 0.0039, -2.6988 -0.7016 0.6614, -2.6988 -0.7016 0.0039, -2.6201 -0.7016 0.6614, -2.6201 -0.7016 0.0039, -2.6161 -0.7016 0.6654, -2.2264 -0.7016 0.6654, -2.6161 -0.7016 0.7441, -2.2264 -0.7016 0.7441, -2.6161 0.3693 0.7441, -2.6375 0.3693 0.7413, -2.6375 -0.7016 0.7413, -2.6575 0.3693 0.733, -2.6575 -0.7016 0.733, -2.6746 0.3693 0.7199, -2.6746 -0.7016 0.7199, -2.6877 0.3693 0.7028, -2.6877 -0.7016 0.7028, -2.696 0.3693 0.6828, -2.696 -0.7016 0.6828, -2.6988 0.3693 0.6614, -2.6201 0.3693 0.6614, -2.6199 -0.7016 0.6624, -2.6199 0.3693 0.6624, -2.6196 -0.7016 0.6634, -2.6196 0.3693 0.6634, -2.6189 -0.7016 0.6642, -2.6189 0.3693 0.6642, -2.6181 -0.7016 0.6648, -2.6181 0.3693 0.6648, -2.6172 -0.7016 0.6652, -2.6172 0.3693 0.6652, -2.6161 0.3693 0.6654, -2.6988 1.4638 0.0039, -2.6988 3.0071 0.0039, -2.6413 1.4638 0.0039, -2.6201 3.0071 0.0039, -2.6201 1.4638 0.0039, -2.502 0.3693 0.7441, -2.502 0.3693 0.6654, -2.6201 0.3693 0.1535, -2.6988 0.3693 0.1535, -2.6988 2.4165 0.6614, -2.6988 2.4165 0.1535, -2.6201 2.4165 0.6614, -2.6201 2.4165 0.1535, -2.6161 2.4165 0.6654, -2.3445 2.4165 0.6654, -2.6161 2.4165 0.7441, -2.3445 2.4165 0.7441, -2.6161 3.0071 0.7441, -2.6375 3.0071 0.7413, -2.6375 2.4165 0.7413, -2.6575 3.0071 0.733, -2.6575 2.4165 0.733, -2.6746 3.0071 0.7199, -2.6746 2.4165 0.7199, -2.6877 3.0071 0.7028, -2.6877 2.4165 0.7028, -2.696 3.0071 0.6828, -2.696 2.4165 0.6828, -2.6988 3.0071 0.6614, -2.6201 3.0071 0.6614, -2.6199 2.4165 0.6624, -2.6199 3.0071 0.6624, -2.6196 2.4165 0.6634, -2.6196 3.0071 0.6634, -2.6189 2.4165 0.6642, -2.6189 3.0071 0.6642, -2.6181 2.4165 0.6648, -2.6181 3.0071 0.6648, -2.6172 2.4165 0.6652, -2.6172 3.0071 0.6652, -2.6161 3.0071 0.6654, 2.7539 2.6134 0.6614, 2.7539 2.6134 0.0039, 2.6752 2.6134 0.6614, 2.6752 2.6134 0.0039, 2.6713 2.6134 0.6654, 2.439 2.6134 0.6654, 2.6713 2.6134 0.7441, 2.439 2.6134 0.7441, -2.4468 3.0071 0.6654, -2.4468 3.0071 0.7441, 2.0846 3.0071 0.6654, 2.0846 3.0071 0.7441, 2.439 3.0071 0.6654, 2.439 3.0071 0.7441, -2.3051 -3.2724 0.6654, -2.3051 -3.2724 0.7441, -2.6161 -3.2724 0.6654, -2.6161 -3.2724 0.7441, -2.6172 -3.2724 0.6652, -2.6201 -3.2724 0.6654, -2.6201 -3.2724 0.6614, -2.6199 -3.2724 0.6624, -2.6375 -3.2724 0.7413, -2.6575 -3.2724 0.733, -2.6746 -3.2724 0.7199, -2.6877 -3.2724 0.7028, -2.696 -3.2724 0.6828, -2.6987 -3.2724 0.6654, -2.6196 -3.2724 0.6634, -2.6189 -3.2724 0.6642, -2.6181 -3.2724 0.6648, -2.6987 -3.1937 0.6654, -2.6988 -3.1937 0.6614, -2.696 -1.6858 0.6828, -2.6877 -1.6858 0.7028, -2.6746 -1.6858 0.7199, -2.6575 -1.6858 0.733, -2.6375 -1.6858 0.7413, -2.6201 -3.1937 0.6614, -2.6199 -1.6858 0.6624, -2.6196 -1.6858 0.6634, -2.6189 -1.6858 0.6642, -2.6181 -1.6858 0.6648, -2.6172 -1.6858 0.6652, -2.6201 -2.9457 0.0039, -2.6201 -3.2724 0.0039, -2.6988 -2.9457 0.0039, -2.6988 -3.2724 0.0039, 2.6713 0.8885 0.7441, 2.6713 -1.3827 0.7441, 2.6927 -1.3827 0.7413, 2.6927 0.8885 0.7413, 2.7126 -1.3827 0.733, 2.7126 0.8885 0.733, 2.7297 -1.3827 0.7199, 2.7297 0.8885 0.7199, 2.7429 -1.3827 0.7028, 2.7429 0.8885 0.7028, 2.7511 -1.3827 0.6828, 2.7511 0.8885 0.6828, 2.7539 -1.3827 0.6614, 2.7539 0.8885 0.6614, 2.6752 0.8885 0.6614, 2.6752 -1.3827 0.6614, 2.6751 0.8885 0.6624, 2.6751 -1.3827 0.6624, 2.6747 0.8885 0.6634, 2.6747 -1.3827 0.6634, 2.674 0.8885 0.6642, 2.674 -1.3827 0.6642, 2.6732 0.8885 0.6648, 2.6732 -1.3827 0.6648, 2.6723 0.8885 0.6652, 2.6723 -1.3827 0.6652, 2.6713 0.8885 0.6654, 2.6713 -1.3827 0.6654, 2.7539 1.6543 0.6614, 2.7539 1.6543 0.1535, 2.7539 0.8885 0.1535, 2.7539 -2.6819 0.0039, 2.7539 -2.3669 0.1142, 2.7539 -1.3827 0.1142, 2.6752 -2.6819 0.0039, 2.6752 -2.3669 0.1142, 2.6752 -1.3827 0.1142, 2.6752 1.6543 0.6614, 2.6752 1.6543 0.1535, 2.6752 0.8885 0.1535, 2.6723 2.6134 0.6652, 2.6927 2.6134 0.7413, 2.6732 2.6134 0.6648, 2.7126 2.6134 0.733, 2.674 2.6134 0.6642, 2.7297 2.6134 0.7199, 2.6747 2.6134 0.6634, 2.7429 2.6134 0.7028, 2.6751 2.6134 0.6624, 2.7511 2.6134 0.6828, -1.9114 2.8102 0.7441, -1.9114 2.8102 0.6654, -2.4429 2.8102 0.7441, -2.4429 2.8102 0.6654, 2.0846 2.6134 0.7441, 2.0846 2.6134 0.6654, 1.9272 2.6134 0.7441, 1.9272 2.6134 0.6654, 1.5335 2.6134 0.7441, 1.5335 2.6134 0.6654, 1.376 2.6134 0.7441, 1.376 2.6134 0.6654, 1.376 2.8102 0.7441, 1.376 2.8102 0.6654, -1.7539 2.8102 0.7441, -1.7539 2.8102 0.6654, -1.7539 2.6134 0.7441, -1.7539 2.6134 0.6654, -1.9114 2.6134 0.7441, -1.9114 2.6134 0.6654, -2.3051 2.3772 0.6654, -2.3051 2.3772 0.7441, -2.3065 2.3874 0.6654, -2.3065 2.3874 0.7441, -2.3104 2.3968 0.6654, -2.3104 2.3968 0.7441, -2.3166 2.405 0.6654, -2.3166 2.405 0.7441, -2.3248 2.4113 0.6654, -2.3248 2.4113 0.7441, -2.3343 2.4152 0.6654, -2.3343 2.4152 0.7441, -2.3051 2.2197 0.7441, -2.3051 2.2197 0.6654, -1.9902 1.9835 0.7441, -1.9902 1.9835 0.6654, -1.9602 1.6963 0.6654, -1.9602 1.6963 0.7441, -1.934 1.7343 0.6654, -1.934 1.7343 0.7441, -1.9175 1.7775 0.6654, -1.9175 1.7775 0.7441, -1.9114 1.8233 0.6654, -1.9114 1.8233 0.7441, -1.9162 1.8692 0.6654, -1.9162 1.8692 0.7441, -1.9316 1.9128 0.6654, -1.9316 1.9128 0.7441, -1.9567 1.9516 0.6654, -1.9567 1.9516 0.7441, -2.3051 1.3026 0.7441, -2.3051 1.3026 0.6654, -2.3051 0.5939 0.7441, -2.3051 0.5939 0.6654, -2.4626 0.5939 0.7441, -2.4626 0.5939 0.6654, -2.4626 0.4087 0.7441, -2.4626 0.4087 0.6654, -2.4918 0.3706 0.6654, -2.4918 0.3706 0.7441, -2.4823 0.3746 0.6654, -2.4823 0.3746 0.7441, -2.4741 0.3808 0.6654, -2.4741 0.3808 0.7441, -2.4679 0.389 0.6654, -2.4679 0.389 0.7441, -2.4639 0.3985 0.6654, -2.4639 0.3985 0.7441, 2.0453 -2.3276 0.6654, 2.0453 -2.3276 0.7441, 2.0466 -2.3378 0.6654, 2.0466 -2.3378 0.7441, 2.0506 -2.3472 0.6654, 2.0506 -2.3472 0.7441, 2.0568 -2.3554 0.6654, 2.0568 -2.3554 0.7441, 2.065 -2.3617 0.6654, 2.065 -2.3617 0.7441, 2.0745 -2.3656 0.6654, 2.0745 -2.3656 0.7441, 2.0453 -1.422 0.7441, 2.0453 -1.422 0.6654, 2.0745 -1.384 0.6654, 2.0745 -1.384 0.7441, 2.065 -1.388 0.6654, 2.065 -1.388 0.7441, 2.0568 -1.3942 0.6654, 2.0568 -1.3942 0.7441, 2.0506 -1.4024 0.6654, 2.0506 -1.4024 0.7441, 2.0466 -1.4119 0.6654, 2.0466 -1.4119 0.7441, 2.4567 -2.3669 0.6654, 2.4567 -2.3669 0.7441, 2.2992 -1.422 0.7441, 2.2992 -1.422 0.6654, 2.4567 -2.3276 0.7441, 2.4567 -2.3276 0.6654
            ]
        }
        coordIndex [
            0,1,2,-1,2,1,3,-1,4,5,6,-1,6,5,7,-1,4,8,5,-1,5,8,9,-1,10,11,12,-1,12,11,13,-1,14,15,16,-1,14,16,17,-1,17,16,18,-1,17,18,19,-1,19,18,20,-1,19,20,21,-1,21,20,22,-1,21,22,23,-1,23,22,24,-1,23,24,25,-1,25,24,26,-1,25,26,27,-1,28,29,30,-1,30,29,31,-1,30,31,32,-1,32,31,33,-1,32,33,34,-1,34,33,35,-1,34,35,36,-1,36,35,37,-1,36,37,38,-1,38,37,39,-1,38,39,40,-1,40,39,41,-1,42,43,44,-1,44,43,45,-1,46,47,48,-1,48,47,49,-1,50,51,52,-1,52,51,53,-1,54,55,56,-1,56,55,57,-1,56,58,59,-1,56,59,60,-1,60,59,61,-1,60,61,62,-1,62,61,63,-1,62,63,64,-1,64,63,65,-1,64,65,66,-1,66,65,67,-1,66,67,68,-1,68,67,69,-1,68,69,50,-1,52,70,71,-1,71,70,72,-1,71,72,73,-1,73,72,74,-1,73,74,75,-1,75,74,76,-1,75,76,77,-1,77,76,78,-1,77,78,79,-1,79,78,80,-1,79,80,54,-1,54,80,81,-1,82,83,84,-1,84,83,85,-1,84,85,86,-1,58,87,81,-1,81,87,88,-1,70,89,69,-1,69,89,90,-1,91,92,93,-1,93,92,94,-1,95,96,97,-1,97,96,98,-1,97,99,100,-1,97,100,101,-1,101,100,102,-1,101,102,103,-1,103,102,104,-1,103,104,105,-1,105,104,106,-1,105,106,107,-1,107,106,108,-1,107,108,109,-1,109,108,110,-1,109,110,91,-1,93,111,112,-1,112,111,113,-1,112,113,114,-1,114,113,115,-1,114,115,116,-1,116,115,117,-1,116,117,118,-1,118,117,119,-1,118,119,120,-1,120,119,121,-1,120,121,95,-1,95,121,122,-1,123,124,125,-1,125,124,126,-1,127,128,129,-1,129,128,130,-1,122,99,131,-1,131,99,132,-1,133,134,135,-1,135,134,136,-1,137,138,139,-1,139,138,140,-1,141,139,140,-1,142,143,144,-1,140,145,142,-1,142,145,146,-1,142,146,147,-1,147,148,142,-1,142,148,149,-1,142,149,150,-1,144,151,142,-1,142,151,152,-1,142,152,140,-1,140,152,153,-1,140,153,141,-1,111,110,113,-1,113,110,108,-1,113,108,115,-1,115,108,106,-1,115,106,117,-1,117,106,104,-1,117,104,119,-1,119,104,102,-1,119,102,121,-1,121,102,100,-1,121,100,122,-1,122,100,99,-1,154,150,149,-1,48,155,156,-1,156,155,154,-1,154,149,156,-1,156,149,148,-1,156,148,157,-1,157,148,147,-1,157,147,158,-1,158,147,146,-1,158,146,159,-1,159,146,145,-1,159,145,160,-1,160,145,140,-1,160,140,42,-1,161,46,162,-1,143,161,144,-1,144,161,162,-1,144,162,151,-1,151,162,163,-1,151,163,152,-1,152,163,164,-1,152,164,153,-1,153,164,165,-1,153,165,141,-1,141,165,166,-1,141,166,139,-1,139,166,44,-1,85,83,111,-1,111,83,110,-1,167,168,169,-1,169,168,170,-1,171,172,173,-1,171,173,174,-1,174,173,175,-1,174,175,176,-1,176,175,177,-1,176,177,178,-1,178,177,179,-1,178,179,180,-1,180,179,181,-1,180,181,182,-1,182,181,183,-1,182,183,184,-1,185,186,187,-1,187,186,188,-1,187,188,189,-1,189,188,190,-1,189,190,191,-1,191,190,192,-1,191,192,193,-1,193,192,194,-1,193,194,195,-1,195,194,196,-1,195,196,197,-1,197,196,198,-1,124,123,199,-1,199,200,124,-1,124,200,201,-1,124,201,202,-1,27,26,203,-1,203,26,202,-1,203,202,204,-1,204,202,201,-1,204,201,183,-1,183,201,184,-1,205,29,28,-1,28,206,205,-1,205,206,207,-1,205,207,126,-1,208,125,209,-1,209,125,126,-1,209,126,210,-1,210,126,207,-1,210,207,185,-1,185,207,186,-1,205,126,202,-1,202,126,124,-1,127,129,211,-1,211,129,212,-1,211,212,213,-1,213,212,214,-1,213,214,215,-1,215,214,216,-1,215,216,217,-1,217,216,218,-1,217,218,219,-1,219,218,220,-1,219,220,125,-1,125,220,123,-1,130,128,136,-1,136,128,135,-1,221,222,223,-1,223,222,224,-1,225,226,227,-1,227,226,228,-1,229,230,231,-1,231,230,232,-1,231,232,233,-1,233,232,234,-1,233,234,235,-1,235,234,236,-1,235,236,237,-1,237,236,238,-1,237,238,239,-1,239,238,240,-1,239,240,221,-1,221,240,222,-1,134,133,225,-1,225,133,226,-1,241,242,243,-1,243,242,244,-1,243,244,245,-1,245,244,246,-1,245,246,247,-1,247,246,248,-1,247,248,249,-1,249,248,250,-1,249,250,251,-1,251,250,252,-1,251,252,96,-1,96,252,98,-1,242,241,253,-1,253,241,254,-1,253,254,255,-1,255,254,256,-1,257,258,259,-1,259,258,260,-1,259,260,261,-1,261,260,262,-1,261,262,263,-1,263,262,264,-1,263,264,265,-1,265,264,266,-1,265,266,267,-1,267,266,268,-1,267,268,269,-1,269,268,270,-1,269,270,256,-1,256,270,255,-1,258,257,271,-1,271,257,272,-1,271,272,273,-1,273,272,274,-1,273,274,275,-1,275,274,276,-1,275,276,277,-1,277,276,278,-1,88,87,279,-1,279,87,280,-1,279,280,281,-1,281,280,282,-1,281,282,283,-1,283,282,284,-1,283,284,285,-1,285,284,286,-1,285,286,287,-1,287,286,288,-1,287,288,278,-1,278,288,277,-1,95,97,120,-1,120,97,101,-1,120,101,118,-1,118,101,103,-1,118,103,116,-1,116,103,105,-1,116,105,114,-1,114,105,107,-1,114,107,112,-1,112,107,109,-1,112,109,93,-1,93,109,91,-1,70,69,72,-1,72,69,67,-1,72,67,74,-1,74,67,65,-1,74,65,76,-1,76,65,63,-1,76,63,78,-1,78,63,61,-1,78,61,80,-1,80,61,59,-1,80,59,81,-1,81,59,58,-1,92,90,94,-1,94,90,89,-1,57,55,43,-1,43,55,45,-1,54,56,79,-1,79,56,60,-1,79,60,77,-1,77,60,62,-1,77,62,75,-1,75,62,64,-1,75,64,73,-1,73,64,66,-1,73,66,71,-1,71,66,68,-1,71,68,52,-1,52,68,50,-1,46,48,162,-1,162,48,156,-1,162,156,163,-1,163,156,157,-1,163,157,164,-1,164,157,158,-1,164,158,165,-1,165,158,159,-1,165,159,166,-1,166,159,160,-1,166,160,44,-1,44,160,42,-1,289,290,291,-1,291,290,292,-1,291,292,293,-1,293,292,294,-1,293,294,295,-1,295,294,296,-1,295,296,297,-1,297,296,298,-1,297,298,299,-1,299,298,300,-1,299,300,8,-1,8,300,9,-1,290,289,301,-1,301,289,302,-1,13,11,303,-1,303,11,304,-1,303,304,305,-1,305,304,306,-1,305,306,307,-1,307,306,308,-1,307,308,309,-1,309,308,310,-1,309,310,311,-1,311,310,312,-1,311,312,302,-1,302,312,301,-1,313,314,40,-1,40,314,14,-1,40,14,38,-1,38,14,17,-1,38,17,36,-1,36,17,19,-1,36,19,34,-1,34,19,21,-1,34,21,32,-1,32,21,23,-1,32,23,30,-1,30,23,25,-1,30,25,28,-1,28,25,27,-1,28,27,206,-1,206,27,203,-1,207,204,186,-1,186,204,183,-1,186,183,188,-1,188,183,181,-1,188,181,190,-1,190,181,179,-1,190,179,192,-1,192,179,177,-1,192,177,194,-1,194,177,175,-1,194,175,196,-1,196,175,173,-1,196,173,198,-1,198,173,172,-1,198,172,0,-1,0,172,1,-1,203,204,206,-1,206,204,207,-1,10,12,315,-1,315,12,316,-1,314,313,317,-1,317,313,318,-1,
        ]
    }
}
Shape{
    appearance Appearance {
        material  Material 	{
            diffuseColor 0.0 0.5019607843137255 0.7529411764705882
            specularColor 0.0 0.44313725490196076 0.6627450980392157
            ambientIntensity 0.3805
            transparency 0.0
            shininess 0.5
        }
    }
    geometry IndexedFaceSet {
        ccw TRUE
        solid FALSE
        coord DEF co Coordinate {
            point [
                2.2992 -2.3276 0.6654, 2.2992 -2.3276 0.7441, 2.2963 -2.3276 0.6654, 2.2963 -2.3276 0.7441, 2.4567 -1.422 0.6654, 2.4567 -1.422 0.7441, 2.4596 -1.422 0.6654, 2.4596 -1.422 0.7441
            ]
        }
        coordIndex [
            0,1,2,-1,2,1,3,-1,4,5,6,-1,6,5,7,-1,
        ]
    }
}
Shape{
    appearance Appearance {
        material  Material 	{
            diffuseColor 1.0 1.0 1.0
            specularColor 0.5019607843137255 0.5019607843137255 0.5019607843137255
            ambientIntensity 1.0
            transparency 0.0
            shininess 0.5
        }
    }
    geometry IndexedFaceSet {
        ccw TRUE
        solid FALSE
        coord DEF co Coordinate {
            point [
                2.4596 -1.422 0.6654, 2.4596 -1.422 0.7441, 2.4606 -1.422 0.6652, 2.481 -1.422 0.7413, 2.4615 -1.422 0.6648, 2.5009 -1.422 0.733, 2.4615 -2.3276 0.6648, 2.5009 -2.3276 0.733, 2.4606 -2.3276 0.6652, 2.481 -2.3276 0.7413, 2.4596 -2.3276 0.6654, 2.4596 -2.3276 0.7441, 2.6128 -2.3276 0.5775, 2.6522 -2.3276 0.6457, 2.6522 -1.422 0.6457, 2.6128 -1.422 0.5775, 2.2963 -2.3276 0.6654, 2.2963 -2.3276 0.7441, 2.2953 -2.3276 0.6652, 2.2749 -2.3276 0.7413, 2.2944 -2.3276 0.6648, 2.255 -2.3276 0.733, 2.2944 -1.422 0.6648, 2.255 -1.422 0.733, 2.2953 -1.422 0.6652, 2.2749 -1.422 0.7413, 2.2963 -1.422 0.6654, 2.2963 -1.422 0.7441, 2.1431 -1.422 0.5775, 2.1037 -1.422 0.6457, 2.1037 -2.3276 0.6457, 2.1431 -2.3276 0.5775, 2.6752 -2.6819 0.0039, 2.7539 -2.6819 0.0039, 2.6752 -2.6819 0.6614, 2.7539 -2.6819 0.6614, 2.6751 -2.6819 0.6624, 2.7511 -2.6819 0.6828, 2.6747 -2.6819 0.6634, 2.7429 -2.6819 0.7028, 2.674 -2.6819 0.6642, 2.7297 -2.6819 0.7199, 2.6732 -2.6819 0.6648, 2.7126 -2.6819 0.733, 2.6723 -2.6819 0.6652, 2.6927 -2.6819 0.7413, 2.6713 -2.6819 0.6654, 2.6713 -2.6819 0.7441, 2.1988 -2.6819 0.6654, 2.1988 -2.6819 0.7441, 2.1988 -3.2724 0.7441, 2.1988 -3.2724 0.6654, 2.2202 -3.2724 0.7413, 2.2028 -3.2724 0.6654, 2.2402 -3.2724 0.733, 2.2815 -3.2724 0.6614, 2.2787 -3.2724 0.6828, 2.2028 -3.2724 0.6614, 2.2704 -3.2724 0.7028, 2.2573 -3.2724 0.7199, 2.1988 -3.2331 0.7441, 2.1988 -2.7606 0.7441, 2.2202 -2.7606 0.7413, 2.2402 -2.7606 0.733, 2.2573 -2.7606 0.7199, 2.2704 -2.7606 0.7028, 2.2787 -2.7606 0.6828, 2.2815 -2.7606 0.6614, 2.2028 -2.7606 0.6614, 2.2028 -3.1543 0.6614, 2.2026 -2.7606 0.6624, 2.2026 -3.1543 0.6624, 2.2022 -2.7606 0.6634, 2.2022 -3.1543 0.6634, 2.2016 -2.7606 0.6642, 2.2016 -3.1543 0.6642, 2.2008 -2.7606 0.6648, 2.2008 -3.1543 0.6648, 2.1998 -2.7606 0.6652, 2.1998 -3.1543 0.6652, 2.1988 -2.7606 0.6654, 2.1988 -3.1543 0.6654
            ]
        }
        coordIndex [
            0,1,2,-1,2,1,3,-1,2,3,4,-1,4,3,5,-1,6,7,8,-1,8,7,9,-1,8,9,10,-1,10,9,11,-1,1,11,9,-1,1,9,3,-1,3,9,7,-1,3,7,5,-1,4,6,2,-1,2,6,8,-1,2,8,0,-1,0,8,10,-1,12,13,6,-1,6,13,7,-1,14,15,5,-1,5,15,4,-1,13,14,7,-1,7,14,5,-1,4,15,6,-1,6,15,12,-1,14,13,15,-1,15,13,12,-1,16,17,18,-1,18,17,19,-1,18,19,20,-1,20,19,21,-1,22,23,24,-1,24,23,25,-1,24,25,26,-1,26,25,27,-1,17,27,25,-1,17,25,19,-1,19,25,23,-1,19,23,21,-1,20,22,18,-1,18,22,24,-1,18,24,16,-1,16,24,26,-1,28,29,22,-1,22,29,23,-1,30,31,21,-1,21,31,20,-1,29,30,23,-1,23,30,21,-1,20,31,22,-1,22,31,28,-1,30,29,31,-1,31,29,28,-1,32,33,34,-1,34,33,35,-1,34,35,36,-1,36,35,37,-1,36,37,38,-1,38,37,39,-1,38,39,40,-1,40,39,41,-1,40,41,42,-1,42,41,43,-1,42,43,44,-1,44,43,45,-1,44,45,46,-1,46,45,47,-1,46,47,48,-1,48,47,49,-1,50,51,52,-1,52,51,53,-1,52,53,54,-1,55,56,57,-1,57,56,58,-1,57,58,53,-1,53,58,59,-1,53,59,54,-1,60,50,52,-1,60,52,61,-1,61,52,62,-1,62,52,54,-1,62,54,63,-1,63,54,59,-1,63,59,64,-1,64,59,58,-1,64,58,65,-1,65,58,56,-1,65,56,66,-1,66,56,55,-1,66,55,67,-1,68,69,70,-1,70,69,71,-1,70,71,72,-1,72,71,73,-1,72,73,74,-1,74,73,75,-1,74,75,76,-1,76,75,77,-1,76,77,78,-1,78,77,79,-1,78,79,80,-1,80,79,81,-1,61,80,49,-1,49,80,48,-1,
        ]
    }
}
Shape{
    appearance Appearance {
        material  Material 	{
            diffuseColor 1.0 1.0 0.0
            specularColor 0.5019607843137255 0.5019607843137255 0.0
            ambientIntensity 0.886
            transparency 0.0
            shininess 0.5
        }
    }
    geometry IndexedFaceSet {
        ccw TRUE
        solid FALSE
        coord DEF co Coordinate {
            point [
                2.2815 -3.2724 0.0827, 2.2028 -3.2724 0.0827, 2.2816 -3.2724 0.0817, 2.2056 -3.2724 0.0613, 2.282 -3.2724 0.0807, 2.2138 -3.2724 0.0413, 2.2827 -3.2724 0.0799, 2.227 -3.2724 0.0242, 2.2835 -3.2724 0.0793, 2.2441 -3.2724 0.0111, 2.2844 -3.2724 0.0789, 2.264 -3.2724 0.0028, 2.2854 -3.2724 0.0787, 2.2854 -3.2724 0.0, 2.2854 -2.7606 0.0787, 2.2854 -2.7606 0.0, 2.2844 -2.7606 0.0789, 2.264 -2.7606 0.0028, 2.2835 -2.7606 0.0793, 2.2441 -2.7606 0.0111, 2.2827 -2.7606 0.0799, 2.227 -2.7606 0.0242, 2.282 -2.7606 0.0807, 2.2138 -2.7606 0.0413, 2.2816 -2.7606 0.0817, 2.2056 -2.7606 0.0613, 2.2815 -2.7606 0.0827, 2.2028 -2.7606 0.0827, 2.6752 -2.7606 0.0, 2.6752 -2.7606 0.0787, 2.6752 -3.2724 0.0787, 2.6752 -3.2724 0.0, 2.7539 -2.8394 0.0, 2.7539 -2.8984 0.0, 2.7234 -2.9025 0.0, 2.6358 -3.0165 0.0, 2.6399 -3.0471 0.0, 2.7146 -2.7712 0.0, 2.7309 -2.7837 0.0, 2.7434 -2.8 0.0, 2.6399 -2.986 0.0, 2.6517 -2.9575 0.0, 2.7234 -3.1306 0.0, 2.6956 -3.2698 0.0, 2.6949 -3.1188 0.0, 2.6704 -3.1001 0.0, 2.6517 -3.0756 0.0, 2.7513 -2.819 0.0, 2.6956 -2.7633 0.0, 2.6949 -2.9143 0.0, 2.6704 -2.933 0.0, 2.7309 -3.2494 0.0, 2.7539 -3.1937 0.0, 2.7434 -3.2331 0.0, 2.7513 -3.2141 0.0, 2.7539 -3.1346 0.0, 2.7146 -3.2619 0.0, 2.7539 -3.1937 0.0787, 2.7539 -3.1346 0.0787, 2.7234 -3.1306 0.0787, 2.7146 -3.2619 0.0787, 2.7309 -3.2494 0.0787, 2.7434 -3.2331 0.0787, 2.7513 -3.2141 0.0787, 2.6956 -3.2698 0.0787, 2.6949 -3.1188 0.0787, 2.6704 -3.1001 0.0787, 2.6517 -3.0756 0.0787, 2.6399 -3.0471 0.0787, 2.6358 -3.0165 0.0787, 2.6399 -2.986 0.0787, 2.6517 -2.9575 0.0787, 2.6704 -2.933 0.0787, 2.6949 -2.9143 0.0787, 2.6956 -2.7633 0.0787, 2.7234 -2.9025 0.0787, 2.7539 -2.8984 0.0787, 2.7539 -2.8394 0.0787, 2.7513 -2.819 0.0787, 2.7434 -2.8 0.0787, 2.7146 -2.7712 0.0787, 2.7309 -2.7837 0.0787, -2.6413 1.4638 0.0039, -2.6201 1.4638 0.0039, -2.6375 1.4638 0.0028, -2.6161 1.4638 0.0, -2.6161 1.4638 0.0787, -2.6172 1.4638 0.0789, -2.6181 1.4638 0.0793, -2.6189 1.4638 0.0799, -2.6201 1.4638 0.0827, -2.6199 1.4638 0.0817, -2.6196 1.4638 0.0807, -2.6161 1.0701 0.0, -2.6201 1.0701 0.0039, -2.6375 1.0701 0.0028, -2.6413 1.0701 0.0039, -2.6181 1.0701 0.0793, -2.6189 1.0701 0.0799, -2.6161 1.0701 0.0787, -2.6172 1.0701 0.0789, -2.6196 1.0701 0.0807, -2.6199 1.0701 0.0817, -2.6201 1.0701 0.0827, -2.6988 1.0701 0.0827, -2.6988 1.4638 0.0827, -2.696 1.4638 0.0613, -2.696 1.0701 0.0613, -2.6877 1.4638 0.0413, -2.6877 1.0701 0.0413, -2.6746 1.4638 0.0242, -2.6746 1.0701 0.0242, -2.6575 1.4638 0.0111, -2.6575 1.0701 0.0111, -2.3839 1.4638 0.0787, -2.3839 1.4638 0.0, -2.3839 1.0701 0.0, -2.3839 1.0701 0.0787
            ]
        }
        coordIndex [
            0,1,2,-1,2,1,3,-1,2,3,4,-1,4,3,5,-1,4,5,6,-1,6,5,7,-1,6,7,8,-1,8,7,9,-1,8,9,10,-1,10,9,11,-1,10,11,12,-1,12,11,13,-1,14,15,16,-1,16,15,17,-1,16,17,18,-1,18,17,19,-1,18,19,20,-1,20,19,21,-1,20,21,22,-1,22,21,23,-1,22,23,24,-1,24,23,25,-1,24,25,26,-1,26,25,27,-1,1,27,25,-1,1,25,3,-1,3,25,23,-1,3,23,5,-1,5,23,21,-1,5,21,7,-1,7,21,19,-1,7,19,9,-1,9,19,17,-1,9,17,11,-1,11,17,15,-1,11,15,13,-1,12,14,10,-1,10,14,16,-1,10,16,8,-1,8,16,18,-1,8,18,6,-1,6,18,20,-1,6,20,4,-1,4,20,22,-1,4,22,2,-1,2,22,24,-1,2,24,0,-1,0,24,26,-1,28,15,29,-1,29,15,14,-1,30,12,31,-1,31,12,13,-1,32,33,34,-1,13,35,36,-1,37,38,39,-1,35,13,40,-1,40,13,15,-1,40,15,41,-1,42,43,44,-1,44,43,31,-1,44,31,45,-1,45,31,13,-1,45,13,46,-1,46,13,36,-1,39,47,37,-1,37,47,32,-1,37,32,48,-1,48,32,34,-1,48,34,28,-1,28,34,49,-1,28,49,15,-1,15,49,50,-1,15,50,41,-1,51,52,53,-1,53,52,54,-1,42,55,43,-1,43,55,52,-1,43,52,56,-1,56,52,51,-1,57,58,59,-1,60,61,57,-1,57,61,62,-1,57,62,63,-1,60,57,64,-1,64,57,59,-1,64,59,30,-1,30,59,65,-1,30,65,12,-1,12,65,66,-1,12,66,67,-1,67,68,12,-1,12,68,69,-1,12,69,14,-1,14,69,70,-1,70,71,14,-1,14,71,72,-1,14,72,29,-1,29,72,73,-1,29,73,74,-1,73,75,74,-1,74,75,76,-1,74,76,77,-1,77,78,74,-1,74,78,79,-1,74,79,80,-1,80,79,81,-1,52,55,57,-1,57,55,58,-1,82,83,84,-1,84,83,85,-1,86,85,87,-1,87,85,83,-1,87,83,88,-1,88,83,89,-1,90,91,83,-1,83,91,92,-1,83,92,89,-1,93,94,95,-1,95,94,96,-1,94,97,98,-1,93,99,94,-1,94,99,100,-1,94,100,97,-1,98,101,94,-1,94,101,102,-1,94,102,103,-1,104,105,106,-1,104,106,107,-1,107,106,108,-1,107,108,109,-1,109,108,110,-1,109,110,111,-1,111,110,112,-1,111,112,113,-1,113,112,96,-1,96,112,82,-1,96,82,95,-1,82,84,95,-1,95,84,85,-1,95,85,93,-1,99,86,100,-1,100,86,87,-1,100,87,97,-1,97,87,88,-1,97,88,98,-1,98,88,89,-1,98,89,101,-1,101,89,92,-1,101,92,102,-1,102,92,91,-1,102,91,103,-1,103,91,90,-1,114,115,86,-1,86,115,85,-1,116,117,93,-1,93,117,99,-1,115,116,85,-1,85,116,93,-1,99,117,86,-1,86,117,114,-1,116,115,117,-1,117,115,114,-1,
        ]
    }
}
Shape{
    appearance Appearance {
        material  Material 	{
            diffuseColor 1.0 1.0 1.0
            specularColor 0.5019607843137255 0.5019607843137255 0.5019607843137255
            ambientIntensity 1.0
            transparency 0.0
            shininess 0.5
        }
    }
    geometry IndexedFaceSet {
        ccw TRUE
        solid FALSE
        coord DEF co Coordinate {
            point [
                1.12 -0.4995 0.6654, 1.12 -0.4995 0.7441, 1.1273 -0.4414 0.6654, 1.1273 -0.4414 0.7441, 0.8081 -1.73 0.6654, 0.8081 -1.73 0.7441, 0.8081 -2.2147 0.6654, 0.8081 -2.2147 0.7441, 0.69 -2.2147 0.6654, 0.69 -2.2147 0.7441, 0.692 -2.23 0.6654, 0.692 -2.23 0.7441, 0.6979 -2.2442 0.6654, 0.6979 -2.2442 0.7441, 0.7073 -2.2565 0.6654, 0.7073 -2.2565 0.7441, 0.7196 -2.2659 0.6654, 0.7196 -2.2659 0.7441, 0.7338 -2.2718 0.6654, 0.7338 -2.2718 0.7441, 0.7491 -2.2738 0.6654, 0.7491 -2.2738 0.7441, 0.7644 -2.2718 0.6654, 0.7644 -2.2718 0.7441, 0.7786 -2.2659 0.6654, 0.7786 -2.2659 0.7441, 0.7908 -2.2565 0.6654, 0.7908 -2.2565 0.7441, 0.8002 -2.2442 0.6654, 0.8002 -2.2442 0.7441, 0.8061 -2.23 0.6654, 0.8061 -2.23 0.7441, 0.69 -1.73 0.6654, 0.69 -1.73 0.7441, 0.6937 -1.701 0.6654, 0.6937 -1.701 0.7441, 1.0055 -0.4704 0.6654, 1.0055 -0.4704 0.7441, 1.0091 -0.4414 0.7441, 1.0091 -0.4414 0.6654, 1.0091 -0.2508 0.6654, 1.0091 -0.2508 0.7441, 1.1273 -0.1327 0.6654, 1.1273 -0.1327 0.7441, 1.0967 -0.1367 0.6654, 1.0967 -0.1367 0.7441, 1.0682 -0.1485 0.6654, 1.0682 -0.1485 0.7441, 1.0437 -0.1673 0.6654, 1.0437 -0.1673 0.7441, 1.025 -0.1917 0.6654, 1.025 -0.1917 0.7441, 1.0132 -0.2202 0.6654, 1.0132 -0.2202 0.7441, 1.294 -0.1327 0.6654, 1.294 -0.1327 0.7441, 1.4121 -0.2508 0.6654, 1.4121 -0.2508 0.7441, 1.4081 -0.2202 0.6654, 1.4081 -0.2202 0.7441, 1.3963 -0.1917 0.6654, 1.3963 -0.1917 0.7441, 1.3775 -0.1673 0.6654, 1.3775 -0.1673 0.7441, 1.3531 -0.1485 0.6654, 1.3531 -0.1485 0.7441, 1.3246 -0.1367 0.6654, 1.3246 -0.1367 0.7441, 1.4121 -2.2147 0.6654, 1.4121 -2.2147 0.7441, 1.294 -2.2147 0.6654, 1.294 -2.2147 0.7441, 1.296 -2.23 0.6654, 1.296 -2.23 0.7441, 1.3019 -2.2442 0.6654, 1.3019 -2.2442 0.7441, 1.3113 -2.2565 0.6654, 1.3113 -2.2565 0.7441, 1.3236 -2.2659 0.6654, 1.3236 -2.2659 0.7441, 1.3378 -2.2718 0.6654, 1.3378 -2.2718 0.7441, 1.3531 -2.2738 0.6654, 1.3531 -2.2738 0.7441, 1.3684 -2.2718 0.6654, 1.3684 -2.2718 0.7441, 1.3826 -2.2659 0.6654, 1.3826 -2.2659 0.7441, 1.3948 -2.2565 0.6654, 1.3948 -2.2565 0.7441, 1.4042 -2.2442 0.6654, 1.4042 -2.2442 0.7441, 1.4101 -2.23 0.6654, 1.4101 -2.23 0.7441, 1.294 -0.2508 0.6654, 1.294 -0.2508 0.7441, 1.1273 -0.2508 0.6654, 1.1273 -0.2508 0.7441, -1.9264 -2.2147 0.6654, -1.9264 -2.2147 0.7441, -1.9244 -2.23 0.6654, -1.9244 -2.23 0.7441, -1.9185 -2.2442 0.6654, -1.9185 -2.2442 0.7441, -1.9091 -2.2565 0.6654, -1.9091 -2.2565 0.7441, -1.8969 -2.2659 0.6654, -1.8969 -2.2659 0.7441, -1.8826 -2.2718 0.6654, -1.8826 -2.2718 0.7441, -1.8673 -2.2738 0.6654, -1.8673 -2.2738 0.7441, -1.8521 -2.2718 0.6654, -1.8521 -2.2718 0.7441, -1.8378 -2.2659 0.6654, -1.8378 -2.2659 0.7441, -1.8256 -2.2565 0.6654, -1.8256 -2.2565 0.7441, -1.8162 -2.2442 0.6654, -1.8162 -2.2442 0.7441, -1.8103 -2.23 0.6654, -1.8103 -2.23 0.7441, -1.8083 -2.2147 0.6654, -1.8083 -2.2147 0.7441, -1.9264 -0.2508 0.6654, -1.9264 -0.2508 0.7441, -1.8083 -0.1327 0.6654, -1.8083 -0.1327 0.7441, -1.8389 -0.1367 0.6654, -1.8389 -0.1367 0.7441, -1.8673 -0.1485 0.6654, -1.8673 -0.1485 0.7441, -1.8918 -0.1673 0.6654, -1.8918 -0.1673 0.7441, -1.9106 -0.1917 0.6654, -1.9106 -0.1917 0.7441, -1.9224 -0.2202 0.6654, -1.9224 -0.2202 0.7441, -1.6415 -0.1327 0.6654, -1.6415 -0.1327 0.7441, -1.5234 -0.2508 0.6654, -1.5234 -0.2508 0.7441, -1.5274 -0.2202 0.6654, -1.5274 -0.2202 0.7441, -1.5392 -0.1917 0.6654, -1.5392 -0.1917 0.7441, -1.558 -0.1673 0.6654, -1.558 -0.1673 0.7441, -1.5825 -0.1485 0.6654, -1.5825 -0.1485 0.7441, -1.611 -0.1367 0.6654, -1.611 -0.1367 0.7441, -1.5234 -0.4414 0.6654, -1.5234 -0.4414 0.7441, -1.5198 -0.4704 0.7441, -1.5198 -0.4704 0.6654, -1.2079 -1.701 0.6654, -1.2079 -1.701 0.7441, -1.2043 -1.73 0.6654, -1.2043 -1.73 0.7441, -1.2043 -2.2147 0.6654, -1.2043 -2.2147 0.7441, -1.3224 -2.2147 0.6654, -1.3224 -2.2147 0.7441, -1.3204 -2.23 0.6654, -1.3204 -2.23 0.7441, -1.3145 -2.2442 0.6654, -1.3145 -2.2442 0.7441, -1.3051 -2.2565 0.6654, -1.3051 -2.2565 0.7441, -1.2929 -2.2659 0.6654, -1.2929 -2.2659 0.7441, -1.2786 -2.2718 0.6654, -1.2786 -2.2718 0.7441, -1.2634 -2.2738 0.6654, -1.2634 -2.2738 0.7441, -1.2481 -2.2718 0.6654, -1.2481 -2.2718 0.7441, -1.2338 -2.2659 0.6654, -1.2338 -2.2659 0.7441, -1.2216 -2.2565 0.6654, -1.2216 -2.2565 0.7441, -1.2122 -2.2442 0.6654, -1.2122 -2.2442 0.7441, -1.2063 -2.23 0.6654, -1.2063 -2.23 0.7441, -1.3224 -1.73 0.6654, -1.3224 -1.73 0.7441, -1.6343 -0.4995 0.6654, -1.6343 -0.4995 0.7441, -1.6415 -0.4414 0.6654, -1.6415 -0.4414 0.7441, -1.6415 -0.2508 0.6654, -1.6415 -0.2508 0.7441, -1.8083 -0.2508 0.6654, -1.8083 -0.2508 0.7441, 1.6133 2.2445 0.6654, 2.1915 2.2445 0.6654, 1.6133 2.2445 0.7441, 2.1915 2.2445 0.7441, 2.1915 0.011 0.6654, 2.1915 0.011 0.7441, 1.7846 0.011 0.6654, 1.7846 0.011 0.7441, 1.7846 1.5876 0.6654, 1.7846 1.5876 0.7441, 1.5484 0.7608 0.6654, 1.5056 0.7608 0.6654, 1.5484 0.7608 0.7441, 1.5056 0.7608 0.7441, 1.5056 1.2143 0.6654, 1.5056 1.2143 0.7441, 1.6133 1.7958 0.6654, 1.6133 1.7958 0.7441, 1.5484 1.2332 0.6654, 1.5484 1.2332 0.7441, 1.6869 1.9813 0.6654, 1.6869 1.9813 0.7441, 2.0806 1.9813 0.6654, 2.0806 1.9813 0.7441, 2.0806 1.5876 0.6654, 2.0806 1.5876 0.7441, 2.5796 0.8885 0.7441, 2.5796 0.8885 0.6654, 2.5796 1.6543 0.7441, 2.5796 1.6543 0.6654, 2.6752 1.6543 0.1535, 2.7539 1.6543 0.1535, 2.6752 1.6543 0.6614, 2.7539 1.6543 0.6614, 2.6751 1.6543 0.6624, 2.7511 1.6543 0.6828, 2.6747 1.6543 0.6634, 2.7429 1.6543 0.7028, 2.674 1.6543 0.6642, 2.7297 1.6543 0.7199, 2.6732 1.6543 0.6648, 2.7126 1.6543 0.733, 2.6723 1.6543 0.6652, 2.6927 1.6543 0.7413, 2.6713 1.6543 0.6654, 2.6713 1.6543 0.7441, 2.6713 0.8885 0.6654, 2.6713 0.8885 0.7441, 2.6723 0.8885 0.6652, 2.6927 0.8885 0.7413, 2.6732 0.8885 0.6648, 2.7126 0.8885 0.733, 2.674 0.8885 0.6642, 2.7297 0.8885 0.7199, 2.6747 0.8885 0.6634, 2.7429 0.8885 0.7028, 2.6751 0.8885 0.6624, 2.7511 0.8885 0.6828, 2.6752 0.8885 0.6614, 2.7539 0.8885 0.6614, 2.6752 0.8885 0.1535, 2.7539 0.8885 0.1535, -2.6201 -2.9457 0.0039, -2.6988 -2.9457 0.0039, -2.6201 -2.943 0.0243, -2.6988 -2.943 0.0243, -2.6201 -2.9351 0.0433, -2.6988 -2.9351 0.0433, -2.6201 -2.9226 0.0596, -2.6988 -2.9226 0.0596, -2.6201 -2.9063 0.0721, -2.6988 -2.9063 0.0721, -2.6201 -2.8873 0.08, -2.6988 -2.8873 0.08, -2.6201 -2.8669 0.0827, -2.6988 -2.8669 0.0827, -2.6201 -2.8466 0.08, -2.6988 -2.8466 0.08, -2.6201 -2.8276 0.0721, -2.6988 -2.8276 0.0721, -2.6201 -2.8113 0.0596, -2.6988 -2.8113 0.0596, -2.6201 -2.7987 0.0433, -2.6988 -2.7987 0.0433, -2.6201 -2.7909 0.0243, -2.6988 -2.7909 0.0243, -2.6201 -2.7882 0.0039, -2.6988 -2.7882 0.0039, -2.6201 -2.6307 0.0039, -2.6988 -2.6307 0.0039, -2.6201 -2.628 0.0243, -2.6988 -2.628 0.0243, -2.6201 -2.6202 0.0433, -2.6988 -2.6202 0.0433, -2.6201 -2.6076 0.0596, -2.6988 -2.6076 0.0596, -2.6201 -2.5913 0.0721, -2.6988 -2.5913 0.0721, -2.6201 -2.5723 0.08, -2.6988 -2.5723 0.08, -2.6201 -2.552 0.0827, -2.6988 -2.552 0.0827, -2.6201 -2.5316 0.08, -2.6988 -2.5316 0.08, -2.6201 -2.5126 0.0721, -2.6988 -2.5126 0.0721, -2.6201 -2.4963 0.0596, -2.6988 -2.4963 0.0596, -2.6201 -2.4838 0.0433, -2.6988 -2.4838 0.0433, -2.6201 -2.4759 0.0243, -2.6988 -2.4759 0.0243, -2.6201 -2.4732 0.0039, -2.6988 -2.4732 0.0039, -2.6201 -2.3157 0.0039, -2.6988 -2.3157 0.0039, -2.6201 -2.3131 0.0243, -2.6988 -2.3131 0.0243, -2.6201 -2.3052 0.0433, -2.6988 -2.3052 0.0433, -2.6201 -2.2927 0.0596, -2.6988 -2.2927 0.0596, -2.6201 -2.2764 0.0721, -2.6988 -2.2764 0.0721, -2.6201 -2.2574 0.08, -2.6988 -2.2574 0.08, -2.6201 -2.237 0.0827, -2.6988 -2.237 0.0827, -2.6201 -2.2166 0.08, -2.6988 -2.2166 0.08, -2.6201 -2.1976 0.0721, -2.6988 -2.1976 0.0721, -2.6201 -2.1813 0.0596, -2.6988 -2.1813 0.0596, -2.6201 -2.1688 0.0433, -2.6988 -2.1688 0.0433, -2.6201 -2.161 0.0243, -2.6988 -2.161 0.0243, -2.6201 -2.1583 0.0039, -2.6988 -2.1583 0.0039, -2.6201 -2.0008 0.0039, -2.6988 -2.0008 0.0039, -2.6201 -1.9981 0.0243, -2.6988 -1.9981 0.0243, -2.6201 -1.9902 0.0433, -2.6988 -1.9902 0.0433, -2.6201 -1.9777 0.0596, -2.6988 -1.9777 0.0596, -2.6201 -1.9614 0.0721, -2.6988 -1.9614 0.0721, -2.6201 -1.9424 0.08, -2.6988 -1.9424 0.08, -2.6201 -1.922 0.0827, -2.6988 -1.922 0.0827, -2.6201 -1.9017 0.08, -2.6988 -1.9017 0.08, -2.6201 -1.8827 0.0721, -2.6988 -1.8827 0.0721, -2.6201 -1.8664 0.0596, -2.6988 -1.8664 0.0596, -2.6201 -1.8539 0.0433, -2.6988 -1.8539 0.0433, -2.6201 -1.846 0.0243, -2.6988 -1.846 0.0243, -2.6201 -1.8433 0.0039, -2.6988 -1.8433 0.0039, -2.6988 -3.1937 0.1929, -2.6988 -3.2724 0.1929, -2.6201 -3.1937 0.1929, -2.6201 -3.2724 0.1929, -2.6988 -3.1937 0.2323, -2.6201 -3.1937 0.2323, -2.6201 -3.2724 0.6654, -2.6201 -3.1937 0.6654, -2.6201 -3.2724 0.6614, -2.6201 -3.1937 0.6614, -2.6987 -3.1937 0.6654, -2.6987 -3.2724 0.6654, -2.6988 -3.1937 0.6614, -2.6201 -3.1937 0.626, -2.6988 -3.1937 0.626, -2.6222 -3.2722 0.626, -2.6161 -3.2724 0.626, -2.6192 -3.1922 0.626, -2.6197 -3.1915 0.626, -2.62 -3.1906 0.626, -2.6201 -3.1898 0.626, -2.6161 -3.1937 0.626, -2.617 -3.1936 0.626, -2.6178 -3.1933 0.626, -2.6186 -3.1928 0.626, -2.6971 -3.2035 0.626, -2.6953 -3.2142 0.626, -2.6914 -3.2229 0.626, -2.6871 -3.2325 0.626, -2.6809 -3.2403 0.626, -2.6746 -3.2482 0.626, -2.6666 -3.2545 0.626, -2.6578 -3.2614 0.626, -2.6494 -3.2652 0.626, -2.6414 -3.2688 0.626, -2.6299 -3.2708 0.626, -2.6979 -3.203 0.2323, -2.6201 -3.1898 0.2323, -2.62 -3.1906 0.2323, -2.6197 -3.1915 0.2323, -2.6192 -3.1922 0.2323, -2.6186 -3.1928 0.2323, -2.6705 -3.252 0.2323, -2.6811 -3.2403 0.2323, -2.6847 -3.2363 0.2323, -2.6919 -3.2232 0.2323, -2.6928 -3.2216 0.2323, -2.6977 -3.2036 0.2323, -2.6178 -3.1933 0.2323, -2.6161 -3.2724 0.2323, -2.617 -3.1936 0.2323, -2.6161 -3.1937 0.2323, -2.6375 -3.2698 0.2323, -2.6494 -3.2652 0.2323, -2.6299 -3.2708 0.2323, -2.6545 -3.2633 0.2323, -2.6668 -3.2547 0.2323, -2.6988 -3.1898 0.626, -2.6988 -3.1898 0.2323, -2.5059 -3.1937 0.626, -2.5059 -3.2724 0.626, -2.505 -3.1936 0.626, -2.4875 -3.2704 0.626, -2.5042 -3.1933 0.626, -2.47 -3.2643 0.626, -2.5034 -3.1928 0.626, -2.4544 -3.2544 0.626, -2.5028 -3.1922 0.626, -2.4413 -3.2413 0.626, -2.5024 -3.1915 0.626, -2.4314 -3.2256 0.626, -2.5021 -3.1906 0.626, -2.4253 -3.2082 0.626, -2.502 -3.1898 0.626, -2.4232 -3.1898 0.626, -2.502 -3.1898 0.2323, -2.4232 -3.1898 0.2323, -2.5021 -3.1906 0.2323, -2.4253 -3.2082 0.2323, -2.5024 -3.1915 0.2323, -2.4314 -3.2256 0.2323, -2.5028 -3.1922 0.2323, -2.4413 -3.2413 0.2323, -2.5034 -3.1928 0.2323, -2.4544 -3.2544 0.2323, -2.5042 -3.1933 0.2323, -2.47 -3.2643 0.2323, -2.505 -3.1936 0.2323, -2.4875 -3.2704 0.2323, -2.5059 -3.1937 0.2323, -2.5059 -3.2724 0.2323, -2.502 -3.0756 0.2323, -2.4232 -3.0756 0.2323, -2.4232 -3.0756 0.626, -2.502 -3.0756 0.626, 2.1988 -3.2331 0.6654, 2.1988 -3.2724 0.6654, 2.1988 -3.2331 0.7441, 2.1988 -3.2724 0.7441, 2.1594 -3.2331 0.6654, 2.1594 -3.2331 0.7318, 2.1594 -3.2331 0.7441
            ]
        }
        coordIndex [
            0,1,2,-1,2,1,3,-1,0,4,1,-1,1,4,5,-1,4,6,5,-1,5,6,7,-1,8,9,10,-1,10,9,11,-1,10,11,12,-1,12,11,13,-1,12,13,14,-1,14,13,15,-1,14,15,16,-1,16,15,17,-1,16,17,18,-1,18,17,19,-1,18,19,20,-1,20,19,21,-1,20,21,22,-1,22,21,23,-1,22,23,24,-1,24,23,25,-1,24,25,26,-1,26,25,27,-1,26,27,28,-1,28,27,29,-1,28,29,30,-1,30,29,31,-1,30,31,6,-1,6,31,7,-1,8,32,9,-1,9,32,33,-1,34,35,32,-1,32,35,33,-1,34,36,35,-1,35,36,37,-1,38,37,39,-1,39,37,36,-1,39,40,38,-1,38,40,41,-1,42,43,44,-1,44,43,45,-1,44,45,46,-1,46,45,47,-1,46,47,48,-1,48,47,49,-1,48,49,50,-1,50,49,51,-1,50,51,52,-1,52,51,53,-1,52,53,40,-1,40,53,41,-1,42,54,43,-1,43,54,55,-1,56,57,58,-1,58,57,59,-1,58,59,60,-1,60,59,61,-1,60,61,62,-1,62,61,63,-1,62,63,64,-1,64,63,65,-1,64,65,66,-1,66,65,67,-1,66,67,54,-1,54,67,55,-1,56,68,57,-1,57,68,69,-1,70,71,72,-1,72,71,73,-1,72,73,74,-1,74,73,75,-1,74,75,76,-1,76,75,77,-1,76,77,78,-1,78,77,79,-1,78,79,80,-1,80,79,81,-1,80,81,82,-1,82,81,83,-1,82,83,84,-1,84,83,85,-1,84,85,86,-1,86,85,87,-1,86,87,88,-1,88,87,89,-1,88,89,90,-1,90,89,91,-1,90,91,92,-1,92,91,93,-1,92,93,68,-1,68,93,69,-1,70,94,71,-1,71,94,95,-1,94,96,95,-1,95,96,97,-1,96,2,97,-1,97,2,3,-1,98,99,100,-1,100,99,101,-1,100,101,102,-1,102,101,103,-1,102,103,104,-1,104,103,105,-1,104,105,106,-1,106,105,107,-1,106,107,108,-1,108,107,109,-1,108,109,110,-1,110,109,111,-1,110,111,112,-1,112,111,113,-1,112,113,114,-1,114,113,115,-1,114,115,116,-1,116,115,117,-1,116,117,118,-1,118,117,119,-1,118,119,120,-1,120,119,121,-1,120,121,122,-1,122,121,123,-1,98,124,99,-1,99,124,125,-1,126,127,128,-1,128,127,129,-1,128,129,130,-1,130,129,131,-1,130,131,132,-1,132,131,133,-1,132,133,134,-1,134,133,135,-1,134,135,136,-1,136,135,137,-1,136,137,124,-1,124,137,125,-1,126,138,127,-1,127,138,139,-1,140,141,142,-1,142,141,143,-1,142,143,144,-1,144,143,145,-1,144,145,146,-1,146,145,147,-1,146,147,148,-1,148,147,149,-1,148,149,150,-1,150,149,151,-1,150,151,138,-1,138,151,139,-1,140,152,141,-1,141,152,153,-1,154,153,155,-1,155,153,152,-1,155,156,154,-1,154,156,157,-1,158,159,156,-1,156,159,157,-1,158,160,159,-1,159,160,161,-1,162,163,164,-1,164,163,165,-1,164,165,166,-1,166,165,167,-1,166,167,168,-1,168,167,169,-1,168,169,170,-1,170,169,171,-1,170,171,172,-1,172,171,173,-1,172,173,174,-1,174,173,175,-1,174,175,176,-1,176,175,177,-1,176,177,178,-1,178,177,179,-1,178,179,180,-1,180,179,181,-1,180,181,182,-1,182,181,183,-1,182,183,184,-1,184,183,185,-1,184,185,160,-1,160,185,161,-1,162,186,163,-1,163,186,187,-1,186,188,187,-1,187,188,189,-1,190,191,188,-1,188,191,189,-1,190,192,191,-1,191,192,193,-1,192,194,193,-1,193,194,195,-1,194,122,195,-1,195,122,123,-1,196,197,198,-1,198,197,199,-1,197,200,199,-1,199,200,201,-1,200,202,201,-1,201,202,203,-1,202,204,203,-1,203,204,205,-1,206,207,208,-1,208,207,209,-1,207,210,209,-1,209,210,211,-1,210,212,211,-1,211,212,213,-1,212,196,213,-1,213,196,198,-1,214,206,215,-1,215,206,208,-1,216,214,217,-1,217,214,215,-1,218,216,219,-1,219,216,217,-1,220,218,221,-1,221,218,219,-1,204,220,205,-1,205,220,221,-1,222,223,224,-1,224,223,225,-1,226,227,228,-1,228,227,229,-1,228,229,230,-1,230,229,231,-1,230,231,232,-1,232,231,233,-1,232,233,234,-1,234,233,235,-1,234,235,236,-1,236,235,237,-1,236,237,238,-1,238,237,239,-1,238,239,240,-1,240,239,241,-1,240,241,225,-1,225,241,224,-1,223,222,242,-1,242,222,243,-1,242,243,244,-1,244,243,245,-1,244,245,246,-1,246,245,247,-1,246,247,248,-1,248,247,249,-1,248,249,250,-1,250,249,251,-1,250,251,252,-1,252,251,253,-1,252,253,254,-1,254,253,255,-1,254,255,256,-1,256,255,257,-1,257,227,256,-1,256,227,226,-1,258,259,260,-1,260,259,261,-1,260,261,262,-1,262,261,263,-1,262,263,264,-1,264,263,265,-1,264,265,266,-1,266,265,267,-1,266,267,268,-1,268,267,269,-1,268,269,270,-1,270,269,271,-1,270,271,272,-1,272,271,273,-1,272,273,274,-1,274,273,275,-1,274,275,276,-1,276,275,277,-1,276,277,278,-1,278,277,279,-1,278,279,280,-1,280,279,281,-1,280,281,282,-1,282,281,283,-1,284,285,286,-1,286,285,287,-1,286,287,288,-1,288,287,289,-1,288,289,290,-1,290,289,291,-1,290,291,292,-1,292,291,293,-1,292,293,294,-1,294,293,295,-1,294,295,296,-1,296,295,297,-1,296,297,298,-1,298,297,299,-1,298,299,300,-1,300,299,301,-1,300,301,302,-1,302,301,303,-1,302,303,304,-1,304,303,305,-1,304,305,306,-1,306,305,307,-1,306,307,308,-1,308,307,309,-1,310,311,312,-1,312,311,313,-1,312,313,314,-1,314,313,315,-1,314,315,316,-1,316,315,317,-1,316,317,318,-1,318,317,319,-1,318,319,320,-1,320,319,321,-1,320,321,322,-1,322,321,323,-1,322,323,324,-1,324,323,325,-1,324,325,326,-1,326,325,327,-1,326,327,328,-1,328,327,329,-1,328,329,330,-1,330,329,331,-1,330,331,332,-1,332,331,333,-1,332,333,334,-1,334,333,335,-1,336,337,338,-1,338,337,339,-1,338,339,340,-1,340,339,341,-1,340,341,342,-1,342,341,343,-1,342,343,344,-1,344,343,345,-1,344,345,346,-1,346,345,347,-1,346,347,348,-1,348,347,349,-1,348,349,350,-1,350,349,351,-1,350,351,352,-1,352,351,353,-1,352,353,354,-1,354,353,355,-1,354,355,356,-1,356,355,357,-1,356,357,358,-1,358,357,359,-1,358,359,360,-1,360,359,361,-1,362,363,364,-1,364,363,365,-1,366,362,367,-1,367,362,364,-1,368,369,370,-1,370,369,371,-1,369,368,372,-1,372,368,373,-1,369,372,371,-1,371,372,374,-1,371,374,375,-1,375,374,376,-1,377,378,375,-1,379,380,375,-1,375,380,381,-1,375,381,382,-1,383,384,378,-1,378,384,385,-1,378,385,375,-1,375,385,386,-1,375,386,379,-1,376,387,375,-1,375,387,388,-1,375,388,389,-1,389,390,375,-1,375,390,391,-1,375,391,392,-1,392,393,375,-1,375,393,394,-1,375,394,395,-1,395,396,375,-1,375,396,397,-1,375,397,377,-1,398,366,367,-1,367,399,400,-1,400,401,367,-1,367,401,402,-1,367,402,403,-1,404,405,367,-1,367,405,406,-1,367,406,407,-1,407,408,367,-1,367,408,409,-1,367,409,398,-1,403,410,411,-1,411,410,412,-1,411,412,413,-1,414,415,367,-1,403,411,367,-1,367,411,416,-1,367,416,414,-1,415,417,367,-1,367,417,418,-1,367,418,404,-1,376,419,420,-1,420,366,376,-1,376,366,398,-1,376,398,387,-1,387,398,409,-1,387,409,388,-1,388,409,408,-1,388,408,389,-1,389,408,407,-1,389,407,390,-1,390,407,406,-1,390,406,391,-1,391,406,405,-1,391,405,392,-1,392,405,404,-1,392,404,393,-1,393,404,418,-1,393,418,394,-1,394,418,417,-1,394,417,395,-1,395,417,415,-1,395,415,396,-1,396,415,414,-1,396,414,397,-1,397,414,416,-1,397,416,377,-1,377,416,411,-1,377,411,378,-1,383,413,384,-1,384,413,412,-1,384,412,385,-1,385,412,410,-1,385,410,386,-1,386,410,403,-1,386,403,379,-1,379,403,402,-1,379,402,380,-1,380,402,401,-1,380,401,381,-1,381,401,400,-1,381,400,382,-1,382,400,399,-1,421,422,423,-1,423,422,424,-1,423,424,425,-1,425,424,426,-1,425,426,427,-1,427,426,428,-1,427,428,429,-1,429,428,430,-1,429,430,431,-1,431,430,432,-1,431,432,433,-1,433,432,434,-1,433,434,435,-1,435,434,436,-1,437,438,439,-1,439,438,440,-1,439,440,441,-1,441,440,442,-1,441,442,443,-1,443,442,444,-1,443,444,445,-1,445,444,446,-1,445,446,447,-1,447,446,448,-1,447,448,449,-1,449,448,450,-1,449,450,451,-1,451,450,452,-1,422,452,450,-1,422,450,424,-1,424,450,448,-1,424,448,426,-1,426,448,446,-1,426,446,428,-1,428,446,444,-1,428,444,430,-1,430,444,442,-1,430,442,432,-1,432,442,440,-1,432,440,434,-1,434,440,438,-1,434,438,436,-1,435,437,433,-1,433,437,439,-1,433,439,431,-1,431,439,441,-1,431,441,429,-1,429,441,443,-1,429,443,427,-1,427,443,445,-1,427,445,425,-1,425,445,447,-1,425,447,423,-1,423,447,449,-1,423,449,421,-1,421,449,451,-1,453,454,437,-1,437,454,438,-1,455,456,436,-1,436,456,435,-1,454,455,438,-1,438,455,436,-1,435,456,437,-1,437,456,453,-1,455,454,456,-1,456,454,453,-1,457,458,459,-1,459,458,460,-1,461,457,462,-1,462,457,459,-1,462,459,463,-1,
        ]
    }
}
Shape{
    appearance Appearance {
        material  Material 	{
            diffuseColor 0.5019607843137255 0.5019607843137255 0.5019607843137255
            specularColor 0.25098039215686274 0.25098039215686274 0.25098039215686274
            ambientIntensity 0.502
            transparency 0.0
            shininess 0.5
        }
    }
    geometry IndexedFaceSet {
        ccw TRUE
        solid FALSE
        coord DEF co Coordinate {
            point [
                2.1988 -3.1543 0.6654, 2.1998 -3.1543 0.6652, 2.2028 -3.1543 0.6654, 2.2008 -3.1543 0.6648, 2.2016 -3.1543 0.6642, 2.2022 -3.1543 0.6634, 2.2026 -3.1543 0.6624, 2.2028 -3.1543 0.6614
            ]
        }
        coordIndex [
            0,1,2,-1,2,1,3,-1,2,3,4,-1,4,5,2,-1,2,5,6,-1,2,6,7,-1,
        ]
    }
}
Shape{
    appearance Appearance {
        material  Material 	{
            diffuseColor 1.0 1.0 1.0
            specularColor 0.5019607843137255 0.5019607843137255 0.5019607843137255
            ambientIntensity 1.0
            transparency 0.0
            shininess 0.5
        }
    }
    geometry IndexedFaceSet {
        ccw TRUE
        solid FALSE
        coord DEF co Coordinate {
            point [
                1.9469 -3.2548 0.6654, 1.9469 -3.111 0.6654, 1.9469 -3.2548 0.7441, 1.9469 -3.111 0.7441, 2.0256 -3.111 0.6654, 2.0256 -3.111 0.7441, 2.0242 -3.1008 0.6654, 2.0242 -3.1008 0.7441, 2.0203 -3.0913 0.6654, 2.0203 -3.0913 0.7441, 2.0141 -3.0832 0.6654, 2.0141 -3.0832 0.7441, 2.0059 -3.0769 0.6654, 2.0059 -3.0769 0.7441, 1.9964 -3.073 0.6654, 1.9964 -3.073 0.7441, 1.9862 -3.0717 0.6654, 1.9862 -3.0717 0.7441, 1.976 -3.073 0.6654, 1.976 -3.073 0.7441, 1.9665 -3.0769 0.6654, 1.9665 -3.0769 0.7441, 1.9584 -3.0832 0.6654, 1.9584 -3.0832 0.7441, 1.9521 -3.0913 0.6654, 1.9521 -3.0913 0.7441, 1.9482 -3.1008 0.6654, 1.9482 -3.1008 0.7441, 2.0256 -3.1898 0.6654, 2.0256 -3.1898 0.7441, 2.1594 -3.2331 0.6654, 2.1594 -3.2724 0.6614, 2.1594 -3.1937 0.6614, 2.1594 -3.2331 0.7318, 2.1594 -3.2482 0.7199, 2.1594 -3.1936 0.6624, 2.1594 -3.1932 0.6634, 2.1594 -3.1925 0.6642, 2.1594 -3.2614 0.7028, 2.1594 -3.2696 0.6828, 2.1594 -3.1917 0.6648, 2.1594 -3.1908 0.6652, 2.1594 -3.1898 0.6654, 2.0256 -3.1937 0.6614, 2.0256 -3.2724 0.6614, 2.0256 -3.1936 0.6624, 2.0256 -3.2696 0.6828, 2.0256 -3.1932 0.6634, 2.0256 -3.2614 0.7028, 2.0256 -3.1925 0.6642, 2.0256 -3.2482 0.7199, 2.0256 -3.1917 0.6648, 2.0256 -3.2311 0.733, 2.0256 -3.1908 0.6652, 2.0256 -3.2112 0.7413, 2.1594 -3.1898 0.7441, 2.1594 -3.2112 0.7413, 2.1594 -3.2311 0.733, 2.0256 -3.2724 0.626, 2.0256 -3.1937 0.626, 2.1594 -3.2724 0.0748, 2.1594 -3.1937 0.0748, 2.0256 -3.2724 0.0748, 2.0256 -3.1937 0.0748, 2.1043 -3.1937 0.1535, 2.1043 -3.2724 0.1535, 2.1145 -3.1937 0.1549, 2.1145 -3.2724 0.1549, 2.124 -3.1937 0.1588, 2.124 -3.2724 0.1588, 2.1322 -3.1937 0.1651, 2.1322 -3.2724 0.1651, 2.1384 -3.1937 0.1732, 2.1384 -3.2724 0.1732, 2.1424 -3.1937 0.1827, 2.1424 -3.2724 0.1827, 2.1437 -3.1937 0.1929, 2.1437 -3.2724 0.1929, 2.1424 -3.1937 0.2031, 2.1424 -3.2724 0.2031, 2.1384 -3.1937 0.2126, 2.1384 -3.2724 0.2126, 2.1322 -3.1937 0.2208, 2.1322 -3.2724 0.2208, 2.124 -3.1937 0.227, 2.124 -3.2724 0.227, 2.1145 -3.1937 0.2309, 2.1145 -3.2724 0.2309, 2.1043 -3.1937 0.2323, 2.1043 -3.2724 0.2323, 2.0256 -3.2724 0.1535, 2.0256 -3.1937 0.1535, 2.0256 -3.2724 0.2323, 2.0256 -3.1937 0.2323, 2.0246 -3.1936 0.2323, 2.0042 -3.2696 0.2323, 2.0236 -3.1932 0.2323, 1.9843 -3.2614 0.2323, 2.0228 -3.1925 0.2323, 1.9671 -3.2482 0.2323, 2.0222 -3.1917 0.2323, 1.954 -3.2311 0.2323, 2.0218 -3.1908 0.2323, 1.9457 -3.2112 0.2323, 2.0217 -3.1898 0.2323, 1.9429 -3.1898 0.2323, 2.0217 -3.1898 0.626, 1.9429 -3.1898 0.626, 2.0218 -3.1908 0.626, 1.9457 -3.2112 0.626, 2.0222 -3.1917 0.626, 1.954 -3.2311 0.626, 2.0228 -3.1925 0.626, 1.9671 -3.2482 0.626, 2.0236 -3.1932 0.626, 1.9843 -3.2614 0.626, 2.0246 -3.1936 0.626, 2.0042 -3.2696 0.626, 2.0217 -3.111 0.626, 1.9429 -3.111 0.626, 1.9429 -3.111 0.2323, 2.0217 -3.111 0.2323, -2.4429 2.8102 0.6654, -2.4429 2.7315 0.6654, -2.4429 2.8102 0.7441, -2.4429 2.7315 0.7441, -2.5256 2.7315 0.6654, -2.5256 2.7315 0.7441, -2.5256 2.8102 0.6654, -2.5256 2.8102 0.7441, -2.5358 2.8089 0.6654, -2.5358 2.8089 0.7441, -2.5453 2.805 0.6654, -2.5453 2.805 0.7441, -2.5534 2.7987 0.6654, -2.5534 2.7987 0.7441, -2.5597 2.7905 0.6654, -2.5597 2.7905 0.7441, -2.5636 2.7811 0.6654, -2.5636 2.7811 0.7441, -2.565 2.7709 0.6654, -2.565 2.7709 0.7441, -2.5636 2.7607 0.6654, -2.5636 2.7607 0.7441, -2.5597 2.7512 0.6654, -2.5597 2.7512 0.7441, -2.5534 2.743 0.6654, -2.5534 2.743 0.7441, -2.5453 2.7368 0.6654, -2.5453 2.7368 0.7441, -2.5358 2.7328 0.6654, -2.5358 2.7328 0.7441, -2.4468 2.8102 0.6654, -2.4468 2.8102 0.7441, -2.4468 3.0071 0.6654, -2.4468 3.0071 0.7441, -2.4458 3.0071 0.6652, -2.4255 3.0071 0.7413, -2.4449 3.0071 0.6648, -2.4055 3.0071 0.733, -2.4441 3.0071 0.6642, -2.3884 3.0071 0.7199, -2.4434 3.0071 0.6634, -2.3752 3.0071 0.7028, -2.443 3.0071 0.6624, -2.367 3.0071 0.6828, -2.4429 3.0071 0.6614, -2.3642 3.0071 0.6614, -2.4429 2.8102 0.6614, -2.3642 2.8102 0.6614, -2.443 2.8102 0.6624, -2.367 2.8102 0.6828, -2.4434 2.8102 0.6634, -2.3752 2.8102 0.7028, -2.4441 2.8102 0.6642, -2.3884 2.8102 0.7199, -2.4449 2.8102 0.6648, -2.4055 2.8102 0.733, -2.4458 2.8102 0.6652, -2.4255 2.8102 0.7413
            ]
        }
        coordIndex [
            0,1,2,-1,2,1,3,-1,4,5,6,-1,6,5,7,-1,6,7,8,-1,8,7,9,-1,8,9,10,-1,10,9,11,-1,10,11,12,-1,12,11,13,-1,12,13,14,-1,14,13,15,-1,14,15,16,-1,16,15,17,-1,16,17,18,-1,18,17,19,-1,18,19,20,-1,20,19,21,-1,20,21,22,-1,22,21,23,-1,22,23,24,-1,24,23,25,-1,24,25,26,-1,26,25,27,-1,26,27,1,-1,1,27,3,-1,4,28,5,-1,5,28,29,-1,30,31,32,-1,30,33,34,-1,32,35,30,-1,30,35,36,-1,30,36,37,-1,34,38,30,-1,30,38,39,-1,30,39,31,-1,37,40,30,-1,30,40,41,-1,30,41,42,-1,43,44,45,-1,45,44,46,-1,45,46,47,-1,47,46,48,-1,47,48,49,-1,49,48,50,-1,49,50,51,-1,51,50,52,-1,51,52,53,-1,53,52,54,-1,53,54,28,-1,28,54,29,-1,55,29,54,-1,55,54,56,-1,56,54,52,-1,56,52,57,-1,57,52,33,-1,33,52,50,-1,33,50,34,-1,34,50,48,-1,34,48,38,-1,38,48,46,-1,38,46,39,-1,39,46,44,-1,39,44,31,-1,32,43,35,-1,35,43,45,-1,35,45,36,-1,36,45,47,-1,36,47,37,-1,37,47,49,-1,37,49,40,-1,40,49,51,-1,40,51,41,-1,41,51,53,-1,41,53,42,-1,42,53,28,-1,58,44,59,-1,59,44,43,-1,60,61,31,-1,31,61,32,-1,60,62,61,-1,61,62,63,-1,64,65,66,-1,66,65,67,-1,66,67,68,-1,68,67,69,-1,68,69,70,-1,70,69,71,-1,70,71,72,-1,72,71,73,-1,72,73,74,-1,74,73,75,-1,74,75,76,-1,76,75,77,-1,76,77,78,-1,78,77,79,-1,78,79,80,-1,80,79,81,-1,80,81,82,-1,82,81,83,-1,82,83,84,-1,84,83,85,-1,84,85,86,-1,86,85,87,-1,86,87,88,-1,88,87,89,-1,90,65,91,-1,91,65,64,-1,92,93,89,-1,89,93,88,-1,93,92,94,-1,94,92,95,-1,94,95,96,-1,96,95,97,-1,96,97,98,-1,98,97,99,-1,98,99,100,-1,100,99,101,-1,100,101,102,-1,102,101,103,-1,102,103,104,-1,104,103,105,-1,106,107,108,-1,108,107,109,-1,108,109,110,-1,110,109,111,-1,110,111,112,-1,112,111,113,-1,112,113,114,-1,114,113,115,-1,114,115,116,-1,116,115,117,-1,116,117,59,-1,59,117,58,-1,92,58,117,-1,92,117,95,-1,95,117,115,-1,95,115,97,-1,97,115,113,-1,97,113,99,-1,99,113,111,-1,99,111,101,-1,101,111,109,-1,101,109,103,-1,103,109,107,-1,103,107,105,-1,104,106,102,-1,102,106,108,-1,102,108,100,-1,100,108,110,-1,100,110,98,-1,98,110,112,-1,98,112,96,-1,96,112,114,-1,96,114,94,-1,94,114,116,-1,94,116,93,-1,93,116,59,-1,118,119,106,-1,106,119,107,-1,120,121,105,-1,105,121,104,-1,119,120,107,-1,107,120,105,-1,104,121,106,-1,106,121,118,-1,120,119,121,-1,121,119,118,-1,122,123,124,-1,124,123,125,-1,123,126,125,-1,125,126,127,-1,128,129,130,-1,130,129,131,-1,130,131,132,-1,132,131,133,-1,132,133,134,-1,134,133,135,-1,134,135,136,-1,136,135,137,-1,136,137,138,-1,138,137,139,-1,138,139,140,-1,140,139,141,-1,140,141,142,-1,142,141,143,-1,142,143,144,-1,144,143,145,-1,144,145,146,-1,146,145,147,-1,146,147,148,-1,148,147,149,-1,148,149,150,-1,150,149,151,-1,150,151,126,-1,126,151,127,-1,128,152,129,-1,129,152,153,-1,154,155,156,-1,156,155,157,-1,156,157,158,-1,158,157,159,-1,158,159,160,-1,160,159,161,-1,160,161,162,-1,162,161,163,-1,162,163,164,-1,164,163,165,-1,164,165,166,-1,166,165,167,-1,168,169,170,-1,170,169,171,-1,170,171,172,-1,172,171,173,-1,172,173,174,-1,174,173,175,-1,174,175,176,-1,176,175,177,-1,176,177,178,-1,178,177,179,-1,178,179,152,-1,152,179,153,-1,155,153,179,-1,155,179,157,-1,157,179,177,-1,157,177,159,-1,159,177,175,-1,159,175,161,-1,161,175,173,-1,161,173,163,-1,163,173,171,-1,163,171,165,-1,165,171,169,-1,165,169,167,-1,166,168,164,-1,164,168,170,-1,164,170,162,-1,162,170,172,-1,162,172,160,-1,160,172,174,-1,160,174,158,-1,158,174,176,-1,158,176,156,-1,156,176,178,-1,156,178,154,-1,154,178,152,-1,
        ]
    }
}
Shape{
    appearance Appearance {
        material  Material 	{
            diffuseColor 1.0 1.0 0.0
            specularColor 0.5019607843137255 0.5019607843137255 0.0
            ambientIntensity 0.886
            transparency 0.0
            shininess 0.5
        }
    }
    geometry IndexedFaceSet {
        ccw TRUE
        solid FALSE
        coord DEF co Coordinate {
            point [
                -2.3642 2.8102 0.0827, -2.4429 2.8102 0.0827, -2.364 2.8102 0.0817, -2.4401 2.8102 0.0613, -2.3636 2.8102 0.0807, -2.4318 2.8102 0.0413, -2.363 2.8102 0.0799, -2.4187 2.8102 0.0242, -2.3622 2.8102 0.0793, -2.4016 2.8102 0.0111, -2.3613 2.8102 0.0789, -2.3816 2.8102 0.0028, -2.3602 2.8102 0.0787, -2.3602 2.8102 0.0, -2.3602 3.0071 0.0787, -2.3602 3.0071 0.0, -2.3613 3.0071 0.0789, -2.3816 3.0071 0.0028, -2.3622 3.0071 0.0793, -2.4016 3.0071 0.0111, -2.363 3.0071 0.0799, -2.4187 3.0071 0.0242, -2.3636 3.0071 0.0807, -2.4318 3.0071 0.0413, -2.364 3.0071 0.0817, -2.4401 3.0071 0.0613, -2.3642 3.0071 0.0827, -2.4429 3.0071 0.0827, -2.2067 2.8102 0.0, -2.2067 2.8102 0.0787, -2.2067 3.0071 0.0787, -2.2067 3.0071 0.0
            ]
        }
        coordIndex [
            0,1,2,-1,2,1,3,-1,2,3,4,-1,4,3,5,-1,4,5,6,-1,6,5,7,-1,6,7,8,-1,8,7,9,-1,8,9,10,-1,10,9,11,-1,10,11,12,-1,12,11,13,-1,14,15,16,-1,16,15,17,-1,16,17,18,-1,18,17,19,-1,18,19,20,-1,20,19,21,-1,20,21,22,-1,22,21,23,-1,22,23,24,-1,24,23,25,-1,24,25,26,-1,26,25,27,-1,1,27,25,-1,1,25,3,-1,3,25,23,-1,3,23,5,-1,5,23,21,-1,5,21,7,-1,7,21,19,-1,7,19,9,-1,9,19,17,-1,9,17,11,-1,11,17,15,-1,11,15,13,-1,12,14,10,-1,10,14,16,-1,10,16,8,-1,8,16,18,-1,8,18,6,-1,6,18,20,-1,6,20,4,-1,4,20,22,-1,4,22,2,-1,2,22,24,-1,2,24,0,-1,0,24,26,-1,28,29,13,-1,13,29,12,-1,30,31,14,-1,14,31,15,-1,31,28,15,-1,15,28,13,-1,12,29,14,-1,14,29,30,-1,28,31,29,-1,29,31,30,-1,
        ]
    }
}
Shape{
    appearance Appearance {
        material  Material 	{
            diffuseColor 1.0 1.0 1.0
            specularColor 0.5019607843137255 0.5019607843137255 0.5019607843137255
            ambientIntensity 1.0
            transparency 0.0
            shininess 0.5
        }
    }
    geometry IndexedFaceSet {
        ccw TRUE
        solid FALSE
        coord DEF co Coordinate {
            point [
                1.9272 2.7315 0.6654, 1.8484 2.7315 0.6654, 1.9272 2.7315 0.7441, 1.8484 2.7315 0.7441, 1.8484 2.8102 0.6654, 1.8484 2.8102 0.7441, 1.6122 2.8102 0.6654, 1.6122 2.7315 0.6654, 1.6122 2.8102 0.7441, 1.6122 2.7315 0.7441, 1.5335 2.7315 0.6654, 1.5335 2.7315 0.7441, 1.6122 2.8113 0.6652, 1.6122 2.8316 0.7413, 1.6122 2.8122 0.6648, 1.6122 2.8516 0.733, 1.6122 2.813 0.6642, 1.6122 2.8687 0.7199, 1.6122 2.8136 0.6634, 1.6122 2.8818 0.7028, 1.6122 2.814 0.6624, 1.6122 2.8901 0.6828, 1.6122 2.8142 0.6614, 1.6122 2.8929 0.6614, 1.8484 2.8142 0.6614, 1.8484 2.8929 0.6614, 1.8484 2.814 0.6624, 1.8484 2.8901 0.6828, 1.8484 2.8136 0.6634, 1.8484 2.8818 0.7028, 1.8484 2.813 0.6642, 1.8484 2.8687 0.7199, 1.8484 2.8122 0.6648, 1.8484 2.8516 0.733, 1.8484 2.8113 0.6652, 1.8484 2.8316 0.7413
            ]
        }
        coordIndex [
            0,1,2,-1,2,1,3,-1,1,4,3,-1,3,4,5,-1,6,7,8,-1,8,7,9,-1,7,10,9,-1,9,10,11,-1,6,8,12,-1,12,8,13,-1,12,13,14,-1,14,13,15,-1,14,15,16,-1,16,15,17,-1,16,17,18,-1,18,17,19,-1,18,19,20,-1,20,19,21,-1,20,21,22,-1,22,21,23,-1,24,25,26,-1,26,25,27,-1,26,27,28,-1,28,27,29,-1,28,29,30,-1,30,29,31,-1,30,31,32,-1,32,31,33,-1,32,33,34,-1,34,33,35,-1,34,35,4,-1,4,35,5,-1,8,5,35,-1,8,35,13,-1,13,35,33,-1,13,33,15,-1,15,33,31,-1,15,31,17,-1,17,31,29,-1,17,29,19,-1,19,29,27,-1,19,27,21,-1,21,27,25,-1,21,25,23,-1,22,24,20,-1,20,24,26,-1,20,26,18,-1,18,26,28,-1,18,28,16,-1,16,28,30,-1,16,30,14,-1,14,30,32,-1,14,32,12,-1,12,32,34,-1,12,34,6,-1,6,34,4,-1,
        ]
    }
}
Shape{
    appearance Appearance {
        material  Material 	{
            diffuseColor 1.0 1.0 0.0
            specularColor 0.5019607843137255 0.5019607843137255 0.0
            ambientIntensity 0.886
            transparency 0.0
            shininess 0.5
        }
    }
    geometry IndexedFaceSet {
        ccw TRUE
        solid FALSE
        coord DEF co Coordinate {
            point [
                1.8484 2.8929 0.0827, 1.8484 2.8142 0.0827, 1.8484 2.893 0.0817, 1.8484 2.817 0.0613, 1.8484 2.8934 0.0807, 1.8484 2.8252 0.0413, 1.8484 2.8941 0.0799, 1.8484 2.8384 0.0242, 1.8484 2.8949 0.0793, 1.8484 2.8555 0.0111, 1.8484 2.8958 0.0789, 1.8484 2.8755 0.0028, 1.8484 2.8968 0.0787, 1.8484 2.8968 0.0, 1.6122 2.8968 0.0787, 1.6122 2.8968 0.0, 1.6122 2.8958 0.0789, 1.6122 2.8755 0.0028, 1.6122 2.8949 0.0793, 1.6122 2.8555 0.0111, 1.6122 2.8941 0.0799, 1.6122 2.8384 0.0242, 1.6122 2.8934 0.0807, 1.6122 2.8252 0.0413, 1.6122 2.893 0.0817, 1.6122 2.817 0.0613, 1.6122 2.8929 0.0827, 1.6122 2.8142 0.0827, 1.6122 3.011 0.0787, 1.6122 3.011 0.0, 1.8484 3.011 0.0, 1.8484 3.011 0.0787
            ]
        }
        coordIndex [
            0,1,2,-1,2,1,3,-1,2,3,4,-1,4,3,5,-1,4,5,6,-1,6,5,7,-1,6,7,8,-1,8,7,9,-1,8,9,10,-1,10,9,11,-1,10,11,12,-1,12,11,13,-1,14,15,16,-1,16,15,17,-1,16,17,18,-1,18,17,19,-1,18,19,20,-1,20,19,21,-1,20,21,22,-1,22,21,23,-1,22,23,24,-1,24,23,25,-1,24,25,26,-1,26,25,27,-1,1,27,25,-1,1,25,3,-1,3,25,23,-1,3,23,5,-1,5,23,21,-1,5,21,7,-1,7,21,19,-1,7,19,9,-1,9,19,17,-1,9,17,11,-1,11,17,15,-1,11,15,13,-1,12,14,10,-1,10,14,16,-1,10,16,8,-1,8,16,18,-1,8,18,6,-1,6,18,20,-1,6,20,4,-1,4,20,22,-1,4,22,2,-1,2,22,24,-1,2,24,0,-1,0,24,26,-1,28,29,14,-1,14,29,15,-1,30,31,13,-1,13,31,12,-1,29,30,15,-1,15,30,13,-1,12,31,14,-1,14,31,28,-1,30,29,31,-1,31,29,28,-1,
        ]
    }
}
Shape{
    appearance Appearance {
        material  Material 	{
            diffuseColor 1.0 1.0 1.0
            specularColor 0.5019607843137255 0.5019607843137255 0.5019607843137255
            ambientIntensity 1.0
            transparency 0.0
            shininess 0.5
        }
    }
    geometry IndexedFaceSet {
        ccw TRUE
        solid FALSE
        coord DEF co Coordinate {
            point [
                -2.6201 -2.3698 0.2509, -2.6201 -2.0228 0.2509, -2.6988 -2.3698 0.2509, -2.6988 -2.0228 0.2509, -2.6201 -2.0228 0.5068, -2.6988 -2.0228 0.5068, -2.6201 -2.3698 0.5068, -2.6988 -2.3698 0.5068, -2.6201 -2.9738 0.2509, -2.6201 -2.6601 0.2509, -2.6988 -2.9738 0.2509, -2.6988 -2.6601 0.2509, -2.6201 -2.6601 0.5068, -2.6988 -2.6601 0.5068, -2.6201 -2.9738 0.5068, -2.6988 -2.9738 0.5068
            ]
        }
        coordIndex [
            0,1,2,-1,2,1,3,-1,1,4,3,-1,3,4,5,-1,4,6,5,-1,5,6,7,-1,6,0,7,-1,7,0,2,-1,8,9,10,-1,10,9,11,-1,9,12,11,-1,11,12,13,-1,12,14,13,-1,13,14,15,-1,14,8,15,-1,15,8,10,-1,
        ]
    }
}
Shape{
    appearance Appearance {
        material  Material 	{
            diffuseColor 1.0 1.0 0.0
            specularColor 0.5019607843137255 0.5019607843137255 0.0
            ambientIntensity 0.886
            transparency 0.0
            shininess 0.5
        }
    }
    geometry IndexedFaceSet {
        ccw TRUE
        solid FALSE
        coord DEF co Coordinate {
            point [
                2.7539 -3.1346 0.0787, 2.7539 -3.1346 0.0, 2.7234 -3.1306 0.0787, 2.7234 -3.1306 0.0, 2.6949 -3.1188 0.0787, 2.6949 -3.1188 0.0, 2.6704 -3.1001 0.0787, 2.6704 -3.1001 0.0, 2.6517 -3.0756 0.0787, 2.6517 -3.0756 0.0, 2.6399 -3.0471 0.0787, 2.6399 -3.0471 0.0, 2.6358 -3.0165 0.0787, 2.6358 -3.0165 0.0, 2.6399 -2.986 0.0787, 2.6399 -2.986 0.0, 2.6517 -2.9575 0.0787, 2.6517 -2.9575 0.0, 2.6704 -2.933 0.0787, 2.6704 -2.933 0.0, 2.6949 -2.9143 0.0787, 2.6949 -2.9143 0.0, 2.7234 -2.9025 0.0787, 2.7234 -2.9025 0.0, 2.7539 -2.8984 0.0787, 2.7539 -2.8984 0.0, 2.6752 -2.7606 0.0, 2.6752 -2.7606 0.0787, 2.6956 -2.7633 0.0787, 2.6956 -2.7633 0.0, 2.7146 -2.7712 0.0787, 2.7146 -2.7712 0.0, 2.7309 -2.7837 0.0787, 2.7309 -2.7837 0.0, 2.7434 -2.8 0.0787, 2.7434 -2.8 0.0, 2.7513 -2.819 0.0787, 2.7513 -2.819 0.0, 2.7539 -2.8394 0.0787, 2.7539 -2.8394 0.0, 2.7539 -3.1937 0.0, 2.7539 -3.1937 0.0787, 2.7513 -3.2141 0.0787, 2.7513 -3.2141 0.0, 2.7434 -3.2331 0.0787, 2.7434 -3.2331 0.0, 2.7309 -3.2494 0.0787, 2.7309 -3.2494 0.0, 2.7146 -3.2619 0.0787, 2.7146 -3.2619 0.0, 2.6956 -3.2698 0.0787, 2.6956 -3.2698 0.0, 2.6752 -3.2724 0.0787, 2.6752 -3.2724 0.0
            ]
        }
        coordIndex [
            0,1,2,-1,2,1,3,-1,2,3,4,-1,4,3,5,-1,4,5,6,-1,6,5,7,-1,6,7,8,-1,8,7,9,-1,8,9,10,-1,10,9,11,-1,10,11,12,-1,12,11,13,-1,12,13,14,-1,14,13,15,-1,14,15,16,-1,16,15,17,-1,16,17,18,-1,18,17,19,-1,18,19,20,-1,20,19,21,-1,20,21,22,-1,22,21,23,-1,22,23,24,-1,24,23,25,-1,26,27,28,-1,26,28,29,-1,29,28,30,-1,29,30,31,-1,31,30,32,-1,31,32,33,-1,33,32,34,-1,33,34,35,-1,35,34,36,-1,35,36,37,-1,37,36,38,-1,37,38,39,-1,40,41,42,-1,40,42,43,-1,43,42,44,-1,43,44,45,-1,45,44,46,-1,45,46,47,-1,47,46,48,-1,47,48,49,-1,49,48,50,-1,49,50,51,-1,51,50,52,-1,51,52,53,-1,
        ]
    }
}
Shape{
    appearance Appearance {
        material  Material 	{
            diffuseColor 0.5019607843137255 0.5019607843137255 0.5019607843137255
            specularColor 0.25098039215686274 0.25098039215686274 0.25098039215686274
            ambientIntensity 0.502
            transparency 0.0
            shininess 0.5
        }
    }
    geometry IndexedFaceSet {
        ccw TRUE
        solid FALSE
        coord DEF co Coordinate {
            point [
                1.435 2.8102 0.0039, 1.435 3.0071 0.0039, 1.5709 3.0071 0.0039, 2.2028 -2.6819 0.0039, 2.2028 -3.1543 0.0039, 2.1251 -3.1543 0.0039, -1.6358 -2.6819 0.0039, -1.6358 -3.2724 0.0039, -1.6949 -3.2724 0.0039, -2.3051 -0.9772 0.0039, -2.6201 -0.9772 0.0039, -2.6201 -0.9687 0.0039, 1.9272 -3.1543 0.0039, 1.9272 -3.2724 0.0039, 1.5709 -3.2724 0.0039, 0.1912 -2.485 0.0039, 0.1912 -1.3376 0.0039, 0.2296 -1.7133 0.0039, 0.2296 -1.6701 0.0039, 0.2874 -1.3376 0.0039, 0.2751 -1.3385 0.0039, 0.2296 -1.3509 0.0039, 0.2296 -1.4037 0.0039, 0.2739 -1.3847 0.0039, 0.2366 -1.674 0.0039, 0.3218 -1.3785 0.0039, 0.3605 -1.3828 0.0039, 0.3864 -1.7335 0.0039, 0.4246 -1.7204 0.0039, 0.4705 -2.485 0.0039, 0.39 -1.3934 0.0039, 0.4172 -1.4117 0.0039, 0.441 -1.4379 0.0039, 0.4696 -1.5411 0.0039, 0.4656 -1.5837 0.0039, 0.4549 -1.6176 0.0039, 0.3673 -1.6912 0.0039, 0.3306 -1.6953 0.0039, 0.396 -1.6807 0.0039, 0.4202 -1.6644 0.0039, 0.4387 -1.6449 0.0039, 0.2784 -1.6895 0.0039, 0.4573 -1.4683 0.0039, 0.4677 -1.5105 0.0039, 0.2715 -1.7306 0.0039, 0.3271 -1.7384 0.0039, 0.3379 -1.7385 0.0039, 0.3222 -1.3352 0.0039, 0.1912 -0.9687 0.0039, 0.3516 -1.3376 0.0039, 0.4705 -0.9687 0.0039, 0.443 -1.3728 0.0039, 0.4056 -1.3512 0.0039, 0.4705 -1.3376 0.0039, 0.3618 -1.3385 0.0039, 0.4562 -1.7002 0.0039, 0.4705 -1.6852 0.0039, 0.5392 -2.485 0.0039, 0.4858 -1.669 0.0039, 0.5168 -1.4884 0.0039, 0.5017 -1.4437 0.0039, 0.5392 -1.3376 0.0039, 0.4786 -1.4069 0.0039, 0.4705 -1.3991 0.0039, 0.5068 -1.6316 0.0039, 0.5186 -1.5899 0.0039, 0.5224 -1.5443 0.0039, -0.0585 -1.7337 0.0039, -0.1353 -1.7337 0.0039, -0.0585 -1.6905 0.0039, -0.1353 -1.34 0.0039, -0.0489 -1.3833 0.0039, -0.3051 -2.485 0.0039, -0.2911 -1.7295 0.0039, -0.2424 -1.7337 0.0039, -0.2464 -1.34 0.0039, -0.3051 -1.3376 0.0039, -0.0489 -1.34 0.0039, 0.0374 -1.3376 0.0039, 0.0999 -1.3833 0.0039, 0.0999 -1.5129 0.0039, 0.0374 -1.3833 0.0039, 0.0374 -1.5129 0.0039, -0.0393 -1.5129 0.0039, -0.0393 -1.5561 0.0039, 0.0374 -1.6905 0.0039, 0.0374 -1.5561 0.0039, 0.0999 -1.6905 0.0039, 0.0999 -1.5561 0.0039, 0.0374 -2.485 0.0039, 0.0374 -1.7337 0.0039, 0.1527 -1.7337 0.0039, 0.1527 -1.34 0.0039, 0.0374 -1.34 0.0039, -0.3957 -1.6748 0.0039, -0.3957 -2.485 0.0039, -0.41 -1.6611 0.0039, -0.4666 -2.485 0.0039, -0.4326 -1.6258 0.0039, -0.4388 -1.4561 0.0039, -0.4494 -1.4949 0.0039, -0.4666 -1.3376 0.0039, -0.4522 -1.5319 0.0039, -0.4467 -1.5846 0.0039, -0.3033 -1.3461 0.0039, -0.3051 -1.3468 0.0039, -0.3957 -1.3376 0.0039, -0.3494 -1.3623 0.0039, -0.3922 -1.391 0.0039, -0.3926 -1.3914 0.0039, -0.3957 -1.3947 0.0039, -0.4205 -1.4223 0.0039, -0.3776 -1.6921 0.0039, -0.3365 -1.716 0.0039, -0.3051 -1.7253 0.0039, 2.6752 0.434 0.0039, 2.6752 -0.9687 0.0039, 2.6588 0.0455 0.0039, 2.4746 0.434 0.0039, 2.4746 0.0455 0.0039, 2.1251 -0.9687 0.0039, 2.0419 -3.0591 0.0039, 2.0449 -3.0591 0.0039, 2.0449 -2.767 0.0039, 1.8209 -1.263 0.0039, 1.8209 -1.3376 0.0039, 1.5709 -1.3376 0.0039, 1.8209 -1.4931 0.0039, 2.0389 -2.1954 0.0039, 2.0419 -1.4931 0.0039, 2.0389 -2.5983 0.0039, 2.0419 -2.767 0.0039, 1.8209 -2.5983 0.0039, 1.5709 -2.767 0.0039, 1.8209 -2.1954 0.0039, 1.5709 -0.9687 0.0039, 2.0419 -0.9687 0.0039, 2.0419 -1.263 0.0039, 2.0449 -1.4931 0.0039, 2.0449 -1.3376 0.0039, 2.1251 -1.3376 0.0039, 2.0449 -1.263 0.0039, 1.0193 -1.3376 0.0039, 2.0419 -3.1543 0.0039, 1.5709 -3.0591 0.0039, 1.1193 -3.0591 0.0039, 1.0193 -3.2724 0.0039, 1.1193 -2.767 0.0039, -2.2264 1.6213 0.0039, -2.6201 1.6213 0.0039, -2.4429 2.8102 0.0039, -2.6201 3.0071 0.0039, -2.4429 3.0071 0.0039, -2.1122 2.1131 0.0039, -2.1122 0.999 0.0039, -2.6201 0.434 0.0039, -2.6201 0.9126 0.0039, -2.1122 0.7426 0.0039, -2.2264 0.9126 0.0039, -2.2264 0.999 0.0039, -2.3051 -1.3376 0.0039, -2.0451 -0.9687 0.0039, -2.0451 -3.2724 0.0039, -2.6201 -3.2724 0.0039, -2.6201 -1.3709 0.0039, -1.2618 -2.485 0.0039, -1.439 -2.485 0.0039, -1.6949 -1.3376 0.0039, -0.8363 -1.7337 0.0039, -1.2618 -1.3376 0.0039, -0.8247 -1.7039 0.0039, -0.8247 -1.3376 0.0039, -0.6827 -1.34 0.0039, -0.8247 -2.485 0.0039, -0.8247 -1.7337 0.0039, -0.7787 -1.7337 0.0039, -0.6299 -1.34 0.0039, -0.481 -1.7337 0.0039, -0.5386 -1.7337 0.0039, -0.7389 -1.6233 0.0039, -0.5762 -1.6233 0.0039, 0.7049 -1.34 0.0039, 0.7049 -1.6905 0.0039, 0.556 -1.6905 0.0039, 0.7577 -1.7337 0.0039, 0.7577 -1.34 0.0039, 0.9035 -1.3376 0.0039, 0.556 -1.7337 0.0039, 0.9035 -3.2724 0.0039, 0.8248 -3.2724 0.0039, 0.8248 -2.6819 0.0039, 0.628 -2.485 0.0039, 2.6752 -2.6819 0.0039, 1.8878 2.8102 0.0039, 1.8878 3.0071 0.0039, 2.0419 3.0071 0.0039, 1.5728 2.8102 0.0039, 2.0419 0.999 0.0039, 1.5709 0.999 0.0039, 1.3209 0.7426 0.0039, 1.3209 0.999 0.0039, 1.3209 2.1131 0.0039, 0.9035 0.999 0.0039, 0.8878 0.999 0.0039, 0.8878 2.1131 0.0039, 0.4862 2.1131 0.0039, 0.4705 2.8102 0.0039, 0.5392 2.1131 0.0039, 0.5392 2.8102 0.0039, 0.9035 2.8102 0.0039, 0.4705 0.999 0.0039, 0.4548 0.999 0.0039, 0.4548 2.1131 0.0039, 0.0374 0.999 0.0039, 0.0217 0.999 0.0039, 0.0217 2.1131 0.0039, -0.38 2.1131 0.0039, -0.3957 2.8102 0.0039, -0.3051 2.1131 0.0039, -0.3051 2.8102 0.0039, 0.0374 2.8102 0.0039, -0.3957 0.999 0.0039, -0.4114 0.999 0.0039, -0.4114 2.1131 0.0039, -0.8247 2.8102 0.0039, -0.8247 0.999 0.0039, -0.8445 2.1131 0.0039, -0.8445 0.999 0.0039, -0.8287 2.8102 0.0039, -1.2461 2.1131 0.0039, -1.2618 2.8102 0.0039, -1.2618 0.999 0.0039, -1.2775 0.999 0.0039, -1.2775 2.1131 0.0039, -1.6949 0.999 0.0039, -1.7106 0.999 0.0039, -1.7106 2.1131 0.0039, -2.2165 2.8102 0.0039, -2.0451 2.1131 0.0039, -2.0451 2.8102 0.0039, -1.6949 2.8102 0.0039, 1.5709 0.434 0.0039, 1.0193 0.434 0.0039, 1.0193 0.7426 0.0039, 1.5728 3.0071 0.0039, 1.0193 2.8102 0.0039, 1.0193 2.1131 0.0039, 0.9193 2.1131 0.0039, 0.9193 0.999 0.0039, 0.9193 0.7426 0.0039, 0.9035 0.434 0.0039, 0.4862 0.999 0.0039, 0.4862 0.7426 0.0039, 0.8878 0.7426 0.0039, 0.5392 0.7426 0.0039, 0.5392 0.434 0.0039, 0.4705 0.434 0.0039, 0.1912 2.8102 0.0039, 0.1912 2.1131 0.0039, 0.0531 2.1131 0.0039, 0.0531 0.999 0.0039, 0.0531 0.7426 0.0039, 0.4548 0.7426 0.0039, 0.1912 0.7426 0.0039, 0.1912 0.434 0.0039, 0.0374 0.434 0.0039, -0.38 0.999 0.0039, -0.38 0.7426 0.0039, 0.0217 0.7426 0.0039, -0.3051 0.7426 0.0039, -0.3051 0.434 0.0039, -0.3957 0.434 0.0039, -0.4666 2.8102 0.0039, -0.4666 2.1131 0.0039, -0.813 2.1131 0.0039, -0.813 0.999 0.0039, -0.813 0.7426 0.0039, -1.2461 0.999 0.0039, -1.2461 0.7426 0.0039, -0.8445 0.7426 0.0039, -0.8247 0.434 0.0039, -1.2618 0.434 0.0039, -0.4114 0.7426 0.0039, -0.4666 0.7426 0.0039, -0.4666 0.434 0.0039, -1.6792 2.1131 0.0039, -1.6792 0.999 0.0039, -1.6792 0.7426 0.0039, -2.0451 0.434 0.0039, -2.0451 0.7426 0.0039, -1.6949 0.434 0.0039, -1.7106 0.7426 0.0039, -1.2775 0.7426 0.0039, 0.8415 -0.6745 0.0039, 0.9035 -0.9687 0.0039, 0.5392 -0.6745 0.0039, 0.5392 -0.9687 0.0039, 0.4705 -0.6745 0.0039, 0.1912 -0.6745 0.0039, 0.0374 -0.6745 0.0039, 0.0374 -0.9687 0.0039, -0.2303 -0.6745 0.0039, -0.3051 -0.9687 0.0039, -0.2303 0.1253 0.0039, 0.8415 0.1253 0.0039, 0.5392 0.1253 0.0039, 0.4705 0.1253 0.0039, 0.1912 0.1253 0.0039, 0.0374 0.1253 0.0039, 2.2052 1.1355 0.0039, 2.6588 1.1355 0.0039, 2.6752 0.999 0.0039, 2.6588 2.5218 0.0039, 2.6752 3.0071 0.0039, 2.1251 3.0071 0.0039, 2.2052 2.5218 0.0039, 2.1251 0.999 0.0039, 2.6588 0.8624 0.0039, 2.6588 0.434 0.0039, 2.6752 -1.3376 0.0039, 2.4746 0.8624 0.0039, 2.1251 0.434 0.0039, 2.0419 0.434 0.0039, 1.0193 -0.9687 0.0039, -0.3957 -0.9687 0.0039, -0.4666 -0.9687 0.0039, -0.8247 -0.9687 0.0039, -0.848 0.1253 0.0039, -1.2618 0.1253 0.0039, -1.6949 0.1253 0.0039, -1.978 0.1253 0.0039, -1.978 -0.6745 0.0039, -1.6949 -0.9687 0.0039, -1.6949 -0.6745 0.0039, -1.2618 -0.9687 0.0039, -1.2618 -0.6745 0.0039, -0.848 -0.6745 0.0039, -2.0451 -1.3376 0.0039, -2.3051 -1.3709 0.0039, -1.7106 2.1131 0.6654, -1.7106 1.452 0.6654, -1.6792 1.452 0.6654, -2.2165 2.8102 0.6654, -2.4429 2.8102 0.6654, -1.6792 2.1131 0.6654, -1.2775 2.1131 0.6654, -0.8287 2.8102 0.6654, -1.2618 2.8102 0.6654, -1.2775 1.452 0.6654, -1.2461 1.452 0.6654, -1.2461 2.1131 0.6654, -2.6161 2.3772 0.6654, -2.3445 2.3772 0.6654, -2.6161 3.0071 0.6654, -2.4429 3.0071 0.6654, -1.6949 2.8102 0.6654, -0.3957 2.8102 0.6654, 0.0374 2.8102 0.6654, -0.8445 1.452 0.6654, -0.813 1.452 0.6654, -0.8445 2.1131 0.6654, -0.813 2.1131 0.6654, -2.3445 2.2 0.6654, -2.1122 2.0258 0.6654, -2.1122 2.1131 0.6654, -0.4114 2.1131 0.6654, 0.4705 2.8102 0.6654, -0.4114 1.452 0.6654, -0.38 1.452 0.6654, -0.38 2.1131 0.6654, 0.9035 2.8102 0.6654, 0.0217 1.452 0.6654, 0.0531 1.452 0.6654, 0.0217 2.1131 0.6654, 0.0531 2.1131 0.6654, 0.4548 2.1131 0.6654, 1.435 2.8102 0.6654, 0.4862 2.1131 0.6654, 0.8878 2.1131 0.6654, 1.5728 2.8102 0.6654, 0.4548 1.452 0.6654, 0.4862 1.452 0.6654, 1.435 3.0071 0.6654, 1.5728 2.9087 0.6654, 1.8878 2.9087 0.6654, 2.6713 3.0071 0.6654, 1.8878 2.8102 0.6654, 0.8878 1.452 0.6654, 0.9193 1.452 0.6654, 0.9193 2.1131 0.6654, 1.3209 1.452 0.6654, 1.5497 1.452 0.6654, 1.3209 2.1131 0.6654, 1.6133 1.7958 0.6654, 1.6133 2.2445 0.6654, 2.2052 2.5218 0.6654, 2.6588 2.5218 0.6654, 2.6588 1.1355 0.6654, 2.6588 0.8624 0.6654, 2.6588 0.0455 0.6654, 2.6713 -1.3827 0.6654, 2.4746 0.0455 0.6654, 2.0256 0.011 0.6654, 2.0256 -1.263 0.6654, 2.1915 0.011 0.6654, 2.0449 -1.263 0.6654, 2.1915 2.2445 0.6654, 2.2052 1.1355 0.6654, 2.4746 0.8624 0.6654, 2.0506 -1.4024 0.6654, 2.0568 -1.3942 0.6654, 2.0256 -1.4931 0.6654, 2.0256 -2.1954 0.6654, 2.0449 -1.4931 0.6654, 2.0389 -2.1954 0.6654, 2.0568 -2.3554 0.6654, 2.0506 -2.3472 0.6654, 2.0389 -2.5983 0.6654, 2.065 -2.3617 0.6654, 2.0256 -3.0591 0.6654, 2.0256 -3.1543 0.6654, 2.0449 -3.0591 0.6654, 2.2028 -3.1543 0.6654, 2.0449 -2.767 0.6654, 2.2028 -2.6819 0.6654, 2.0256 -2.767 0.6654, 2.0256 -2.5983 0.6654, 2.065 -1.388 0.6654, 2.0745 -1.384 0.6654, 2.0846 -1.3827 0.6654, 2.6713 -2.6819 0.6654, 2.6713 -2.3669 0.6654, 2.0846 -2.3669 0.6654, 2.0745 -2.3656 0.6654, 2.0466 -2.3378 0.6654, 2.0453 -2.3276 0.6654, 2.0453 -1.422 0.6654, 2.0466 -1.4119 0.6654, -1.6792 1.452 0.1929, -1.7106 1.452 0.1929, -2.2266 1.452 0.6654, -2.2266 1.452 0.1929, -2.1122 1.452 0.6654, -2.1122 1.452 0.1929, -1.2461 1.452 0.1929, -1.2775 1.452 0.1929, -0.813 1.452 0.1929, -0.8445 1.452 0.1929, -0.38 1.452 0.1929, -0.4114 1.452 0.1929, 0.0531 1.452 0.1929, 0.0217 1.452 0.1929, 0.4862 1.452 0.1929, 0.4548 1.452 0.1929, 0.9193 1.452 0.1929, 0.8878 1.452 0.1929, -2.6201 3.0071 0.6614, -2.6189 3.0071 0.6642, -2.6196 3.0071 0.6634, -2.6199 3.0071 0.6624, -2.6181 3.0071 0.6648, -2.6172 3.0071 0.6652, 2.0256 -2.767 0.1929, 2.0256 -2.5983 0.1929, 2.0256 -2.1954 0.1929, 2.0256 -1.4931 0.1929, 2.0256 1.452 0.4685, 2.0256 1.452 0.1929, 2.0256 0.011 0.4685, 2.0256 -1.263 0.1929, 0.8248 -3.2724 0.1929, 1.9272 -3.2724 0.1929, 1.5889 1.452 0.6654, 1.7846 1.452 0.6654, 1.7846 1.5876 0.6654, 2.0806 1.5876 0.6654, 2.0806 1.9813 0.6654, 1.6869 1.9813 0.6654, -2.5413 -1.6465 0.1535, -2.3445 -1.6465 0.1535, -2.5413 -1.3709 0.1535, -2.3445 -1.3709 0.1535, -2.502 -1.6465 0.6654, -2.6161 -1.6465 0.6654, -2.502 -3.1937 0.6654, -2.6161 -3.1937 0.6654, -2.6201 -3.2724 0.1929, -2.6201 -3.1937 0.1929, -2.6201 -1.2921 0.4685, -2.6201 -1.2921 0.1535, -2.6201 -1.6465 0.4685, -2.6201 -1.3709 0.1535, -2.6201 -3.1937 0.6614, -2.6201 -1.6465 0.6614, -2.3445 -1.3709 0.1929, -2.3445 -1.6465 0.1929, -2.5413 -1.2921 0.1535, -2.5413 -1.2921 0.4685, -2.5413 -1.6465 0.4685, -2.502 -1.6465 0.1929, -2.6189 -1.6465 0.6642, -2.6181 -1.6465 0.6648, -2.6172 -1.6465 0.6652, -2.6196 -1.6465 0.6634, -2.6199 -1.6465 0.6624, -2.3445 2.2 0.1535, -2.3445 2.3772 0.1535, -2.6201 2.3772 0.1535, -2.5413 -0.9772 0.1535, -2.3445 -0.9772 0.1535, -2.5413 0.3693 0.1535, -2.3445 1.3174 0.1535, -2.6201 0.3693 0.1535, -2.1122 1.5825 0.1535, -2.1122 2.0258 0.1535, -2.1122 1.5825 0.6654, -2.6199 -3.1937 0.6624, -2.6196 -3.1937 0.6634, -2.6189 -3.1937 0.6642, -2.6181 -3.1937 0.6648, -2.6172 -3.1937 0.6652, 2.6723 -1.3827 0.6652, 2.6723 3.0071 0.6652, 2.6732 -1.3827 0.6648, 2.6732 3.0071 0.6648, 2.674 -1.3827 0.6642, 2.674 3.0071 0.6642, 2.6747 -1.3827 0.6634, 2.6747 3.0071 0.6634, 2.6751 -1.3827 0.6624, 2.6751 3.0071 0.6624, 2.6752 -1.3827 0.6614, 2.6752 3.0071 0.6614, 1.5728 3.0071 0.1535, 1.8878 3.0071 0.1535, -1.6358 -3.2724 0.1929, -2.6201 2.3772 0.6614, -2.6199 2.3772 0.6624, -2.6196 2.3772 0.6634, -2.6189 2.3772 0.6642, -2.6181 2.3772 0.6648, -2.6172 2.3772 0.6652, -2.6201 -0.9772 0.1535, -2.6201 -1.0559 0.1535, -2.6201 -1.0559 0.4685, -2.6201 0.3693 0.4685, -2.6201 0.9126 0.122, -2.6201 1.6213 0.122, 2.6752 -2.3669 0.6614, 2.6752 -2.6819 0.6614, 2.6752 -2.3669 0.4685, 2.6752 -1.3827 0.4685, 2.6723 -2.6819 0.6652, 2.6723 -2.3669 0.6652, 2.6732 -2.6819 0.6648, 2.6732 -2.3669 0.6648, 2.674 -2.6819 0.6642, 2.674 -2.3669 0.6642, 2.6747 -2.6819 0.6634, 2.6747 -2.3669 0.6634, 2.6751 -2.6819 0.6624, 2.6751 -2.3669 0.6624, 2.0256 -3.0591 0.1929, 2.0256 -3.1543 0.1929, -1.978 0.1253 0.1929, -0.848 0.1253 0.1929, 0.0531 0.7426 0.1929, 0.4548 0.7426 0.1929, -2.3051 -1.3709 0.1929, 1.9272 -3.1543 0.1929, 1.1193 -3.0591 0.1929, -0.38 0.7426 0.1929, 1.8209 -2.1954 0.1929, 1.8209 -1.4931 0.1929, -0.4114 0.7426 0.1929, -0.813 0.7426 0.1929, 1.1193 -2.767 0.1929, 1.8209 -2.5983 0.1929, 0.0217 0.7426 0.1929, 1.3209 1.452 0.1929, 1.3209 0.7426 0.1929, 1.8209 -1.263 0.1929, 0.8415 0.1253 0.1929, 0.8415 -0.6745 0.1929, -0.2303 -0.6745 0.1929, -0.848 -0.6745 0.1929, -2.3051 -0.9772 0.1929, -1.978 -0.6745 0.1929, -2.502 -3.1937 0.1929, -1.6358 -2.6819 0.1929, -1.439 -2.485 0.1929, 0.628 -2.485 0.1929, 0.8248 -2.6819 0.1929, -1.2461 0.7426 0.1929, 0.9193 0.7426 0.1929, -1.2775 0.7426 0.1929, -1.6792 0.7426 0.1929, 0.8878 0.7426 0.1929, 0.4862 0.7426 0.1929, -0.2303 0.1253 0.1929, -0.8445 0.7426 0.1929, -2.3445 -0.9772 0.1929, -2.1122 0.7426 0.1929, -1.7106 0.7426 0.1929, -2.3445 1.3174 0.1929, 1.7846 1.452 0.4685, 1.5497 1.452 0.4685, 1.5889 1.452 0.4685, 2.0846 -1.3827 0.4685, 2.0745 -1.384 0.4685, 2.065 -1.388 0.4685, 2.0568 -1.3942 0.4685, 2.0506 -1.4024 0.4685, 2.0466 -1.4119 0.4685, 2.0453 -1.422 0.4685, 2.0846 -2.3669 0.4685, 2.0453 -2.3276 0.4685, 2.0466 -2.3378 0.4685, 2.0506 -2.3472 0.4685, 2.0568 -2.3554 0.4685, 2.065 -2.3617 0.4685, 2.0745 -2.3656 0.4685, -2.5413 0.3693 0.4685, -2.5413 -1.0559 0.4685, -2.5413 -1.0559 0.1535
            ]
        }
        coordIndex [
            0,1,2,-1,3,4,5,-1,6,7,8,-1,9,10,11,-1,12,13,14,-1,15,16,17,-1,17,16,18,-1,16,19,20,-1,20,21,16,-1,16,21,22,-1,16,22,18,-1,18,22,23,-1,18,23,24,-1,24,23,25,-1,24,25,26,-1,27,28,29,-1,26,30,24,-1,24,30,31,-1,24,31,32,-1,33,34,24,-1,24,34,35,-1,36,37,38,-1,38,37,39,-1,35,40,24,-1,24,40,39,-1,24,39,41,-1,41,39,37,-1,32,42,24,-1,24,42,43,-1,24,43,33,-1,17,44,15,-1,15,44,45,-1,15,45,29,-1,29,45,46,-1,29,46,27,-1,47,48,49,-1,49,48,50,-1,51,52,53,-1,53,52,54,-1,28,55,29,-1,29,55,56,-1,29,56,57,-1,57,56,58,-1,59,60,61,-1,61,60,62,-1,61,62,53,-1,53,62,63,-1,53,63,51,-1,58,64,57,-1,57,64,65,-1,57,65,66,-1,67,68,69,-1,69,68,70,-1,69,70,71,-1,72,73,74,-1,70,75,76,-1,71,70,77,-1,77,70,76,-1,77,76,78,-1,79,80,81,-1,81,80,82,-1,81,82,71,-1,71,82,83,-1,71,83,69,-1,69,83,84,-1,69,84,85,-1,85,84,86,-1,85,86,87,-1,87,86,88,-1,74,68,72,-1,72,68,67,-1,72,67,89,-1,89,67,90,-1,89,90,15,-1,15,90,91,-1,15,91,16,-1,16,91,92,-1,16,92,78,-1,78,92,93,-1,78,93,77,-1,94,95,96,-1,96,95,97,-1,96,97,98,-1,99,100,101,-1,101,100,102,-1,101,102,97,-1,97,102,103,-1,97,103,98,-1,75,104,76,-1,76,104,105,-1,76,105,106,-1,106,105,107,-1,106,107,108,-1,108,109,106,-1,106,109,110,-1,106,110,101,-1,101,110,111,-1,101,111,99,-1,94,112,95,-1,95,112,113,-1,95,113,72,-1,72,113,114,-1,72,114,73,-1,115,116,117,-1,118,119,120,-1,121,122,5,-1,5,122,123,-1,124,125,126,-1,126,125,127,-1,128,127,129,-1,130,131,132,-1,132,131,133,-1,132,133,134,-1,135,136,137,-1,138,139,140,-1,140,139,141,-1,137,136,141,-1,141,136,120,-1,141,120,140,-1,128,134,127,-1,127,134,133,-1,127,133,126,-1,126,133,142,-1,5,143,121,-1,121,143,12,-1,121,12,144,-1,144,12,14,-1,144,14,145,-1,145,14,146,-1,145,146,147,-1,148,149,150,-1,150,149,151,-1,150,151,152,-1,148,153,154,-1,155,156,157,-1,157,156,158,-1,157,158,154,-1,154,158,159,-1,154,159,148,-1,160,9,161,-1,162,163,164,-1,165,166,167,-1,168,169,170,-1,170,169,171,-1,170,171,172,-1,167,169,165,-1,165,169,168,-1,165,168,173,-1,173,168,174,-1,173,174,175,-1,172,171,176,-1,176,171,101,-1,176,101,177,-1,177,101,97,-1,177,97,178,-1,179,180,175,-1,175,180,178,-1,175,178,173,-1,173,178,97,-1,181,182,183,-1,184,185,186,-1,186,185,181,-1,186,181,61,-1,61,181,183,-1,61,183,187,-1,188,189,190,-1,184,191,187,-1,187,191,57,-1,187,57,61,-1,61,57,66,-1,61,66,59,-1,192,3,140,-1,140,3,5,-1,140,5,138,-1,138,5,123,-1,138,123,129,-1,129,123,131,-1,129,131,128,-1,128,131,130,-1,193,194,195,-1,196,197,198,-1,199,200,198,-1,198,200,201,-1,202,203,204,-1,205,206,207,-1,207,206,208,-1,207,208,204,-1,204,208,209,-1,204,209,202,-1,210,211,212,-1,213,214,215,-1,216,217,218,-1,218,217,219,-1,218,219,215,-1,215,219,220,-1,215,220,213,-1,221,222,223,-1,224,225,226,-1,226,225,227,-1,224,226,228,-1,228,226,229,-1,228,229,230,-1,231,232,233,-1,234,235,236,-1,148,150,153,-1,153,150,237,-1,153,237,238,-1,238,237,239,-1,238,239,236,-1,236,239,240,-1,236,240,234,-1,241,242,243,-1,244,196,2,-1,2,196,198,-1,2,198,0,-1,0,198,201,-1,0,201,245,-1,245,201,246,-1,245,246,209,-1,209,246,247,-1,209,247,202,-1,202,247,248,-1,202,248,249,-1,243,242,249,-1,249,242,250,-1,249,250,202,-1,205,251,210,-1,210,251,252,-1,203,202,253,-1,253,202,250,-1,253,250,254,-1,254,250,255,-1,254,255,252,-1,252,255,256,-1,252,256,210,-1,205,210,206,-1,206,210,212,-1,206,212,257,-1,257,212,258,-1,257,258,220,-1,220,258,259,-1,220,259,213,-1,213,259,260,-1,213,260,261,-1,211,210,262,-1,262,210,256,-1,262,256,263,-1,263,256,264,-1,263,264,261,-1,261,264,265,-1,261,265,213,-1,216,266,221,-1,221,266,267,-1,214,213,268,-1,268,213,265,-1,268,265,269,-1,269,265,270,-1,269,270,267,-1,267,270,271,-1,267,271,221,-1,216,221,217,-1,217,221,223,-1,217,223,272,-1,272,223,273,-1,272,273,224,-1,224,273,274,-1,224,274,225,-1,225,274,275,-1,225,275,276,-1,229,277,231,-1,231,277,278,-1,279,280,278,-1,278,280,281,-1,278,281,231,-1,222,221,282,-1,282,221,271,-1,282,271,283,-1,283,271,284,-1,283,284,276,-1,276,284,280,-1,276,280,225,-1,225,280,279,-1,225,279,227,-1,229,231,230,-1,230,231,233,-1,230,233,240,-1,240,233,285,-1,240,285,234,-1,234,285,286,-1,234,286,287,-1,288,289,290,-1,290,289,291,-1,232,231,292,-1,292,231,281,-1,292,281,287,-1,287,281,290,-1,287,290,234,-1,234,290,291,-1,234,291,235,-1,293,294,295,-1,295,294,296,-1,295,296,297,-1,297,296,50,-1,297,50,298,-1,298,50,48,-1,298,48,299,-1,299,48,300,-1,299,300,301,-1,301,300,302,-1,301,302,303,-1,250,304,255,-1,255,304,305,-1,255,305,256,-1,256,305,306,-1,256,306,264,-1,264,306,307,-1,264,307,265,-1,265,307,308,-1,265,308,270,-1,309,310,311,-1,311,310,312,-1,311,312,313,-1,313,312,314,-1,315,309,316,-1,316,309,311,-1,316,311,317,-1,317,311,115,-1,317,115,318,-1,318,115,117,-1,192,140,319,-1,319,140,120,-1,319,120,116,-1,116,120,119,-1,116,119,117,-1,312,315,314,-1,314,315,316,-1,314,316,195,-1,195,316,197,-1,195,197,193,-1,193,197,196,-1,317,320,316,-1,316,320,321,-1,316,321,197,-1,197,321,322,-1,197,322,198,-1,198,322,241,-1,198,241,199,-1,199,241,243,-1,320,118,321,-1,321,118,120,-1,321,120,322,-1,322,120,136,-1,322,136,241,-1,241,136,135,-1,241,135,242,-1,242,135,323,-1,242,323,250,-1,250,323,294,-1,250,294,304,-1,304,294,293,-1,133,147,142,-1,142,147,146,-1,142,146,186,-1,186,146,188,-1,186,188,184,-1,184,188,190,-1,184,190,191,-1,137,124,135,-1,135,124,126,-1,135,126,323,-1,323,126,142,-1,323,142,294,-1,294,142,186,-1,294,186,296,-1,296,186,61,-1,296,61,50,-1,50,61,53,-1,50,53,49,-1,49,53,54,-1,308,303,270,-1,270,303,302,-1,270,302,271,-1,271,302,324,-1,271,324,284,-1,284,324,325,-1,284,325,280,-1,325,326,280,-1,280,326,327,-1,280,327,281,-1,281,327,328,-1,281,328,290,-1,290,328,329,-1,290,329,288,-1,288,329,330,-1,288,330,161,-1,161,330,331,-1,161,331,332,-1,332,331,333,-1,332,333,334,-1,334,333,335,-1,334,335,326,-1,326,335,336,-1,326,336,327,-1,47,19,48,-1,48,19,16,-1,48,16,300,-1,300,16,78,-1,300,78,302,-1,302,78,76,-1,302,76,324,-1,324,76,106,-1,324,106,325,-1,325,106,101,-1,325,101,326,-1,326,101,171,-1,326,171,334,-1,334,171,169,-1,334,169,332,-1,332,169,167,-1,332,167,161,-1,161,167,337,-1,161,337,160,-1,160,337,338,-1,166,6,167,-1,167,6,8,-1,167,8,337,-1,337,8,162,-1,337,162,338,-1,338,162,164,-1,9,11,161,-1,161,11,155,-1,161,155,288,-1,288,155,157,-1,288,157,289,-1,339,340,341,-1,342,343,344,-1,345,346,347,-1,348,349,345,-1,345,349,350,-1,351,352,353,-1,353,352,343,-1,353,343,354,-1,345,347,344,-1,344,347,355,-1,344,355,342,-1,346,345,356,-1,356,345,350,-1,356,350,357,-1,358,359,360,-1,360,359,361,-1,362,363,352,-1,352,363,364,-1,352,364,343,-1,343,364,339,-1,343,339,344,-1,344,339,341,-1,365,366,361,-1,361,366,357,-1,361,357,360,-1,360,357,350,-1,367,368,365,-1,365,368,369,-1,365,369,366,-1,366,369,370,-1,371,372,373,-1,373,372,374,-1,375,376,374,-1,374,376,370,-1,374,370,373,-1,373,370,369,-1,377,378,379,-1,380,381,375,-1,375,381,377,-1,375,377,376,-1,376,377,379,-1,376,379,382,-1,379,383,382,-1,382,383,384,-1,382,384,385,-1,385,384,386,-1,387,388,378,-1,378,388,389,-1,378,389,379,-1,379,389,386,-1,390,391,392,-1,392,391,393,-1,392,393,394,-1,386,395,385,-1,385,395,396,-1,385,396,397,-1,398,399,400,-1,400,399,401,-1,402,403,404,-1,404,403,405,-1,389,392,386,-1,386,392,394,-1,386,394,395,-1,395,394,406,-1,395,406,407,-1,407,406,404,-1,400,385,398,-1,398,385,397,-1,398,397,408,-1,408,397,407,-1,408,407,401,-1,401,407,404,-1,401,404,400,-1,405,409,410,-1,411,412,413,-1,413,412,414,-1,415,416,417,-1,415,417,418,-1,419,420,421,-1,421,420,422,-1,421,422,423,-1,423,422,424,-1,423,424,425,-1,425,424,417,-1,425,417,426,-1,410,427,405,-1,405,427,428,-1,405,428,404,-1,404,428,429,-1,404,429,400,-1,430,431,424,-1,424,431,432,-1,424,432,417,-1,417,432,433,-1,417,433,418,-1,416,434,417,-1,417,434,435,-1,417,435,414,-1,414,435,413,-1,413,435,436,-1,413,436,405,-1,405,436,437,-1,405,437,409,-1,438,341,439,-1,439,341,340,-1,440,441,442,-1,442,441,443,-1,444,349,445,-1,445,349,348,-1,446,359,447,-1,447,359,358,-1,448,368,449,-1,449,368,367,-1,450,372,451,-1,451,372,371,-1,452,381,453,-1,453,381,380,-1,454,388,455,-1,455,388,387,-1,152,151,354,-1,354,151,456,-1,354,456,353,-1,457,456,458,-1,458,456,459,-1,457,460,456,-1,456,460,461,-1,456,461,353,-1,425,426,462,-1,462,426,463,-1,412,411,464,-1,464,411,465,-1,466,467,468,-1,468,467,469,-1,468,469,402,-1,402,469,403,-1,189,188,470,-1,470,188,146,-1,470,146,471,-1,471,146,14,-1,471,14,13,-1,472,473,474,-1,475,476,474,-1,474,476,477,-1,474,477,472,-1,478,479,480,-1,480,479,481,-1,482,483,484,-1,484,483,485,-1,163,486,487,-1,488,489,490,-1,490,489,491,-1,492,493,487,-1,487,493,490,-1,487,490,163,-1,163,490,491,-1,163,491,164,-1,494,481,495,-1,495,481,479,-1,496,497,480,-1,480,497,498,-1,480,498,478,-1,488,490,497,-1,497,490,498,-1,499,495,479,-1,483,482,493,-1,479,478,499,-1,499,478,498,-1,499,498,482,-1,482,498,490,-1,482,490,493,-1,500,501,502,-1,500,502,503,-1,483,493,502,-1,502,493,504,-1,502,504,503,-1,505,506,507,-1,508,509,510,-1,510,509,511,-1,510,511,512,-1,513,514,511,-1,511,514,505,-1,511,505,512,-1,512,505,507,-1,515,440,442,-1,493,492,516,-1,493,516,504,-1,504,516,517,-1,504,517,503,-1,503,517,518,-1,503,518,500,-1,500,518,519,-1,500,519,501,-1,501,519,520,-1,501,520,502,-1,502,520,485,-1,502,485,483,-1,385,400,521,-1,385,521,522,-1,522,521,523,-1,522,523,524,-1,524,523,525,-1,524,525,526,-1,526,525,527,-1,526,527,528,-1,528,527,529,-1,528,529,530,-1,530,529,531,-1,530,531,532,-1,532,313,314,-1,533,244,2,-1,2,1,533,-1,533,1,382,-1,533,382,534,-1,534,382,385,-1,524,526,314,-1,194,534,195,-1,195,534,385,-1,195,385,314,-1,314,385,522,-1,314,522,524,-1,526,528,314,-1,314,528,530,-1,314,530,532,-1,535,486,163,-1,163,162,535,-1,535,162,8,-1,535,8,7,-1,456,536,537,-1,456,537,459,-1,459,537,538,-1,459,538,458,-1,458,538,539,-1,458,539,457,-1,457,539,540,-1,457,540,460,-1,460,540,541,-1,460,541,461,-1,461,541,351,-1,461,351,353,-1,11,10,542,-1,543,544,542,-1,542,544,545,-1,542,545,11,-1,11,545,512,-1,11,512,155,-1,536,456,507,-1,507,456,151,-1,156,155,546,-1,546,155,512,-1,546,512,547,-1,547,512,507,-1,547,507,149,-1,149,507,151,-1,548,549,550,-1,550,549,192,-1,550,192,551,-1,192,319,551,-1,551,319,116,-1,551,116,531,-1,531,116,115,-1,531,115,532,-1,532,115,311,-1,532,311,313,-1,431,430,552,-1,431,552,553,-1,553,552,554,-1,553,554,555,-1,555,554,556,-1,555,556,557,-1,557,556,558,-1,557,558,559,-1,559,558,560,-1,559,560,561,-1,561,560,549,-1,561,549,548,-1,562,563,419,-1,419,563,420,-1,564,565,566,-1,566,565,567,-1,568,494,495,-1,563,562,569,-1,569,562,570,-1,571,448,449,-1,464,465,572,-1,572,465,573,-1,574,575,564,-1,572,576,577,-1,577,576,462,-1,577,462,463,-1,449,574,571,-1,571,574,564,-1,571,564,578,-1,578,564,566,-1,578,566,451,-1,451,566,450,-1,467,579,580,-1,581,582,573,-1,573,582,583,-1,573,583,572,-1,572,583,584,-1,572,584,576,-1,568,585,586,-1,586,585,587,-1,586,587,564,-1,487,486,588,-1,588,486,535,-1,588,535,499,-1,499,535,589,-1,499,589,495,-1,495,589,590,-1,495,590,568,-1,568,590,591,-1,568,591,585,-1,471,569,470,-1,470,569,570,-1,470,570,592,-1,592,570,576,-1,593,444,445,-1,594,454,455,-1,595,596,564,-1,597,598,599,-1,445,595,593,-1,593,595,564,-1,593,564,600,-1,600,564,575,-1,600,575,447,-1,447,575,446,-1,455,597,594,-1,594,597,599,-1,594,599,580,-1,580,599,582,-1,580,582,467,-1,467,582,581,-1,467,581,469,-1,452,453,598,-1,598,453,567,-1,598,567,599,-1,599,567,565,-1,599,565,584,-1,584,565,585,-1,584,585,576,-1,576,585,591,-1,576,591,592,-1,601,586,602,-1,602,586,564,-1,602,564,603,-1,603,564,596,-1,603,596,439,-1,439,596,438,-1,443,441,602,-1,602,441,604,-1,602,604,601,-1,467,466,579,-1,579,466,605,-1,391,390,606,-1,606,390,579,-1,606,579,607,-1,607,579,605,-1,607,605,472,-1,472,605,473,-1,608,429,609,-1,609,429,428,-1,609,428,610,-1,610,428,427,-1,610,427,611,-1,611,427,410,-1,611,410,612,-1,612,410,409,-1,612,409,613,-1,613,409,437,-1,613,437,614,-1,614,437,436,-1,608,551,429,-1,429,551,531,-1,429,531,400,-1,525,531,527,-1,527,531,529,-1,525,523,531,-1,531,523,521,-1,531,521,400,-1,548,550,615,-1,615,432,548,-1,548,432,431,-1,548,431,561,-1,561,431,559,-1,553,555,431,-1,431,555,557,-1,431,557,559,-1,616,435,617,-1,617,435,434,-1,617,434,618,-1,618,434,416,-1,618,416,619,-1,619,416,415,-1,619,415,620,-1,620,415,418,-1,620,418,621,-1,621,418,433,-1,621,433,615,-1,615,433,432,-1,616,614,435,-1,435,614,436,-1,551,614,550,-1,550,614,616,-1,551,608,614,-1,614,608,609,-1,614,609,610,-1,610,611,614,-1,614,611,612,-1,614,612,613,-1,617,621,616,-1,616,621,615,-1,616,615,550,-1,618,619,617,-1,617,619,620,-1,617,620,621,-1,511,604,441,-1,440,515,441,-1,441,515,513,-1,441,513,511,-1,506,352,507,-1,507,352,351,-1,541,540,351,-1,351,540,539,-1,351,539,538,-1,538,537,351,-1,351,537,536,-1,351,536,507,-1,506,505,352,-1,352,505,362,-1,363,362,514,-1,514,362,505,-1,604,511,601,-1,601,511,509,-1,510,622,508,-1,508,622,623,-1,508,623,624,-1,545,622,512,-1,512,622,510,-1,623,622,544,-1,544,622,545,-1,338,568,160,-1,160,568,586,-1,160,586,9,-1,494,568,481,-1,481,568,338,-1,481,338,480,-1,480,338,164,-1,480,164,491,-1,542,10,508,-1,508,10,9,-1,508,9,509,-1,509,9,586,-1,509,586,601,-1,
        ]
    }
}
Shape{
    appearance Appearance {
        material  Material 	{
            diffuseColor 1.0 1.0 1.0
            specularColor 0.5019607843137255 0.5019607843137255 0.5019607843137255
            ambientIntensity 1.0
            transparency 0.0
            shininess 0.5
        }
    }
    geometry IndexedFaceSet {
        ccw TRUE
        solid FALSE
        coord DEF co Coordinate {
            point [
                2.2028 -3.1543 0.0039, 2.2028 -2.6819 0.0039, 2.2028 -3.1543 0.6654, 2.2028 -2.6819 0.6654, 2.6752 -2.6819 0.0039, 2.6752 -2.6819 0.6614, 2.6713 -2.6819 0.6654, 2.674 -2.6819 0.6642, 2.6747 -2.6819 0.6634, 2.6751 -2.6819 0.6624, 2.6732 -2.6819 0.6648, 2.6723 -2.6819 0.6652
            ]
        }
        coordIndex [
            0,1,2,-1,2,1,3,-1,1,4,3,-1,3,4,5,-1,3,5,6,-1,7,5,8,-1,8,5,9,-1,7,10,5,-1,5,10,11,-1,5,11,6,-1,
        ]
    }
}
Shape{
    appearance Appearance {
        material  Material 	{
            diffuseColor 0.5019607843137255 0.5019607843137255 0.5019607843137255
            specularColor 0.25098039215686274 0.25098039215686274 0.25098039215686274
            ambientIntensity 0.502
            transparency 0.0
            shininess 0.5
        }
    }
    geometry IndexedFaceSet {
        ccw TRUE
        solid FALSE
        coord DEF co Coordinate {
            point [
                -2.6201 0.9126 0.122, -2.2264 0.9126 0.122, -2.6201 0.9126 0.0039, -2.2264 0.9126 0.0039, -2.2264 1.6213 0.122, -2.2264 1.6213 0.0039, -2.2264 0.999 0.0039, -2.6201 1.6213 0.122, -2.6201 1.6213 0.0039, 2.1915 0.011 0.4685, 2.0256 0.011 0.4685, 2.1915 0.011 0.6654, 2.0256 0.011 0.6654, 1.7846 1.5876 0.4685, 1.7846 1.452 0.4685, 2.0806 1.5876 0.4685, 2.0256 1.452 0.4685, 1.5497 1.452 0.4685, 1.5889 1.452 0.4685, 1.6133 1.7958 0.4685, 1.6869 1.9813 0.4685, 1.6133 2.2445 0.4685, 2.1915 2.2445 0.4685, 2.0806 1.9813 0.4685, 1.7846 1.5876 0.6654, 1.7846 1.452 0.6654, 2.0806 1.5876 0.6654, 2.0806 1.9813 0.6654, 1.6869 1.9813 0.6654, 1.5889 1.452 0.6654, 1.6133 1.7958 0.6654, 1.5497 1.452 0.6654, 1.6133 2.2445 0.6654, 2.1915 2.2445 0.6654, -2.502 -3.1937 0.1929, -2.502 -1.6465 0.1929, -2.502 -3.1937 0.6654, -2.502 -1.6465 0.6654
            ]
        }
        coordIndex [
            0,1,2,-1,2,1,3,-1,4,5,1,-1,1,5,6,-1,1,6,3,-1,4,7,5,-1,5,7,8,-1,4,1,7,-1,7,1,0,-1,9,10,11,-1,11,10,12,-1,13,14,15,-1,15,14,16,-1,15,16,10,-1,17,18,19,-1,19,18,20,-1,19,20,21,-1,21,20,22,-1,20,23,22,-1,22,23,15,-1,22,15,9,-1,9,15,10,-1,13,24,14,-1,14,24,25,-1,13,15,24,-1,24,15,26,-1,15,23,26,-1,26,23,27,-1,23,20,27,-1,27,20,28,-1,28,20,29,-1,29,20,18,-1,19,30,17,-1,17,30,31,-1,19,21,30,-1,30,21,32,-1,21,22,32,-1,32,22,33,-1,22,9,33,-1,33,9,11,-1,34,35,36,-1,36,35,37,-1,
        ]
    }
}
Shape{
    appearance Appearance {
        material  Material 	{
            diffuseColor 1.0 1.0 1.0
            specularColor 0.5019607843137255 0.5019607843137255 0.5019607843137255
            ambientIntensity 1.0
            transparency 0.0
            shininess 0.5
        }
    }
    geometry IndexedFaceSet {
        ccw TRUE
        solid FALSE
        coord DEF co Coordinate {
            point [
                -2.6201 -3.1937 0.6614, -2.6201 -3.1937 0.1929, -2.502 -3.1937 0.1929, -2.6196 -3.1937 0.6634, -2.6161 -3.1937 0.6654, -2.6189 -3.1937 0.6642, -2.6172 -3.1937 0.6652, -2.6181 -3.1937 0.6648, -2.502 -3.1937 0.6654, -2.6199 -3.1937 0.6624
            ]
        }
        coordIndex [
            0,1,2,-1,3,4,5,-1,5,4,6,-1,5,6,7,-1,2,8,0,-1,0,8,4,-1,0,4,9,-1,9,4,3,-1,
        ]
    }
}
Shape{
    appearance Appearance {
        material  Material 	{
            diffuseColor 0.5019607843137255 0.5019607843137255 0.5019607843137255
            specularColor 0.25098039215686274 0.25098039215686274 0.25098039215686274
            ambientIntensity 0.502
            transparency 0.0
            shininess 0.5
        }
    }
    geometry IndexedFaceSet {
        ccw TRUE
        solid FALSE
        coord DEF co Coordinate {
            point [
                1.9272 -3.1543 0.0039, 1.9272 -3.1543 0.1929, 1.9272 -3.2724 0.0039, 1.9272 -3.2724 0.1929, 2.0256 -3.1543 0.1929, 2.0419 -3.1543 0.0039, 2.2028 -3.1543 0.6654, 2.0256 -3.1543 0.6654, 2.2028 -3.1543 0.0039, 2.1251 -3.1543 0.0039, 0.8248 -3.2724 0.0039, 0.8248 -3.2724 0.1929, 0.8248 -2.6819 0.0039, 0.8248 -2.6819 0.1929, 0.628 -2.485 0.0039, 0.628 -2.485 0.1929, -1.439 -2.485 0.0039, -1.2618 -2.485 0.0039, -1.439 -2.485 0.1929, -0.8247 -2.485 0.0039, -0.4666 -2.485 0.0039, -0.3957 -2.485 0.0039, -0.3051 -2.485 0.0039, 0.0374 -2.485 0.0039, 0.1912 -2.485 0.0039, 0.4705 -2.485 0.0039, 0.5392 -2.485 0.0039, -1.6358 -2.6819 0.0039, -1.6358 -2.6819 0.1929, -1.6358 -3.2724 0.0039, -1.6358 -3.2724 0.1929, 1.8209 -1.263 0.0039, 1.8209 -1.263 0.1929, 1.8209 -1.3376 0.0039, 1.8209 -1.4931 0.1929, 1.8209 -1.4931 0.0039, 2.0449 -1.4931 0.0039, 2.0449 -1.4931 0.6654, 2.0449 -1.3376 0.0039, 2.0449 -1.263 0.6654, 2.0449 -1.263 0.0039, 2.0256 -1.263 0.1929, 2.0256 -1.263 0.6654, 2.0419 -1.263 0.0039, 2.0256 -1.4931 0.1929, 2.0256 -1.4931 0.6654, 2.0419 -1.4931 0.0039, 1.8209 -2.1954 0.0039, 1.8209 -2.1954 0.1929, 1.8209 -2.5983 0.0039, 1.8209 -2.5983 0.1929, 2.0389 -2.1954 0.0039, 2.0389 -2.5983 0.0039, 2.0389 -2.1954 0.6654, 2.0389 -2.5983 0.6654, 2.0256 -2.1954 0.6654, 2.0256 -2.1954 0.1929, 2.0256 -2.5983 0.6654, 2.0256 -2.5983 0.1929, 1.1193 -2.767 0.0039, 1.1193 -2.767 0.1929, 1.1193 -3.0591 0.0039, 1.1193 -3.0591 0.1929, 2.0449 -2.767 0.0039, 2.0449 -3.0591 0.0039, 2.0449 -2.767 0.6654, 2.0449 -3.0591 0.6654, 2.0419 -2.767 0.0039, 2.0256 -2.767 0.1929, 2.0256 -2.767 0.6654, 1.5709 -2.767 0.0039, 2.0256 -3.0591 0.1929, 2.0256 -3.0591 0.6654, 2.0419 -3.0591 0.0039, 1.5709 -3.0591 0.0039, 2.6588 0.8624 0.6654, 2.6588 0.8624 0.0039, 2.6588 0.0455 0.6654, 2.6588 0.434 0.0039, 2.6588 0.0455 0.0039, 2.4746 0.8624 0.0039, 2.4746 0.8624 0.6654, 2.4746 0.434 0.0039, 2.4746 0.0455 0.6654, 2.4746 0.0455 0.0039, 2.6588 2.5218 0.0039, 2.6588 1.1355 0.0039, 2.6588 2.5218 0.6654, 2.6588 1.1355 0.6654, 2.3297 2.5218 0.3937, 2.3485 2.5218 0.4182, 2.2052 2.5218 0.6654, 2.432 2.5218 0.2165, 2.2052 2.5218 0.0039, 2.4015 2.5218 0.2206, 2.373 2.5218 0.2324, 2.3485 2.5218 0.2511, 2.3297 2.5218 0.2756, 2.5343 2.5218 0.2756, 2.5156 2.5218 0.2511, 2.3179 2.5218 0.3041, 2.3139 2.5218 0.3346, 2.3179 2.5218 0.3652, 2.4911 2.5218 0.2324, 2.4626 2.5218 0.2206, 2.373 2.5218 0.4369, 2.4015 2.5218 0.4487, 2.432 2.5218 0.4528, 2.4626 2.5218 0.4487, 2.4911 2.5218 0.4369, 2.5156 2.5218 0.4182, 2.5343 2.5218 0.3937, 2.5461 2.5218 0.3652, 2.5501 2.5218 0.3346, 2.5461 2.5218 0.3041, 2.2052 1.1355 0.0039, 2.2052 1.1355 0.6654, 2.3297 1.1355 0.2756, 2.3485 1.1355 0.2511, 2.5343 1.1355 0.3937, 2.5156 1.1355 0.4182, 2.432 1.1355 0.4528, 2.4015 1.1355 0.4487, 2.373 1.1355 0.4369, 2.3485 1.1355 0.4182, 2.3297 1.1355 0.3937, 2.4911 1.1355 0.4369, 2.4626 1.1355 0.4487, 2.3179 1.1355 0.3652, 2.3139 1.1355 0.3346, 2.3179 1.1355 0.3041, 2.4626 1.1355 0.2206, 2.4911 1.1355 0.2324, 2.5156 1.1355 0.2511, 2.5343 1.1355 0.2756, 2.373 1.1355 0.2324, 2.4015 1.1355 0.2206, 2.432 1.1355 0.2165, 2.5461 1.1355 0.3041, 2.5501 1.1355 0.3346, 2.5461 1.1355 0.3652, 1.5728 2.9087 0.6654, 1.5728 2.8102 0.6654, 1.5728 2.9087 0.1535, 1.5728 2.8102 0.0039, 1.5728 3.0071 0.1535, 1.5728 3.0071 0.0039, 1.8878 3.0071 0.1535, 1.8878 3.0071 0.0039, 1.8878 2.9087 0.1535, 1.8878 2.8102 0.0039, 1.8878 2.9087 0.6654, 1.8878 2.8102 0.6654, -2.4429 2.8102 0.0039, -2.4429 3.0071 0.0039, -2.4429 2.8102 0.4213, -2.4429 3.0071 0.6654, -2.4429 2.8102 0.6654, 1.435 3.0071 0.0039, 1.435 2.8102 0.0039, 1.435 3.0071 0.6654, 1.435 2.8102 0.4213, 1.435 2.8102 0.6654, -2.2165 2.8102 0.6654, -2.2165 2.8102 0.4213, -2.2165 2.8102 0.0039, -1.9902 2.8102 0.1378, -1.9902 2.8102 0.1772, -1.8327 2.8102 0.1772, -1.6949 2.8102 0.4213, -1.8327 2.8102 0.1378, -1.6949 2.8102 0.0039, -2.0451 2.8102 0.0039, -1.3996 2.8102 0.1378, -1.2618 2.8102 0.0039, -1.5571 2.8102 0.1378, -1.5571 2.8102 0.1772, -1.3996 2.8102 0.1772, -1.2618 2.8102 0.4213, -0.8287 2.8102 0.4213, -0.9665 2.8102 0.1772, -1.124 2.8102 0.1772, -1.124 2.8102 0.1378, -0.8287 2.8102 0.0039, -0.9665 2.8102 0.1378, -0.6909 2.8102 0.1772, -0.5335 2.8102 0.1772, -0.3957 2.8102 0.4213, -0.5335 2.8102 0.1378, -0.3957 2.8102 0.0039, -0.4666 2.8102 0.0039, -0.6909 2.8102 0.1378, -0.8247 2.8102 0.0039, -0.2579 2.8102 0.1378, -0.2579 2.8102 0.1772, -0.1004 2.8102 0.1772, 0.0374 2.8102 0.4213, -0.1004 2.8102 0.1378, 0.0374 2.8102 0.0039, -0.3051 2.8102 0.0039, 0.1752 2.8102 0.1378, 0.1752 2.8102 0.1772, 0.3327 2.8102 0.1772, 0.4705 2.8102 0.4213, 0.3327 2.8102 0.1378, 0.4705 2.8102 0.0039, 0.1912 2.8102 0.0039, 0.6083 2.8102 0.1378, 0.6083 2.8102 0.1772, 0.7657 2.8102 0.1772, 0.9035 2.8102 0.4213, 0.7657 2.8102 0.1378, 0.9035 2.8102 0.0039, 0.5392 2.8102 0.0039, 1.0413 2.8102 0.1378, 1.0413 2.8102 0.1772, 1.1988 2.8102 0.1772, 1.1988 2.8102 0.1378, 1.0193 2.8102 0.0039, -1.6949 2.8102 0.6654, -1.2618 2.8102 0.6654, -0.8287 2.8102 0.6654, -0.3957 2.8102 0.6654, 0.0374 2.8102 0.6654, 0.4705 2.8102 0.6654, 0.9035 2.8102 0.6654
            ]
        }
        coordIndex [
            0,1,2,-1,2,1,3,-1,1,0,4,-1,4,0,5,-1,6,7,8,-1,8,7,4,-1,8,4,9,-1,9,4,5,-1,10,11,12,-1,12,11,13,-1,12,13,14,-1,14,13,15,-1,16,17,18,-1,18,17,19,-1,19,20,18,-1,18,20,21,-1,18,21,15,-1,21,22,15,-1,15,22,23,-1,15,23,24,-1,24,25,15,-1,15,25,26,-1,15,26,14,-1,16,18,27,-1,27,18,28,-1,27,28,29,-1,29,28,30,-1,31,32,33,-1,33,32,34,-1,33,34,35,-1,36,37,38,-1,38,37,39,-1,38,39,40,-1,40,39,41,-1,41,39,42,-1,40,41,43,-1,43,41,32,-1,43,32,31,-1,44,45,37,-1,35,34,46,-1,46,34,44,-1,46,44,36,-1,36,44,37,-1,47,48,49,-1,49,48,50,-1,51,52,53,-1,53,52,54,-1,53,55,56,-1,48,47,56,-1,56,47,51,-1,56,51,53,-1,57,54,58,-1,58,54,52,-1,58,52,50,-1,50,52,49,-1,59,60,61,-1,61,60,62,-1,63,64,65,-1,65,64,66,-1,67,63,68,-1,68,63,65,-1,68,65,69,-1,67,68,70,-1,70,68,60,-1,70,60,59,-1,71,72,66,-1,66,64,71,-1,71,64,73,-1,71,73,62,-1,62,73,74,-1,62,74,61,-1,75,76,77,-1,77,76,78,-1,77,78,79,-1,80,76,81,-1,81,76,75,-1,80,81,82,-1,82,81,83,-1,82,83,84,-1,79,84,77,-1,77,84,83,-1,85,86,87,-1,87,86,88,-1,89,90,91,-1,85,92,93,-1,93,92,94,-1,94,95,93,-1,93,95,96,-1,93,96,97,-1,98,99,85,-1,97,100,93,-1,93,100,101,-1,93,101,91,-1,91,101,102,-1,91,102,89,-1,99,103,85,-1,85,103,104,-1,85,104,92,-1,90,105,91,-1,91,105,106,-1,91,106,87,-1,87,106,107,-1,87,107,108,-1,108,109,87,-1,87,109,110,-1,87,110,111,-1,111,112,87,-1,87,112,113,-1,87,113,85,-1,85,113,114,-1,85,114,98,-1,115,93,116,-1,116,93,91,-1,117,118,115,-1,119,120,88,-1,88,121,116,-1,116,121,122,-1,122,123,116,-1,116,123,124,-1,116,124,125,-1,120,126,88,-1,88,126,127,-1,88,127,121,-1,125,128,116,-1,116,128,129,-1,116,129,115,-1,115,129,130,-1,115,130,117,-1,131,132,86,-1,86,132,133,-1,86,133,134,-1,118,135,115,-1,115,135,136,-1,115,136,86,-1,86,136,137,-1,86,137,131,-1,134,138,86,-1,86,138,139,-1,86,139,88,-1,88,139,140,-1,88,140,119,-1,141,142,143,-1,143,142,144,-1,143,144,145,-1,145,144,146,-1,147,148,149,-1,149,148,150,-1,149,150,151,-1,151,150,152,-1,142,152,144,-1,144,152,150,-1,153,154,155,-1,155,154,156,-1,155,156,157,-1,158,159,160,-1,160,159,161,-1,160,161,162,-1,155,157,163,-1,155,164,153,-1,153,164,165,-1,166,165,167,-1,167,165,164,-1,167,164,168,-1,168,164,169,-1,168,169,170,-1,170,169,171,-1,170,171,166,-1,166,171,172,-1,166,172,165,-1,173,174,175,-1,175,174,171,-1,175,171,176,-1,176,171,169,-1,176,169,177,-1,177,169,178,-1,177,178,173,-1,173,178,174,-1,179,180,178,-1,178,180,181,-1,178,181,174,-1,174,181,182,-1,174,182,183,-1,183,182,184,-1,185,179,186,-1,186,179,187,-1,186,187,188,-1,187,189,188,-1,188,189,190,-1,188,190,191,-1,191,190,192,-1,191,192,185,-1,185,192,183,-1,185,183,179,-1,179,183,184,-1,179,184,180,-1,193,189,194,-1,194,189,187,-1,194,187,195,-1,195,187,196,-1,195,196,197,-1,197,196,198,-1,197,198,193,-1,193,198,199,-1,193,199,189,-1,200,198,201,-1,201,198,196,-1,201,196,202,-1,202,196,203,-1,202,203,204,-1,204,203,205,-1,204,205,200,-1,200,205,206,-1,200,206,198,-1,207,205,208,-1,208,205,203,-1,208,203,209,-1,209,203,210,-1,209,210,211,-1,211,210,212,-1,211,212,207,-1,207,212,213,-1,207,213,205,-1,214,212,215,-1,215,212,210,-1,215,210,216,-1,216,210,161,-1,216,161,217,-1,217,161,159,-1,217,159,214,-1,214,159,218,-1,214,218,212,-1,155,163,164,-1,164,163,219,-1,164,219,169,-1,169,219,220,-1,169,220,178,-1,178,220,221,-1,178,221,179,-1,179,221,222,-1,179,222,187,-1,187,222,223,-1,187,223,196,-1,196,223,224,-1,196,224,203,-1,203,224,225,-1,203,225,210,-1,210,225,162,-1,210,162,161,-1,
        ]
    }
}
Shape{
    appearance Appearance {
        material  Material 	{
            diffuseColor 1.0 1.0 0.0
            specularColor 0.5019607843137255 0.5019607843137255 0.0
            ambientIntensity 0.886
            transparency 0.0
            shininess 0.5
        }
    }
    geometry IndexedFaceSet {
        ccw TRUE
        solid FALSE
        coord DEF co Coordinate {
            point [
                1.1988 3.0071 0.0, 1.1988 2.9087 0.0, 1.0413 3.0071 0.0, 1.0413 2.9087 0.0, 1.1988 3.0071 0.0394, 1.0413 3.0071 0.0394, 1.1988 2.9087 0.0394, 1.0413 2.9087 0.0394, 1.1988 2.9087 0.0984, 1.0413 2.9087 0.0984, 1.0413 2.906 0.1188, 1.1988 2.906 0.1188, 1.0413 2.8981 0.1378, 1.1988 2.8981 0.1378, 1.0413 2.8856 0.1541, 1.1988 2.8856 0.1541, 1.0413 2.8693 0.1666, 1.1988 2.8693 0.1666, 1.0413 2.8503 0.1745, 1.1988 2.8503 0.1745, 1.0413 2.8299 0.1772, 1.1988 2.8299 0.1772, 1.1988 2.8102 0.1772, 1.0413 2.8102 0.1772, 1.1988 2.8299 0.1378, 1.1988 2.8102 0.1378, 1.0413 2.8299 0.1378, 1.0413 2.8102 0.1378, 1.1988 2.8401 0.1365, 1.0413 2.8401 0.1365, 1.1988 2.8496 0.1325, 1.0413 2.8496 0.1325, 1.1988 2.8578 0.1263, 1.0413 2.8578 0.1263, 1.1988 2.864 0.1181, 1.0413 2.864 0.1181, 1.1988 2.8679 0.1086, 1.0413 2.8679 0.1086, 1.1988 2.8693 0.0984, 1.0413 2.8693 0.0984, 1.1988 2.8693 0.0394, 1.0413 2.8693 0.0394, 1.0413 2.8706 0.0292, 1.1988 2.8706 0.0292, 1.0413 2.8746 0.0197, 1.1988 2.8746 0.0197, 1.0413 2.8808 0.0115, 1.1988 2.8808 0.0115, 1.0413 2.889 0.0053, 1.1988 2.889 0.0053, 1.0413 2.8985 0.0013, 1.1988 2.8985 0.0013, 0.7657 3.0071 0.0, 0.7657 2.9087 0.0, 0.6083 3.0071 0.0, 0.6083 2.9087 0.0, 0.7657 3.0071 0.0394, 0.6083 3.0071 0.0394, 0.7657 2.9087 0.0394, 0.6083 2.9087 0.0394, 0.7657 2.9087 0.0984, 0.6083 2.9087 0.0984, 0.6083 2.906 0.1188, 0.7657 2.906 0.1188, 0.6083 2.8981 0.1378, 0.7657 2.8981 0.1378, 0.6083 2.8856 0.1541, 0.7657 2.8856 0.1541, 0.6083 2.8693 0.1666, 0.7657 2.8693 0.1666, 0.6083 2.8503 0.1745, 0.7657 2.8503 0.1745, 0.6083 2.8299 0.1772, 0.7657 2.8299 0.1772, 0.7657 2.8102 0.1772, 0.6083 2.8102 0.1772, 0.7657 2.8299 0.1378, 0.7657 2.8102 0.1378, 0.6083 2.8299 0.1378, 0.6083 2.8102 0.1378, 0.7657 2.8401 0.1365, 0.6083 2.8401 0.1365, 0.7657 2.8496 0.1325, 0.6083 2.8496 0.1325, 0.7657 2.8578 0.1263, 0.6083 2.8578 0.1263, 0.7657 2.864 0.1181, 0.6083 2.864 0.1181, 0.7657 2.8679 0.1086, 0.6083 2.8679 0.1086, 0.7657 2.8693 0.0984, 0.6083 2.8693 0.0984, 0.7657 2.8693 0.0394, 0.6083 2.8693 0.0394, 0.6083 2.8706 0.0292, 0.7657 2.8706 0.0292, 0.6083 2.8746 0.0197, 0.7657 2.8746 0.0197, 0.6083 2.8808 0.0115, 0.7657 2.8808 0.0115, 0.6083 2.889 0.0053, 0.7657 2.889 0.0053, 0.6083 2.8985 0.0013, 0.7657 2.8985 0.0013, 0.3327 3.0071 0.0, 0.3327 2.9087 0.0, 0.1752 3.0071 0.0, 0.1752 2.9087 0.0, 0.3327 3.0071 0.0394, 0.1752 3.0071 0.0394, 0.3327 2.9087 0.0394, 0.1752 2.9087 0.0394, 0.3327 2.9087 0.0984, 0.1752 2.9087 0.0984, 0.1752 2.906 0.1188, 0.3327 2.906 0.1188, 0.1752 2.8981 0.1378, 0.3327 2.8981 0.1378, 0.1752 2.8856 0.1541, 0.3327 2.8856 0.1541, 0.1752 2.8693 0.1666, 0.3327 2.8693 0.1666, 0.1752 2.8503 0.1745, 0.3327 2.8503 0.1745, 0.1752 2.8299 0.1772, 0.3327 2.8299 0.1772, 0.3327 2.8102 0.1772, 0.1752 2.8102 0.1772, 0.3327 2.8299 0.1378, 0.3327 2.8102 0.1378, 0.1752 2.8299 0.1378, 0.1752 2.8102 0.1378, 0.3327 2.8401 0.1365, 0.1752 2.8401 0.1365, 0.3327 2.8496 0.1325, 0.1752 2.8496 0.1325, 0.3327 2.8578 0.1263, 0.1752 2.8578 0.1263, 0.3327 2.864 0.1181, 0.1752 2.864 0.1181, 0.3327 2.8679 0.1086, 0.1752 2.8679 0.1086, 0.3327 2.8693 0.0984, 0.1752 2.8693 0.0984, 0.3327 2.8693 0.0394, 0.1752 2.8693 0.0394, 0.1752 2.8706 0.0292, 0.3327 2.8706 0.0292, 0.1752 2.8746 0.0197, 0.3327 2.8746 0.0197, 0.1752 2.8808 0.0115, 0.3327 2.8808 0.0115, 0.1752 2.889 0.0053, 0.3327 2.889 0.0053, 0.1752 2.8985 0.0013, 0.3327 2.8985 0.0013, -0.1004 3.0071 0.0, -0.1004 2.9087 0.0, -0.2579 3.0071 0.0, -0.2579 2.9087 0.0, -0.1004 3.0071 0.0394, -0.2579 3.0071 0.0394, -0.1004 2.9087 0.0394, -0.2579 2.9087 0.0394, -0.1004 2.9087 0.0984, -0.2579 2.9087 0.0984, -0.2579 2.906 0.1188, -0.1004 2.906 0.1188, -0.2579 2.8981 0.1378, -0.1004 2.8981 0.1378, -0.2579 2.8856 0.1541, -0.1004 2.8856 0.1541, -0.2579 2.8693 0.1666, -0.1004 2.8693 0.1666, -0.2579 2.8503 0.1745, -0.1004 2.8503 0.1745, -0.2579 2.8299 0.1772, -0.1004 2.8299 0.1772, -0.1004 2.8102 0.1772, -0.2579 2.8102 0.1772, -0.1004 2.8299 0.1378, -0.1004 2.8102 0.1378, -0.2579 2.8299 0.1378, -0.2579 2.8102 0.1378, -0.1004 2.8401 0.1365, -0.2579 2.8401 0.1365, -0.1004 2.8496 0.1325, -0.2579 2.8496 0.1325, -0.1004 2.8578 0.1263, -0.2579 2.8578 0.1263, -0.1004 2.864 0.1181, -0.2579 2.864 0.1181, -0.1004 2.8679 0.1086, -0.2579 2.8679 0.1086, -0.1004 2.8693 0.0984, -0.2579 2.8693 0.0984, -0.1004 2.8693 0.0394, -0.2579 2.8693 0.0394, -0.2579 2.8706 0.0292, -0.1004 2.8706 0.0292, -0.2579 2.8746 0.0197, -0.1004 2.8746 0.0197, -0.2579 2.8808 0.0115, -0.1004 2.8808 0.0115, -0.2579 2.889 0.0053, -0.1004 2.889 0.0053, -0.2579 2.8985 0.0013, -0.1004 2.8985 0.0013, -0.5335 3.0071 0.0, -0.5335 2.9087 0.0, -0.6909 3.0071 0.0, -0.6909 2.9087 0.0, -0.5335 3.0071 0.0394, -0.6909 3.0071 0.0394, -0.5335 2.9087 0.0394, -0.6909 2.9087 0.0394, -0.5335 2.9087 0.0984, -0.6909 2.9087 0.0984, -0.6909 2.906 0.1188, -0.5335 2.906 0.1188, -0.6909 2.8981 0.1378, -0.5335 2.8981 0.1378, -0.6909 2.8856 0.1541, -0.5335 2.8856 0.1541, -0.6909 2.8693 0.1666, -0.5335 2.8693 0.1666, -0.6909 2.8503 0.1745, -0.5335 2.8503 0.1745, -0.6909 2.8299 0.1772, -0.5335 2.8299 0.1772, -0.5335 2.8102 0.1772, -0.6909 2.8102 0.1772, -0.5335 2.8299 0.1378, -0.5335 2.8102 0.1378, -0.6909 2.8299 0.1378, -0.6909 2.8102 0.1378, -0.5335 2.8401 0.1365, -0.6909 2.8401 0.1365, -0.5335 2.8496 0.1325, -0.6909 2.8496 0.1325, -0.5335 2.8578 0.1263, -0.6909 2.8578 0.1263, -0.5335 2.864 0.1181, -0.6909 2.864 0.1181, -0.5335 2.8679 0.1086, -0.6909 2.8679 0.1086, -0.5335 2.8693 0.0984, -0.6909 2.8693 0.0984, -0.5335 2.8693 0.0394, -0.6909 2.8693 0.0394, -0.6909 2.8706 0.0292, -0.5335 2.8706 0.0292, -0.6909 2.8746 0.0197, -0.5335 2.8746 0.0197, -0.6909 2.8808 0.0115, -0.5335 2.8808 0.0115, -0.6909 2.889 0.0053, -0.5335 2.889 0.0053, -0.6909 2.8985 0.0013, -0.5335 2.8985 0.0013, -0.9665 3.0071 0.0, -0.9665 2.9087 0.0, -1.124 3.0071 0.0, -1.124 2.9087 0.0, -0.9665 3.0071 0.0394, -1.124 3.0071 0.0394, -0.9665 2.9087 0.0394, -1.124 2.9087 0.0394, -0.9665 2.9087 0.0984, -1.124 2.9087 0.0984, -1.124 2.906 0.1188, -0.9665 2.906 0.1188, -1.124 2.8981 0.1378, -0.9665 2.8981 0.1378, -1.124 2.8856 0.1541, -0.9665 2.8856 0.1541, -1.124 2.8693 0.1666, -0.9665 2.8693 0.1666, -1.124 2.8503 0.1745, -0.9665 2.8503 0.1745, -1.124 2.8299 0.1772, -0.9665 2.8299 0.1772, -0.9665 2.8102 0.1772, -1.124 2.8102 0.1772, -0.9665 2.8299 0.1378, -0.9665 2.8102 0.1378, -1.124 2.8299 0.1378, -1.124 2.8102 0.1378, -0.9665 2.8401 0.1365, -1.124 2.8401 0.1365, -0.9665 2.8496 0.1325, -1.124 2.8496 0.1325, -0.9665 2.8578 0.1263, -1.124 2.8578 0.1263, -0.9665 2.864 0.1181, -1.124 2.864 0.1181, -0.9665 2.8679 0.1086, -1.124 2.8679 0.1086, -0.9665 2.8693 0.0984, -1.124 2.8693 0.0984, -0.9665 2.8693 0.0394, -1.124 2.8693 0.0394, -1.124 2.8706 0.0292, -0.9665 2.8706 0.0292, -1.124 2.8746 0.0197, -0.9665 2.8746 0.0197, -1.124 2.8808 0.0115, -0.9665 2.8808 0.0115, -1.124 2.889 0.0053, -0.9665 2.889 0.0053, -1.124 2.8985 0.0013, -0.9665 2.8985 0.0013, -1.3996 3.0071 0.0, -1.3996 2.9087 0.0, -1.5571 3.0071 0.0, -1.5571 2.9087 0.0, -1.3996 3.0071 0.0394, -1.5571 3.0071 0.0394, -1.3996 2.9087 0.0394, -1.5571 2.9087 0.0394, -1.3996 2.9087 0.0984, -1.5571 2.9087 0.0984, -1.5571 2.906 0.1188, -1.3996 2.906 0.1188, -1.5571 2.8981 0.1378, -1.3996 2.8981 0.1378, -1.5571 2.8856 0.1541, -1.3996 2.8856 0.1541, -1.5571 2.8693 0.1666, -1.3996 2.8693 0.1666, -1.5571 2.8503 0.1745, -1.3996 2.8503 0.1745, -1.5571 2.8299 0.1772, -1.3996 2.8299 0.1772, -1.3996 2.8102 0.1772, -1.5571 2.8102 0.1772, -1.3996 2.8299 0.1378, -1.3996 2.8102 0.1378, -1.5571 2.8299 0.1378, -1.5571 2.8102 0.1378, -1.3996 2.8401 0.1365, -1.5571 2.8401 0.1365, -1.3996 2.8496 0.1325, -1.5571 2.8496 0.1325, -1.3996 2.8578 0.1263, -1.5571 2.8578 0.1263, -1.3996 2.864 0.1181, -1.5571 2.864 0.1181, -1.3996 2.8679 0.1086, -1.5571 2.8679 0.1086, -1.3996 2.8693 0.0984, -1.5571 2.8693 0.0984, -1.3996 2.8693 0.0394, -1.5571 2.8693 0.0394, -1.5571 2.8706 0.0292, -1.3996 2.8706 0.0292, -1.5571 2.8746 0.0197, -1.3996 2.8746 0.0197, -1.5571 2.8808 0.0115, -1.3996 2.8808 0.0115, -1.5571 2.889 0.0053, -1.3996 2.889 0.0053, -1.5571 2.8985 0.0013, -1.3996 2.8985 0.0013, -1.8327 3.0071 0.0, -1.8327 2.9087 0.0, -1.9902 3.0071 0.0, -1.9902 2.9087 0.0, -1.8327 3.0071 0.0394, -1.9902 3.0071 0.0394, -1.8327 2.9087 0.0394, -1.9902 2.9087 0.0394, -1.8327 2.9087 0.0984, -1.9902 2.9087 0.0984, -1.9902 2.906 0.1188, -1.8327 2.906 0.1188, -1.9902 2.8981 0.1378, -1.8327 2.8981 0.1378, -1.9902 2.8856 0.1541, -1.8327 2.8856 0.1541, -1.9902 2.8693 0.1666, -1.8327 2.8693 0.1666, -1.9902 2.8503 0.1745, -1.8327 2.8503 0.1745, -1.9902 2.8299 0.1772, -1.8327 2.8299 0.1772, -1.8327 2.8102 0.1772, -1.9902 2.8102 0.1772, -1.8327 2.8299 0.1378, -1.8327 2.8102 0.1378, -1.9902 2.8299 0.1378, -1.9902 2.8102 0.1378, -1.8327 2.8401 0.1365, -1.9902 2.8401 0.1365, -1.8327 2.8496 0.1325, -1.9902 2.8496 0.1325, -1.8327 2.8578 0.1263, -1.9902 2.8578 0.1263, -1.8327 2.864 0.1181, -1.9902 2.864 0.1181, -1.8327 2.8679 0.1086, -1.9902 2.8679 0.1086, -1.8327 2.8693 0.0984, -1.9902 2.8693 0.0984, -1.8327 2.8693 0.0394, -1.9902 2.8693 0.0394, -1.9902 2.8706 0.0292, -1.8327 2.8706 0.0292, -1.9902 2.8746 0.0197, -1.8327 2.8746 0.0197, -1.9902 2.8808 0.0115, -1.8327 2.8808 0.0115, -1.9902 2.889 0.0053, -1.8327 2.889 0.0053, -1.9902 2.8985 0.0013, -1.8327 2.8985 0.0013
            ]
        }
        coordIndex [
            0,1,2,-1,2,1,3,-1,4,0,5,-1,5,0,2,-1,6,4,7,-1,7,4,5,-1,8,6,9,-1,9,6,7,-1,8,9,10,-1,8,10,11,-1,11,10,12,-1,11,12,13,-1,13,12,14,-1,13,14,15,-1,15,14,16,-1,15,16,17,-1,17,16,18,-1,17,18,19,-1,19,18,20,-1,19,20,21,-1,22,21,23,-1,23,21,20,-1,24,25,26,-1,26,25,27,-1,24,26,28,-1,28,26,29,-1,28,29,30,-1,30,29,31,-1,30,31,32,-1,32,31,33,-1,32,33,34,-1,34,33,35,-1,34,35,36,-1,36,35,37,-1,36,37,38,-1,38,37,39,-1,40,38,41,-1,41,38,39,-1,40,41,42,-1,40,42,43,-1,43,42,44,-1,43,44,45,-1,45,44,46,-1,45,46,47,-1,47,46,48,-1,47,48,49,-1,49,48,50,-1,49,50,51,-1,51,50,3,-1,51,3,1,-1,0,4,1,-1,1,4,6,-1,1,6,51,-1,51,6,49,-1,43,45,6,-1,6,45,47,-1,6,47,49,-1,22,25,21,-1,21,25,24,-1,21,24,19,-1,19,24,28,-1,19,28,17,-1,17,28,30,-1,17,30,15,-1,15,30,32,-1,15,32,13,-1,13,32,34,-1,13,34,11,-1,11,34,36,-1,11,36,8,-1,8,36,38,-1,8,38,6,-1,6,38,40,-1,6,40,43,-1,5,2,7,-1,7,2,3,-1,7,3,50,-1,50,48,7,-1,7,48,46,-1,7,46,44,-1,27,23,26,-1,26,23,20,-1,26,20,29,-1,29,20,18,-1,29,18,31,-1,31,18,16,-1,31,16,33,-1,33,16,14,-1,33,14,35,-1,35,14,12,-1,35,12,37,-1,37,12,10,-1,37,10,39,-1,39,10,9,-1,39,9,41,-1,41,9,7,-1,41,7,42,-1,42,7,44,-1,52,53,54,-1,54,53,55,-1,56,52,57,-1,57,52,54,-1,58,56,59,-1,59,56,57,-1,60,58,61,-1,61,58,59,-1,60,61,62,-1,60,62,63,-1,63,62,64,-1,63,64,65,-1,65,64,66,-1,65,66,67,-1,67,66,68,-1,67,68,69,-1,69,68,70,-1,69,70,71,-1,71,70,72,-1,71,72,73,-1,74,73,75,-1,75,73,72,-1,76,77,78,-1,78,77,79,-1,76,78,80,-1,80,78,81,-1,80,81,82,-1,82,81,83,-1,82,83,84,-1,84,83,85,-1,84,85,86,-1,86,85,87,-1,86,87,88,-1,88,87,89,-1,88,89,90,-1,90,89,91,-1,92,90,93,-1,93,90,91,-1,92,93,94,-1,92,94,95,-1,95,94,96,-1,95,96,97,-1,97,96,98,-1,97,98,99,-1,99,98,100,-1,99,100,101,-1,101,100,102,-1,101,102,103,-1,103,102,55,-1,103,55,53,-1,52,56,53,-1,53,56,58,-1,53,58,103,-1,103,58,101,-1,95,97,58,-1,58,97,99,-1,58,99,101,-1,74,77,73,-1,73,77,76,-1,73,76,71,-1,71,76,80,-1,71,80,69,-1,69,80,82,-1,69,82,67,-1,67,82,84,-1,67,84,65,-1,65,84,86,-1,65,86,63,-1,63,86,88,-1,63,88,60,-1,60,88,90,-1,60,90,58,-1,58,90,92,-1,58,92,95,-1,57,54,59,-1,59,54,55,-1,59,55,102,-1,102,100,59,-1,59,100,98,-1,59,98,96,-1,79,75,78,-1,78,75,72,-1,78,72,81,-1,81,72,70,-1,81,70,83,-1,83,70,68,-1,83,68,85,-1,85,68,66,-1,85,66,87,-1,87,66,64,-1,87,64,89,-1,89,64,62,-1,89,62,91,-1,91,62,61,-1,91,61,93,-1,93,61,59,-1,93,59,94,-1,94,59,96,-1,104,105,106,-1,106,105,107,-1,108,104,109,-1,109,104,106,-1,110,108,111,-1,111,108,109,-1,112,110,113,-1,113,110,111,-1,112,113,114,-1,112,114,115,-1,115,114,116,-1,115,116,117,-1,117,116,118,-1,117,118,119,-1,119,118,120,-1,119,120,121,-1,121,120,122,-1,121,122,123,-1,123,122,124,-1,123,124,125,-1,126,125,127,-1,127,125,124,-1,128,129,130,-1,130,129,131,-1,128,130,132,-1,132,130,133,-1,132,133,134,-1,134,133,135,-1,134,135,136,-1,136,135,137,-1,136,137,138,-1,138,137,139,-1,138,139,140,-1,140,139,141,-1,140,141,142,-1,142,141,143,-1,144,142,145,-1,145,142,143,-1,144,145,146,-1,144,146,147,-1,147,146,148,-1,147,148,149,-1,149,148,150,-1,149,150,151,-1,151,150,152,-1,151,152,153,-1,153,152,154,-1,153,154,155,-1,155,154,107,-1,155,107,105,-1,104,108,105,-1,105,108,110,-1,105,110,155,-1,155,110,153,-1,147,149,110,-1,110,149,151,-1,110,151,153,-1,126,129,125,-1,125,129,128,-1,125,128,123,-1,123,128,132,-1,123,132,121,-1,121,132,134,-1,121,134,119,-1,119,134,136,-1,119,136,117,-1,117,136,138,-1,117,138,115,-1,115,138,140,-1,115,140,112,-1,112,140,142,-1,112,142,110,-1,110,142,144,-1,110,144,147,-1,109,106,111,-1,111,106,107,-1,111,107,154,-1,154,152,111,-1,111,152,150,-1,111,150,148,-1,131,127,130,-1,130,127,124,-1,130,124,133,-1,133,124,122,-1,133,122,135,-1,135,122,120,-1,135,120,137,-1,137,120,118,-1,137,118,139,-1,139,118,116,-1,139,116,141,-1,141,116,114,-1,141,114,143,-1,143,114,113,-1,143,113,145,-1,145,113,111,-1,145,111,146,-1,146,111,148,-1,156,157,158,-1,158,157,159,-1,160,156,161,-1,161,156,158,-1,162,160,163,-1,163,160,161,-1,164,162,165,-1,165,162,163,-1,164,165,166,-1,164,166,167,-1,167,166,168,-1,167,168,169,-1,169,168,170,-1,169,170,171,-1,171,170,172,-1,171,172,173,-1,173,172,174,-1,173,174,175,-1,175,174,176,-1,175,176,177,-1,178,177,179,-1,179,177,176,-1,180,181,182,-1,182,181,183,-1,180,182,184,-1,184,182,185,-1,184,185,186,-1,186,185,187,-1,186,187,188,-1,188,187,189,-1,188,189,190,-1,190,189,191,-1,190,191,192,-1,192,191,193,-1,192,193,194,-1,194,193,195,-1,196,194,197,-1,197,194,195,-1,196,197,198,-1,196,198,199,-1,199,198,200,-1,199,200,201,-1,201,200,202,-1,201,202,203,-1,203,202,204,-1,203,204,205,-1,205,204,206,-1,205,206,207,-1,207,206,159,-1,207,159,157,-1,156,160,157,-1,157,160,162,-1,157,162,207,-1,207,162,205,-1,199,201,162,-1,162,201,203,-1,162,203,205,-1,178,181,177,-1,177,181,180,-1,177,180,175,-1,175,180,184,-1,175,184,173,-1,173,184,186,-1,173,186,171,-1,171,186,188,-1,171,188,169,-1,169,188,190,-1,169,190,167,-1,167,190,192,-1,167,192,164,-1,164,192,194,-1,164,194,162,-1,162,194,196,-1,162,196,199,-1,161,158,163,-1,163,158,159,-1,163,159,206,-1,206,204,163,-1,163,204,202,-1,163,202,200,-1,183,179,182,-1,182,179,176,-1,182,176,185,-1,185,176,174,-1,185,174,187,-1,187,174,172,-1,187,172,189,-1,189,172,170,-1,189,170,191,-1,191,170,168,-1,191,168,193,-1,193,168,166,-1,193,166,195,-1,195,166,165,-1,195,165,197,-1,197,165,163,-1,197,163,198,-1,198,163,200,-1,208,209,210,-1,210,209,211,-1,212,208,213,-1,213,208,210,-1,214,212,215,-1,215,212,213,-1,216,214,217,-1,217,214,215,-1,216,217,218,-1,216,218,219,-1,219,218,220,-1,219,220,221,-1,221,220,222,-1,221,222,223,-1,223,222,224,-1,223,224,225,-1,225,224,226,-1,225,226,227,-1,227,226,228,-1,227,228,229,-1,230,229,231,-1,231,229,228,-1,232,233,234,-1,234,233,235,-1,232,234,236,-1,236,234,237,-1,236,237,238,-1,238,237,239,-1,238,239,240,-1,240,239,241,-1,240,241,242,-1,242,241,243,-1,242,243,244,-1,244,243,245,-1,244,245,246,-1,246,245,247,-1,248,246,249,-1,249,246,247,-1,248,249,250,-1,248,250,251,-1,251,250,252,-1,251,252,253,-1,253,252,254,-1,253,254,255,-1,255,254,256,-1,255,256,257,-1,257,256,258,-1,257,258,259,-1,259,258,211,-1,259,211,209,-1,208,212,209,-1,209,212,214,-1,209,214,259,-1,259,214,257,-1,251,253,214,-1,214,253,255,-1,214,255,257,-1,230,233,229,-1,229,233,232,-1,229,232,227,-1,227,232,236,-1,227,236,225,-1,225,236,238,-1,225,238,223,-1,223,238,240,-1,223,240,221,-1,221,240,242,-1,221,242,219,-1,219,242,244,-1,219,244,216,-1,216,244,246,-1,216,246,214,-1,214,246,248,-1,214,248,251,-1,213,210,215,-1,215,210,211,-1,215,211,258,-1,258,256,215,-1,215,256,254,-1,215,254,252,-1,235,231,234,-1,234,231,228,-1,234,228,237,-1,237,228,226,-1,237,226,239,-1,239,226,224,-1,239,224,241,-1,241,224,222,-1,241,222,243,-1,243,222,220,-1,243,220,245,-1,245,220,218,-1,245,218,247,-1,247,218,217,-1,247,217,249,-1,249,217,215,-1,249,215,250,-1,250,215,252,-1,260,261,262,-1,262,261,263,-1,264,260,265,-1,265,260,262,-1,266,264,267,-1,267,264,265,-1,268,266,269,-1,269,266,267,-1,268,269,270,-1,268,270,271,-1,271,270,272,-1,271,272,273,-1,273,272,274,-1,273,274,275,-1,275,274,276,-1,275,276,277,-1,277,276,278,-1,277,278,279,-1,279,278,280,-1,279,280,281,-1,282,281,283,-1,283,281,280,-1,284,285,286,-1,286,285,287,-1,284,286,288,-1,288,286,289,-1,288,289,290,-1,290,289,291,-1,290,291,292,-1,292,291,293,-1,292,293,294,-1,294,293,295,-1,294,295,296,-1,296,295,297,-1,296,297,298,-1,298,297,299,-1,300,298,301,-1,301,298,299,-1,300,301,302,-1,300,302,303,-1,303,302,304,-1,303,304,305,-1,305,304,306,-1,305,306,307,-1,307,306,308,-1,307,308,309,-1,309,308,310,-1,309,310,311,-1,311,310,263,-1,311,263,261,-1,260,264,261,-1,261,264,266,-1,261,266,311,-1,311,266,309,-1,303,305,266,-1,266,305,307,-1,266,307,309,-1,282,285,281,-1,281,285,284,-1,281,284,279,-1,279,284,288,-1,279,288,277,-1,277,288,290,-1,277,290,275,-1,275,290,292,-1,275,292,273,-1,273,292,294,-1,273,294,271,-1,271,294,296,-1,271,296,268,-1,268,296,298,-1,268,298,266,-1,266,298,300,-1,266,300,303,-1,265,262,267,-1,267,262,263,-1,267,263,310,-1,310,308,267,-1,267,308,306,-1,267,306,304,-1,287,283,286,-1,286,283,280,-1,286,280,289,-1,289,280,278,-1,289,278,291,-1,291,278,276,-1,291,276,293,-1,293,276,274,-1,293,274,295,-1,295,274,272,-1,295,272,297,-1,297,272,270,-1,297,270,299,-1,299,270,269,-1,299,269,301,-1,301,269,267,-1,301,267,302,-1,302,267,304,-1,312,313,314,-1,314,313,315,-1,316,312,317,-1,317,312,314,-1,318,316,319,-1,319,316,317,-1,320,318,321,-1,321,318,319,-1,320,321,322,-1,320,322,323,-1,323,322,324,-1,323,324,325,-1,325,324,326,-1,325,326,327,-1,327,326,328,-1,327,328,329,-1,329,328,330,-1,329,330,331,-1,331,330,332,-1,331,332,333,-1,334,333,335,-1,335,333,332,-1,336,337,338,-1,338,337,339,-1,336,338,340,-1,340,338,341,-1,340,341,342,-1,342,341,343,-1,342,343,344,-1,344,343,345,-1,344,345,346,-1,346,345,347,-1,346,347,348,-1,348,347,349,-1,348,349,350,-1,350,349,351,-1,352,350,353,-1,353,350,351,-1,352,353,354,-1,352,354,355,-1,355,354,356,-1,355,356,357,-1,357,356,358,-1,357,358,359,-1,359,358,360,-1,359,360,361,-1,361,360,362,-1,361,362,363,-1,363,362,315,-1,363,315,313,-1,312,316,313,-1,313,316,318,-1,313,318,363,-1,363,318,361,-1,355,357,318,-1,318,357,359,-1,318,359,361,-1,334,337,333,-1,333,337,336,-1,333,336,331,-1,331,336,340,-1,331,340,329,-1,329,340,342,-1,329,342,327,-1,327,342,344,-1,327,344,325,-1,325,344,346,-1,325,346,323,-1,323,346,348,-1,323,348,320,-1,320,348,350,-1,320,350,318,-1,318,350,352,-1,318,352,355,-1,317,314,319,-1,319,314,315,-1,319,315,362,-1,362,360,319,-1,319,360,358,-1,319,358,356,-1,339,335,338,-1,338,335,332,-1,338,332,341,-1,341,332,330,-1,341,330,343,-1,343,330,328,-1,343,328,345,-1,345,328,326,-1,345,326,347,-1,347,326,324,-1,347,324,349,-1,349,324,322,-1,349,322,351,-1,351,322,321,-1,351,321,353,-1,353,321,319,-1,353,319,354,-1,354,319,356,-1,364,365,366,-1,366,365,367,-1,368,364,369,-1,369,364,366,-1,370,368,371,-1,371,368,369,-1,372,370,373,-1,373,370,371,-1,372,373,374,-1,372,374,375,-1,375,374,376,-1,375,376,377,-1,377,376,378,-1,377,378,379,-1,379,378,380,-1,379,380,381,-1,381,380,382,-1,381,382,383,-1,383,382,384,-1,383,384,385,-1,386,385,387,-1,387,385,384,-1,388,389,390,-1,390,389,391,-1,388,390,392,-1,392,390,393,-1,392,393,394,-1,394,393,395,-1,394,395,396,-1,396,395,397,-1,396,397,398,-1,398,397,399,-1,398,399,400,-1,400,399,401,-1,400,401,402,-1,402,401,403,-1,404,402,405,-1,405,402,403,-1,404,405,406,-1,404,406,407,-1,407,406,408,-1,407,408,409,-1,409,408,410,-1,409,410,411,-1,411,410,412,-1,411,412,413,-1,413,412,414,-1,413,414,415,-1,415,414,367,-1,415,367,365,-1,364,368,365,-1,365,368,370,-1,365,370,415,-1,415,370,413,-1,407,409,370,-1,370,409,411,-1,370,411,413,-1,386,389,385,-1,385,389,388,-1,385,388,383,-1,383,388,392,-1,383,392,381,-1,381,392,394,-1,381,394,379,-1,379,394,396,-1,379,396,377,-1,377,396,398,-1,377,398,375,-1,375,398,400,-1,375,400,372,-1,372,400,402,-1,372,402,370,-1,370,402,404,-1,370,404,407,-1,369,366,371,-1,371,366,367,-1,371,367,414,-1,414,412,371,-1,371,412,410,-1,371,410,408,-1,391,387,390,-1,390,387,384,-1,390,384,393,-1,393,384,382,-1,393,382,395,-1,395,382,380,-1,395,380,397,-1,397,380,378,-1,397,378,399,-1,399,378,376,-1,399,376,401,-1,401,376,374,-1,401,374,403,-1,403,374,373,-1,403,373,405,-1,405,373,371,-1,405,371,406,-1,406,371,408,-1,
        ]
    }
}
Shape{
    appearance Appearance {
        material  Material 	{
            diffuseColor 0.5019607843137255 0.5019607843137255 0.5019607843137255
            specularColor 0.25098039215686274 0.25098039215686274 0.25098039215686274
            ambientIntensity 0.502
            transparency 0.0
            shininess 0.5
        }
    }
    geometry IndexedFaceSet {
        ccw TRUE
        solid FALSE
        coord DEF co Coordinate {
            point [
                1.8878 2.9087 0.1535, 1.5728 2.9087 0.1535, 1.8878 3.0071 0.1535, 1.5728 3.0071 0.1535, 1.5728 2.9087 0.6654, 1.8878 2.9087 0.6654, 2.432 2.5218 0.4528, 2.4626 1.1355 0.4487, 2.4626 2.5218 0.4487, 2.4911 1.1355 0.4369, 2.4911 2.5218 0.4369, 2.5156 1.1355 0.4182, 2.5156 2.5218 0.4182, 2.5343 1.1355 0.3937, 2.5343 2.5218 0.3937, 2.5461 1.1355 0.3652, 2.5461 2.5218 0.3652, 2.5501 1.1355 0.3346, 2.5501 2.5218 0.3346, 2.5461 1.1355 0.3041, 2.5461 2.5218 0.3041, 2.5343 1.1355 0.2756, 2.5343 2.5218 0.2756, 2.5156 1.1355 0.2511, 2.5156 2.5218 0.2511, 2.4911 1.1355 0.2324, 2.4911 2.5218 0.2324, 2.4626 1.1355 0.2206, 2.4626 2.5218 0.2206, 2.432 1.1355 0.2165, 2.432 2.5218 0.2165, 2.4015 1.1355 0.2206, 2.4015 2.5218 0.2206, 2.373 1.1355 0.2324, 2.373 2.5218 0.2324, 2.3485 1.1355 0.2511, 2.3485 2.5218 0.2511, 2.3297 1.1355 0.2756, 2.3297 2.5218 0.2756, 2.3179 1.1355 0.3041, 2.3179 2.5218 0.3041, 2.3139 1.1355 0.3346, 2.3139 2.5218 0.3346, 2.3179 1.1355 0.3652, 2.3179 2.5218 0.3652, 2.3297 1.1355 0.3937, 2.3297 2.5218 0.3937, 2.3485 1.1355 0.4182, 2.3485 2.5218 0.4182, 2.373 1.1355 0.4369, 2.373 2.5218 0.4369, 2.4015 1.1355 0.4487, 2.4015 2.5218 0.4487, 2.432 1.1355 0.4528, -2.1122 0.7426 0.0039, -2.1122 0.7426 0.1929, -2.0451 0.7426 0.0039, -1.7106 0.7426 0.1929, -1.7106 0.7426 0.0039, -2.1122 2.1131 0.0039, -2.1122 2.1131 0.6654, -2.1122 2.0258 0.6654, -2.1122 2.0258 0.1535, -2.1122 1.5825 0.1535, -2.1122 0.999 0.0039, -2.1122 1.5825 0.6654, -2.1122 1.452 0.6654, -2.1122 1.452 0.1929, -1.7106 1.452 0.1929, -1.7106 1.452 0.6654, -1.7106 2.1131 0.6654, -1.7106 0.999 0.0039, -1.7106 2.1131 0.0039, -2.0451 2.1131 0.0039, 0.9193 0.7426 0.0039, 0.9193 0.7426 0.1929, 1.0193 0.7426 0.0039, 1.3209 0.7426 0.1929, 1.3209 0.7426 0.0039, 1.3209 2.1131 0.0039, 1.3209 2.1131 0.6654, 1.0193 2.1131 0.0039, 0.9193 2.1131 0.6654, 0.9193 2.1131 0.0039, 0.9193 1.452 0.6654, 0.9193 1.452 0.1929, 0.9193 0.999 0.0039, 1.3209 1.452 0.1929, 1.3209 1.452 0.6654, 1.3209 0.999 0.0039, 0.4862 0.7426 0.0039, 0.4862 0.7426 0.1929, 0.5392 0.7426 0.0039, 0.8878 0.7426 0.1929, 0.8878 0.7426 0.0039, 0.8878 2.1131 0.0039, 0.8878 2.1131 0.6654, 0.5392 2.1131 0.0039, 0.4862 2.1131 0.6654, 0.4862 2.1131 0.0039, 0.4862 1.452 0.6654, 0.4862 1.452 0.1929, 0.4862 0.999 0.0039, 0.8878 1.452 0.1929, 0.8878 1.452 0.6654, 0.8878 0.999 0.0039, 0.4548 0.7426 0.1929, 0.4548 0.7426 0.0039, 0.0531 0.7426 0.1929, 0.1912 0.7426 0.0039, 0.0531 0.7426 0.0039, 0.4548 2.1131 0.0039, 0.4548 2.1131 0.6654, 0.1912 2.1131 0.0039, 0.0531 2.1131 0.6654, 0.0531 2.1131 0.0039, 0.0531 1.452 0.6654, 0.0531 1.452 0.1929, 0.0531 0.999 0.0039, 0.4548 1.452 0.1929, 0.4548 1.452 0.6654, 0.4548 0.999 0.0039, -0.38 0.7426 0.0039, -0.38 0.7426 0.1929, -0.3051 0.7426 0.0039, 0.0217 0.7426 0.1929, 0.0217 0.7426 0.0039, 0.0217 2.1131 0.0039, 0.0217 2.1131 0.6654, -0.3051 2.1131 0.0039, -0.38 2.1131 0.6654, -0.38 2.1131 0.0039, -0.38 1.452 0.6654, -0.38 1.452 0.1929, -0.38 0.999 0.0039, 0.0217 1.452 0.1929, 0.0217 1.452 0.6654, 0.0217 0.999 0.0039, -0.813 0.7426 0.0039, -0.813 0.7426 0.1929, -0.4666 0.7426 0.0039, -0.4114 0.7426 0.1929, -0.4114 0.7426 0.0039, -0.4114 2.1131 0.0039, -0.4114 2.1131 0.6654, -0.4666 2.1131 0.0039, -0.813 2.1131 0.6654, -0.813 2.1131 0.0039, -0.813 1.452 0.6654, -0.813 1.452 0.1929, -0.813 0.999 0.0039, -0.4114 1.452 0.1929, -0.4114 1.452 0.6654, -0.4114 0.999 0.0039, -1.2461 0.7426 0.0039, -1.2461 0.7426 0.1929, -0.8445 0.7426 0.0039, -0.8445 0.7426 0.1929, -1.2461 2.1131 0.0039, -0.8445 2.1131 0.0039, -1.2461 2.1131 0.6654, -0.8445 2.1131 0.6654, -1.2461 1.452 0.6654, -1.2461 1.452 0.1929, -1.2461 0.999 0.0039, -0.8445 1.452 0.1929, -0.8445 1.452 0.6654, -0.8445 0.999 0.0039, -1.6792 0.7426 0.0039, -1.6792 0.7426 0.1929, -1.2775 0.7426 0.0039, -1.2775 0.7426 0.1929, -1.6792 2.1131 0.0039, -1.2775 2.1131 0.0039, -1.6792 2.1131 0.6654, -1.2775 2.1131 0.6654, -1.6792 1.452 0.6654, -1.6792 1.452 0.1929, -1.6792 0.999 0.0039, -1.2775 1.452 0.1929, -1.2775 1.452 0.6654, -1.2775 0.999 0.0039, -0.848 -0.6745 0.0039, -0.848 -0.6745 0.1929, -0.848 0.1253 0.0039, -0.848 0.1253 0.1929, -1.978 0.1253 0.1929, -1.978 0.1253 0.0039, -1.6949 0.1253 0.0039, -1.2618 0.1253 0.0039, -1.978 -0.6745 0.0039, -1.978 -0.6745 0.1929, -1.2618 -0.6745 0.0039, -1.6949 -0.6745 0.0039, 0.8415 -0.6745 0.0039, 0.8415 -0.6745 0.1929, 0.8415 0.1253 0.0039, 0.8415 0.1253 0.1929, 0.5392 0.1253 0.0039, -0.2303 0.1253 0.0039, 0.0374 0.1253 0.0039, -0.2303 0.1253 0.1929, 0.1912 0.1253 0.0039, 0.4705 0.1253 0.0039, -0.2303 -0.6745 0.0039, -0.2303 -0.6745 0.1929, 0.0374 -0.6745 0.0039, 0.5392 -0.6745 0.0039, 0.4705 -0.6745 0.0039, 0.1912 -0.6745 0.0039, -2.6201 -1.3709 0.1535, -2.6201 -1.2921 0.1535, -2.5413 -1.3709 0.1535, -2.5413 -1.2921 0.1535, -2.6201 -1.2921 0.4685, -2.5413 -1.2921 0.4685, -2.6201 -1.0559 0.4685, -2.6201 -1.0559 0.1535, -2.5413 -1.0559 0.4685, -2.5413 -1.0559 0.1535, -2.6201 -0.9772 0.1535, -2.5413 -0.9772 0.1535
            ]
        }
        coordIndex [
            0,1,2,-1,2,1,3,-1,4,1,5,-1,5,1,0,-1,6,7,8,-1,8,7,9,-1,8,9,10,-1,10,9,11,-1,10,11,12,-1,12,11,13,-1,12,13,14,-1,14,13,15,-1,14,15,16,-1,16,15,17,-1,16,17,18,-1,18,17,19,-1,18,19,20,-1,20,19,21,-1,20,21,22,-1,22,21,23,-1,22,23,24,-1,24,23,25,-1,24,25,26,-1,26,25,27,-1,26,27,28,-1,28,27,29,-1,28,29,30,-1,30,29,31,-1,30,31,32,-1,32,31,33,-1,32,33,34,-1,34,33,35,-1,34,35,36,-1,36,35,37,-1,36,37,38,-1,38,37,39,-1,38,39,40,-1,40,39,41,-1,40,41,42,-1,42,41,43,-1,42,43,44,-1,44,43,45,-1,44,45,46,-1,46,45,47,-1,46,47,48,-1,48,47,49,-1,48,49,50,-1,50,49,51,-1,50,51,52,-1,52,51,53,-1,52,53,6,-1,6,53,7,-1,54,55,56,-1,56,55,57,-1,56,57,58,-1,59,60,61,-1,61,62,59,-1,59,62,63,-1,59,63,64,-1,65,66,63,-1,63,66,67,-1,63,67,64,-1,64,67,55,-1,64,55,54,-1,68,69,70,-1,58,57,71,-1,71,57,68,-1,71,68,72,-1,72,68,70,-1,72,70,73,-1,73,70,60,-1,73,60,59,-1,74,75,76,-1,76,75,77,-1,76,77,78,-1,79,80,81,-1,81,80,82,-1,81,82,83,-1,82,84,83,-1,83,84,85,-1,83,85,86,-1,86,85,75,-1,86,75,74,-1,87,88,80,-1,78,77,89,-1,89,77,87,-1,89,87,79,-1,79,87,80,-1,90,91,92,-1,92,91,93,-1,92,93,94,-1,95,96,97,-1,97,96,98,-1,97,98,99,-1,98,100,99,-1,99,100,101,-1,99,101,102,-1,102,101,91,-1,102,91,90,-1,103,104,96,-1,94,93,105,-1,105,93,103,-1,105,103,95,-1,95,103,96,-1,106,107,108,-1,108,107,109,-1,108,109,110,-1,111,112,113,-1,113,112,114,-1,113,114,115,-1,114,116,115,-1,115,116,117,-1,115,117,118,-1,118,117,108,-1,118,108,110,-1,119,120,112,-1,107,106,121,-1,121,106,119,-1,121,119,111,-1,111,119,112,-1,122,123,124,-1,124,123,125,-1,124,125,126,-1,127,128,129,-1,129,128,130,-1,129,130,131,-1,130,132,131,-1,131,132,133,-1,131,133,134,-1,134,133,123,-1,134,123,122,-1,135,136,128,-1,126,125,137,-1,137,125,135,-1,137,135,127,-1,127,135,128,-1,138,139,140,-1,140,139,141,-1,140,141,142,-1,143,144,145,-1,145,144,146,-1,145,146,147,-1,146,148,147,-1,147,148,149,-1,147,149,150,-1,150,149,139,-1,150,139,138,-1,151,152,144,-1,142,141,153,-1,153,141,151,-1,153,151,143,-1,143,151,144,-1,154,155,156,-1,156,155,157,-1,158,159,160,-1,160,159,161,-1,160,162,158,-1,158,162,163,-1,158,163,164,-1,164,163,155,-1,164,155,154,-1,165,166,161,-1,156,157,167,-1,167,157,165,-1,167,165,159,-1,159,165,161,-1,168,169,170,-1,170,169,171,-1,172,173,174,-1,174,173,175,-1,174,176,172,-1,172,176,177,-1,172,177,178,-1,178,177,169,-1,178,169,168,-1,179,180,175,-1,170,171,181,-1,181,171,179,-1,181,179,173,-1,173,179,175,-1,182,183,184,-1,184,183,185,-1,186,187,188,-1,186,188,185,-1,185,188,189,-1,185,189,184,-1,187,186,190,-1,190,186,191,-1,183,182,192,-1,183,192,191,-1,191,192,193,-1,191,193,190,-1,194,195,196,-1,196,195,197,-1,198,196,197,-1,199,200,201,-1,201,200,202,-1,201,202,197,-1,197,202,203,-1,197,203,198,-1,199,201,204,-1,204,201,205,-1,206,204,205,-1,194,207,195,-1,195,207,208,-1,195,208,205,-1,205,208,209,-1,205,209,206,-1,210,211,212,-1,212,211,213,-1,211,214,213,-1,213,214,215,-1,216,217,218,-1,218,217,219,-1,217,220,219,-1,219,220,221,-1,
        ]
    }
}
Shape{
    appearance Appearance {
        material  Material 	{
            diffuseColor 0.0 0.0 0.0
            specularColor 0.0 0.0 0.0
            ambientIntensity 0.0
            transparency 0.0
            shininess 0.5
        }
    }
    geometry IndexedFaceSet {
        ccw TRUE
        solid FALSE
        coord DEF co Coordinate {
            point [
                -0.6827 -1.34 0.0039, -0.6827 -1.34 0.0043, -0.8247 -1.7039 0.0039, -0.8363 -1.7337 0.0043, -0.8363 -1.7337 0.0039, -0.8247 -1.7337 0.0039, -0.7787 -1.7337 0.0043, -0.7787 -1.7337 0.0039, -0.7389 -1.6233 0.0043, -0.7389 -1.6233 0.0039, -0.5762 -1.6233 0.0043, -0.5762 -1.6233 0.0039, -0.5386 -1.7337 0.0043, -0.5386 -1.7337 0.0039, -0.481 -1.7337 0.0043, -0.481 -1.7337 0.0039, -0.6299 -1.34 0.0043, -0.6299 -1.34 0.0039, -0.5895 -1.5801 0.0043, -0.6482 -1.4157 0.0043, -0.652 -1.402 0.0043, -0.6545 -1.3881 0.0043, -0.6558 -1.3881 0.0043, -0.6584 -1.402 0.0043, -0.6619 -1.4157 0.0043, -0.7212 -1.5801 0.0043, -0.5895 -1.5801 0.0039, -0.7212 -1.5801 0.0039, -0.6482 -1.4157 0.0039, -0.652 -1.402 0.0039, -0.6545 -1.3881 0.0039, -0.6558 -1.3881 0.0039, -0.6584 -1.402 0.0039, -0.6619 -1.4157 0.0039, -0.2424 -1.7337 0.0043, -0.1353 -1.7337 0.0043, -0.2424 -1.7337 0.0039, -0.1353 -1.7337 0.0039, -0.1353 -1.34 0.0043, -0.1353 -1.34 0.0039, -0.2464 -1.34 0.0043, -0.2464 -1.34 0.0039, -0.3033 -1.3461 0.0043, -0.4522 -1.5319 0.0043, -0.4522 -1.5319 0.0039, -0.4494 -1.4949 0.0039, -0.4494 -1.4949 0.0043, -0.4388 -1.4561 0.0039, -0.4388 -1.4561 0.0043, -0.4205 -1.4223 0.0039, -0.4205 -1.4223 0.0043, -0.3957 -1.3947 0.0039, -0.3926 -1.3914 0.0043, -0.3926 -1.3914 0.0039, -0.3922 -1.391 0.0039, -0.3922 -1.391 0.0043, -0.3494 -1.3623 0.0039, -0.3494 -1.3623 0.0043, -0.3051 -1.3468 0.0039, -0.3033 -1.3461 0.0039, -0.2911 -1.7295 0.0039, -0.2911 -1.7295 0.0043, -0.3051 -1.7253 0.0039, -0.3365 -1.716 0.0043, -0.3365 -1.716 0.0039, -0.3776 -1.6921 0.0039, -0.3776 -1.6921 0.0043, -0.3957 -1.6748 0.0039, -0.41 -1.6611 0.0043, -0.41 -1.6611 0.0039, -0.4326 -1.6258 0.0039, -0.4326 -1.6258 0.0043, -0.4467 -1.5846 0.0039, -0.4467 -1.5846 0.0043, -0.3732 -1.4385 0.0043, -0.3541 -1.4182 0.0043, -0.3253 -1.3996 0.0043, -0.2928 -1.3882 0.0043, -0.2462 -1.3833 0.0043, -0.1881 -1.3833 0.0043, -0.1881 -1.6905 0.0043, -0.244 -1.6905 0.0043, -0.2856 -1.6867 0.0043, -0.3187 -1.6763 0.0043, -0.3456 -1.6604 0.0043, -0.3676 -1.6386 0.0043, -0.3842 -1.6114 0.0043, -0.3958 -1.5744 0.0043, -0.3994 -1.5331 0.0043, -0.3961 -1.4939 0.0043, -0.3869 -1.4627 0.0043, -0.2462 -1.3833 0.0039, -0.1881 -1.3833 0.0039, -0.2928 -1.3882 0.0039, -0.3253 -1.3996 0.0039, -0.3541 -1.4182 0.0039, -0.3732 -1.4385 0.0039, -0.3869 -1.4627 0.0039, -0.3961 -1.4939 0.0039, -0.3994 -1.5331 0.0039, -0.3958 -1.5744 0.0039, -0.3842 -1.6114 0.0039, -0.3676 -1.6386 0.0039, -0.3456 -1.6604 0.0039, -0.3187 -1.6763 0.0039, -0.2856 -1.6867 0.0039, -0.244 -1.6905 0.0039, -0.1881 -1.6905 0.0039, -0.0585 -1.6905 0.0043, -0.0585 -1.7337 0.0043, -0.0585 -1.6905 0.0039, -0.0585 -1.7337 0.0039, 0.0374 -1.7337 0.0039, 0.1527 -1.7337 0.0043, 0.1527 -1.7337 0.0039, 0.1527 -1.34 0.0043, 0.1527 -1.34 0.0039, 0.0374 -1.34 0.0039, -0.0489 -1.34 0.0043, -0.0489 -1.34 0.0039, -0.0489 -1.3833 0.0043, -0.0489 -1.3833 0.0039, 0.0374 -1.3833 0.0039, 0.0999 -1.3833 0.0043, 0.0999 -1.3833 0.0039, 0.0999 -1.5129 0.0043, 0.0999 -1.5129 0.0039, 0.0374 -1.5129 0.0039, -0.0393 -1.5129 0.0043, -0.0393 -1.5129 0.0039, -0.0393 -1.5561 0.0043, -0.0393 -1.5561 0.0039, 0.0374 -1.5561 0.0039, 0.0999 -1.5561 0.0043, 0.0999 -1.5561 0.0039, 0.0999 -1.6905 0.0043, 0.0999 -1.6905 0.0039, 0.0374 -1.6905 0.0039, 0.2296 -1.6701 0.0043, 0.2296 -1.7133 0.0043, 0.2296 -1.6701 0.0039, 0.2296 -1.7133 0.0039, 0.3379 -1.7385 0.0043, 0.3379 -1.7385 0.0039, 0.3271 -1.7384 0.0039, 0.3271 -1.7384 0.0043, 0.2715 -1.7306 0.0039, 0.2715 -1.7306 0.0043, 0.5224 -1.5443 0.0043, 0.5224 -1.5443 0.0039, 0.5186 -1.5899 0.0039, 0.5186 -1.5899 0.0043, 0.5068 -1.6316 0.0039, 0.5068 -1.6316 0.0043, 0.4858 -1.669 0.0039, 0.4858 -1.669 0.0043, 0.4705 -1.6852 0.0039, 0.4562 -1.7002 0.0043, 0.4562 -1.7002 0.0039, 0.4246 -1.7204 0.0039, 0.4246 -1.7204 0.0043, 0.3864 -1.7335 0.0039, 0.3864 -1.7335 0.0043, 0.3618 -1.3385 0.0043, 0.3222 -1.3352 0.0043, 0.3516 -1.3376 0.0039, 0.3222 -1.3352 0.0039, 0.3618 -1.3385 0.0039, 0.4056 -1.3512 0.0039, 0.4056 -1.3512 0.0043, 0.443 -1.3728 0.0039, 0.443 -1.3728 0.0043, 0.4705 -1.3991 0.0039, 0.4786 -1.4069 0.0043, 0.4786 -1.4069 0.0039, 0.5017 -1.4437 0.0039, 0.5017 -1.4437 0.0043, 0.5168 -1.4884 0.0039, 0.5168 -1.4884 0.0043, 0.2874 -1.3376 0.0039, 0.2751 -1.3385 0.0043, 0.2751 -1.3385 0.0039, 0.2296 -1.3509 0.0043, 0.2296 -1.3509 0.0039, 0.2296 -1.4037 0.0043, 0.2296 -1.4037 0.0039, 0.3218 -1.3785 0.0043, 0.3218 -1.3785 0.0039, 0.2739 -1.3847 0.0039, 0.2739 -1.3847 0.0043, 0.4696 -1.5411 0.0043, 0.4696 -1.5411 0.0039, 0.4677 -1.5105 0.0039, 0.4677 -1.5105 0.0043, 0.4573 -1.4683 0.0039, 0.4573 -1.4683 0.0043, 0.441 -1.4379 0.0039, 0.441 -1.4379 0.0043, 0.4172 -1.4117 0.0039, 0.4172 -1.4117 0.0043, 0.39 -1.3934 0.0039, 0.39 -1.3934 0.0043, 0.3605 -1.3828 0.0039, 0.3605 -1.3828 0.0043, 0.3306 -1.6953 0.0043, 0.3306 -1.6953 0.0039, 0.3673 -1.6912 0.0039, 0.3673 -1.6912 0.0043, 0.396 -1.6807 0.0039, 0.396 -1.6807 0.0043, 0.4202 -1.6644 0.0039, 0.4202 -1.6644 0.0043, 0.4387 -1.6449 0.0039, 0.4387 -1.6449 0.0043, 0.4549 -1.6176 0.0039, 0.4549 -1.6176 0.0043, 0.4656 -1.5837 0.0039, 0.4656 -1.5837 0.0043, 0.2366 -1.674 0.0039, 0.2366 -1.674 0.0043, 0.2784 -1.6895 0.0039, 0.2784 -1.6895 0.0043, 0.556 -1.6905 0.0043, 0.556 -1.7337 0.0043, 0.556 -1.6905 0.0039, 0.556 -1.7337 0.0039, 0.7577 -1.7337 0.0043, 0.7577 -1.7337 0.0039, 0.7577 -1.34 0.0043, 0.7577 -1.34 0.0039, 0.7049 -1.34 0.0043, 0.7049 -1.34 0.0039, 0.7049 -1.6905 0.0043, 0.7049 -1.6905 0.0039
            ]
        }
        coordIndex [
            0,1,2,-1,2,1,3,-1,2,3,4,-1,4,3,5,-1,5,3,6,-1,5,6,7,-1,6,8,7,-1,7,8,9,-1,8,10,9,-1,9,10,11,-1,10,12,11,-1,11,12,13,-1,12,14,13,-1,13,14,15,-1,14,16,15,-1,15,16,17,-1,16,1,17,-1,17,1,0,-1,18,19,16,-1,14,12,10,-1,19,20,16,-1,16,20,21,-1,16,21,1,-1,1,21,22,-1,1,22,23,-1,23,24,1,-1,1,24,25,-1,1,25,3,-1,6,3,8,-1,8,3,25,-1,8,25,10,-1,10,25,18,-1,10,18,14,-1,14,18,16,-1,18,25,26,-1,26,25,27,-1,19,18,28,-1,28,18,26,-1,19,28,29,-1,19,29,20,-1,20,29,30,-1,20,30,21,-1,22,21,31,-1,31,21,30,-1,22,31,32,-1,22,32,23,-1,23,32,33,-1,23,33,24,-1,25,24,27,-1,27,24,33,-1,34,35,36,-1,36,35,37,-1,35,38,37,-1,37,38,39,-1,38,40,39,-1,39,40,41,-1,41,40,42,-1,43,44,45,-1,43,45,46,-1,46,45,47,-1,46,47,48,-1,48,47,49,-1,48,49,50,-1,50,49,51,-1,50,51,52,-1,51,53,52,-1,52,53,54,-1,52,54,55,-1,55,54,56,-1,55,56,57,-1,57,56,58,-1,57,58,42,-1,42,58,59,-1,42,59,41,-1,34,36,60,-1,34,60,61,-1,61,60,62,-1,61,62,63,-1,62,64,63,-1,63,64,65,-1,63,65,66,-1,66,65,67,-1,66,67,68,-1,67,69,68,-1,68,69,70,-1,68,70,71,-1,71,70,72,-1,71,72,73,-1,73,72,44,-1,73,44,43,-1,48,50,74,-1,74,50,52,-1,74,52,75,-1,75,52,55,-1,75,55,76,-1,76,55,57,-1,76,57,77,-1,77,57,42,-1,77,42,78,-1,78,42,40,-1,78,40,79,-1,79,40,38,-1,79,38,80,-1,80,38,35,-1,80,35,81,-1,81,35,34,-1,81,34,82,-1,82,34,61,-1,82,61,83,-1,83,61,63,-1,83,63,84,-1,84,63,66,-1,84,66,85,-1,85,66,68,-1,85,68,86,-1,86,68,71,-1,86,71,87,-1,87,71,73,-1,87,73,88,-1,88,73,43,-1,88,43,89,-1,89,43,46,-1,89,46,90,-1,90,46,48,-1,90,48,74,-1,78,79,91,-1,91,79,92,-1,78,91,93,-1,78,93,77,-1,77,93,94,-1,77,94,76,-1,76,94,95,-1,76,95,75,-1,75,95,96,-1,75,96,74,-1,74,96,97,-1,74,97,90,-1,90,97,98,-1,90,98,89,-1,89,98,99,-1,89,99,88,-1,88,99,100,-1,88,100,87,-1,87,100,101,-1,87,101,86,-1,86,101,102,-1,86,102,85,-1,85,102,103,-1,85,103,84,-1,84,103,104,-1,84,104,83,-1,83,104,105,-1,83,105,82,-1,82,105,106,-1,82,106,81,-1,80,81,107,-1,107,81,106,-1,79,80,92,-1,92,80,107,-1,108,109,110,-1,110,109,111,-1,111,109,112,-1,112,109,113,-1,112,113,114,-1,113,115,114,-1,114,115,116,-1,116,115,117,-1,117,115,118,-1,117,118,119,-1,118,120,119,-1,119,120,121,-1,121,120,122,-1,122,120,123,-1,122,123,124,-1,123,125,124,-1,124,125,126,-1,126,125,127,-1,127,125,128,-1,127,128,129,-1,128,130,129,-1,129,130,131,-1,131,130,132,-1,132,130,133,-1,132,133,134,-1,133,135,134,-1,134,135,136,-1,136,135,137,-1,137,135,108,-1,137,108,110,-1,113,109,108,-1,108,135,113,-1,113,135,133,-1,113,133,115,-1,120,118,123,-1,123,118,115,-1,123,115,125,-1,125,115,133,-1,125,133,128,-1,128,133,130,-1,138,139,140,-1,140,139,141,-1,142,143,144,-1,142,144,145,-1,145,144,146,-1,145,146,147,-1,147,146,141,-1,147,141,139,-1,148,149,150,-1,148,150,151,-1,151,150,152,-1,151,152,153,-1,153,152,154,-1,153,154,155,-1,155,154,156,-1,155,156,157,-1,156,158,157,-1,157,158,159,-1,157,159,160,-1,160,159,161,-1,160,161,162,-1,162,161,143,-1,162,143,142,-1,163,164,165,-1,165,164,166,-1,165,167,163,-1,163,167,168,-1,163,168,169,-1,169,168,170,-1,169,170,171,-1,171,170,172,-1,171,172,173,-1,172,174,173,-1,173,174,175,-1,173,175,176,-1,176,175,177,-1,176,177,178,-1,178,177,149,-1,178,149,148,-1,166,164,179,-1,179,164,180,-1,179,180,181,-1,181,180,182,-1,181,182,183,-1,182,184,183,-1,183,184,185,-1,186,187,188,-1,186,188,189,-1,189,188,185,-1,189,185,184,-1,190,191,192,-1,190,192,193,-1,193,192,194,-1,193,194,195,-1,195,194,196,-1,195,196,197,-1,197,196,198,-1,197,198,199,-1,199,198,200,-1,199,200,201,-1,201,200,202,-1,201,202,203,-1,203,202,187,-1,203,187,186,-1,204,205,206,-1,204,206,207,-1,207,206,208,-1,207,208,209,-1,209,208,210,-1,209,210,211,-1,211,210,212,-1,211,212,213,-1,213,212,214,-1,213,214,215,-1,215,214,216,-1,215,216,217,-1,217,216,191,-1,217,191,190,-1,138,140,218,-1,138,218,219,-1,219,218,220,-1,219,220,221,-1,221,220,205,-1,221,205,204,-1,207,142,204,-1,204,142,145,-1,204,145,221,-1,221,145,147,-1,221,147,219,-1,219,147,139,-1,219,139,138,-1,184,182,189,-1,189,182,180,-1,189,180,186,-1,186,180,164,-1,186,164,203,-1,203,164,163,-1,203,163,201,-1,201,163,169,-1,201,169,199,-1,199,169,171,-1,199,171,197,-1,197,171,173,-1,197,173,195,-1,195,173,176,-1,195,176,193,-1,193,176,178,-1,193,178,190,-1,190,178,148,-1,190,148,217,-1,217,148,151,-1,217,151,215,-1,215,151,153,-1,215,153,213,-1,213,153,155,-1,213,155,211,-1,211,155,157,-1,211,157,209,-1,209,157,160,-1,209,160,207,-1,207,160,162,-1,207,162,142,-1,222,223,224,-1,224,223,225,-1,223,226,225,-1,225,226,227,-1,226,228,227,-1,227,228,229,-1,228,230,229,-1,229,230,231,-1,230,232,231,-1,231,232,233,-1,232,222,233,-1,233,222,224,-1,230,228,232,-1,232,228,226,-1,232,226,222,-1,222,226,223,-1,
        ]
    }
}
Shape{
    appearance Appearance {
        material  Material 	{
            diffuseColor 0.5019607843137255 0.5019607843137255 0.5019607843137255
            specularColor 0.25098039215686274 0.25098039215686274 0.25098039215686274
            ambientIntensity 0.502
            transparency 0.0
            shininess 0.5
        }
    }
    geometry IndexedFaceSet {
        ccw TRUE
        solid FALSE
        coord DEF co Coordinate {
            point [
                -0.5895 -1.5801 0.0039, -0.7212 -1.5801 0.0039, -0.6482 -1.4157 0.0039, -0.6619 -1.4157 0.0039, -0.652 -1.402 0.0039, -0.6584 -1.402 0.0039, -0.6545 -1.3881 0.0039, -0.6558 -1.3881 0.0039, -0.1881 -1.3833 0.0039, -0.1881 -1.6905 0.0039, -0.2462 -1.3833 0.0039, -0.244 -1.6905 0.0039, -0.2856 -1.6867 0.0039, -0.3994 -1.5331 0.0039, -0.3961 -1.4939 0.0039, -0.3869 -1.4627 0.0039, -0.2928 -1.3882 0.0039, -0.3187 -1.6763 0.0039, -0.3456 -1.6604 0.0039, -0.3676 -1.6386 0.0039, -0.3842 -1.6114 0.0039, -0.3958 -1.5744 0.0039, -0.3732 -1.4385 0.0039, -0.3541 -1.4182 0.0039, -0.3253 -1.3996 0.0039
            ]
        }
        coordIndex [
            0,1,2,-1,2,1,3,-1,2,3,4,-1,4,3,5,-1,4,5,6,-1,6,5,7,-1,8,9,10,-1,10,9,11,-1,10,11,12,-1,13,14,10,-1,10,14,15,-1,10,15,16,-1,12,17,10,-1,10,17,18,-1,10,18,19,-1,19,20,10,-1,10,20,21,-1,10,21,13,-1,22,23,15,-1,15,23,24,-1,15,24,16,-1,
        ]
    }
}