#VRML V2.0 utf8
# 3D model generated by easyeda2kicad.py (https://github.com/uPesy/easyeda2kicad.py)

Shape{
    appearance Appearance {
        material  Material 	{
            diffuseColor 0.7764705882352941 0.7568627450980392 0.7372549019607844
            specularColor 0.38823529411764707 0.3764705882352941 0.3686274509803922
            ambientIntensity 0.7605
            transparency 0.0
            shininess 0.5
        }
    }
    geometry IndexedFaceSet {
        ccw TRUE
        solid FALSE
        coord DEF co Coordinate {
            point [
                -1.0256 -2.2894 0.0394, -1.0256 -2.2894 0.1969, -0.1594 -2.2894 0.0394, -0.1594 -2.2894 0.1969, -1.0256 -3.5295 0.2756, -1.0256 -3.5295 3.5079, -1.0256 -3.372 0.2756, -1.0256 -3.372 3.5079, 1.0217 -3.5295 0.2756, 1.0217 -3.5295 3.5079, 1.0217 -3.372 3.5079, 1.0217 -3.372 0.2756
            ]
        }
        coordIndex [
            0,1,2,-1,2,1,3,-1,4,5,6,-1,6,5,7,-1,8,9,4,-1,4,9,5,-1,7,10,6,-1,6,10,11,-1,10,9,11,-1,11,9,8,-1,5,9,7,-1,7,9,10,-1,
        ]
    }
}
Shape{
    appearance Appearance {
        material  Material 	{
            diffuseColor 1.0 1.0 1.0
            specularColor 0.8784313725490196 0.8784313725490196 0.8784313725490196
            ambientIntensity 1.0
            transparency 0.0
            shininess 0.5
        }
    }
    geometry IndexedFaceSet {
        ccw TRUE
        solid FALSE
        coord DEF co Coordinate {
            point [
                1.0217 -3.2933 0.0394, 1.0217 -3.2933 0.1969, 1.0217 -3.3544 0.0474, 1.0217 -3.3108 0.1988, 1.0217 -3.4114 0.071, 1.0217 -3.3275 0.2047, 1.0217 -3.4603 0.1086, 1.0217 -3.372 0.2756, 1.0217 -3.5295 0.2756, 1.0217 -3.3701 0.2581, 1.0217 -3.5215 0.2145, 1.0217 -3.3642 0.2414, 1.0217 -3.4979 0.1575, 1.0217 -3.3549 0.2265, 1.0217 -3.3424 0.214, -1.0256 -3.5295 0.2756, -1.0256 -3.372 0.2756, -1.0256 -3.5215 0.2145, -1.0256 -3.3701 0.2581, -1.0256 -3.4979 0.1575, -1.0256 -3.3642 0.2414, -1.0256 -3.4603 0.1086, -1.0256 -3.2933 0.1969, -1.0256 -3.2933 0.0394, -1.0256 -3.3108 0.1988, -1.0256 -3.3544 0.0474, -1.0256 -3.3275 0.2047, -1.0256 -3.4114 0.071, -1.0256 -3.3424 0.214, -1.0256 -3.3549 0.2265
            ]
        }
        coordIndex [
            0,1,2,-1,2,1,3,-1,2,3,4,-1,4,3,5,-1,4,5,6,-1,7,8,9,-1,9,8,10,-1,9,10,11,-1,11,10,12,-1,11,12,13,-1,13,12,6,-1,13,6,14,-1,14,6,5,-1,15,16,17,-1,17,16,18,-1,17,18,19,-1,19,18,20,-1,19,20,21,-1,22,23,24,-1,24,23,25,-1,24,25,26,-1,26,25,27,-1,26,27,28,-1,28,27,21,-1,28,21,29,-1,29,21,20,-1,8,15,17,-1,8,17,10,-1,10,17,19,-1,10,19,12,-1,12,19,21,-1,12,21,6,-1,6,21,27,-1,6,27,4,-1,4,27,25,-1,4,25,2,-1,2,25,23,-1,2,23,0,-1,1,22,3,-1,3,22,24,-1,3,24,5,-1,5,24,26,-1,5,26,14,-1,14,26,28,-1,14,28,13,-1,13,28,29,-1,13,29,11,-1,11,29,20,-1,11,20,9,-1,9,20,18,-1,9,18,7,-1,7,18,16,-1,
        ]
    }
}
Shape{
    appearance Appearance {
        material  Material 	{
            diffuseColor 0.7764705882352941 0.7568627450980392 0.7372549019607844
            specularColor 0.38823529411764707 0.3764705882352941 0.3686274509803922
            ambientIntensity 0.7605
            transparency 0.0
            shininess 0.5
        }
    }
    geometry IndexedFaceSet {
        ccw TRUE
        solid FALSE
        coord DEF co Coordinate {
            point [
                -1.0256 -3.2933 0.1969, -1.0256 -2.2894 0.1969, -1.0256 -3.2933 0.0394, -1.0256 -2.2894 0.0394, 1.0217 -3.2933 0.0394, 1.0217 -2.2894 0.0394, 1.0217 -3.2933 0.1969, 1.0217 -2.2894 0.1969, -0.4449 -2.9982 0.0394, -0.4686 -2.9884 0.0394, 0.1555 -2.2894 0.0394, -0.4941 -2.985 0.0394, 0.1555 -2.0925 0.0394, 0.4902 -3.1819 0.0394, 0.5156 -3.1785 0.0394, 0.5394 -3.1687 0.0394, 0.3917 -3.0835 0.0394, 0.3951 -3.058 0.0394, 0.4049 -3.0342 0.0394, 0.3951 -3.1089 0.0394, 0.4049 -3.1327 0.0394, 0.4206 -3.153 0.0394, 0.4409 -3.1687 0.0394, 0.4647 -3.1785 0.0394, 0.5598 -3.153 0.0394, 0.5754 -3.1327 0.0394, 0.5852 -3.1089 0.0394, -0.1594 -2.0925 0.0394, -0.1594 -2.2894 0.0394, -0.5196 -2.9884 0.0394, -0.5433 -2.9982 0.0394, -0.5793 -3.1327 0.0394, -0.5892 -3.1089 0.0394, -0.5925 -3.0835 0.0394, 0.4206 -3.0139 0.0394, -0.4686 -3.1785 0.0394, 0.4409 -2.9982 0.0394, -0.4449 -3.1687 0.0394, 0.4647 -2.9884 0.0394, -0.4245 -3.153 0.0394, -0.4089 -3.1327 0.0394, 0.5394 -2.9982 0.0394, 0.5156 -2.9884 0.0394, 0.4902 -2.985 0.0394, -0.399 -3.1089 0.0394, -0.3957 -3.0835 0.0394, -0.5637 -3.0139 0.0394, -0.5793 -3.0342 0.0394, -0.5892 -3.058 0.0394, 0.5886 -3.0835 0.0394, 0.5852 -3.058 0.0394, 0.5754 -3.0342 0.0394, 0.5598 -3.0139 0.0394, -0.399 -3.058 0.0394, -0.4089 -3.0342 0.0394, -0.4245 -3.0139 0.0394, -0.5637 -3.153 0.0394, -0.5433 -3.1687 0.0394, -0.5196 -3.1785 0.0394, -0.4941 -3.1819 0.0394, 0.1555 -2.2894 0.1969, -0.1594 -2.2894 0.1969, -0.1594 -2.0925 0.1969, 0.1555 -2.0925 0.1969, 0.1555 -2.0531 0.0, 0.1555 -1.8957 0.0, 0.1555 -2.0545 0.0102, 0.1555 -1.9024 0.051, 0.1555 -2.0584 0.0197, 0.1555 -1.922 0.0984, 0.1555 -2.0647 0.0278, 0.1555 -1.9533 0.1392, 0.1555 -2.0728 0.0341, 0.1555 -1.9941 0.1705, 0.1555 -2.0823 0.038, 0.1555 -2.0416 0.1901, -0.1594 -2.0823 0.038, -0.1594 -2.0728 0.0341, -0.1594 -2.0647 0.0278, -0.1594 -2.0584 0.0197, -0.1594 -2.0545 0.0102, -0.1594 -2.0531 0.0, -0.1594 -2.0416 0.1901, -0.1594 -1.9941 0.1705, -0.1594 -1.9533 0.1392, -0.1594 -1.922 0.0984, -0.1594 -1.9024 0.051, -0.1594 -1.8957 0.0, 0.1555 -1.8957 -0.2456, 0.1555 -2.0531 -0.2456, -0.1594 -2.0531 -0.2456, -0.1594 -1.8957 -0.2456, 0.1555 -2.0583 -0.2651, 0.1555 -1.9214 -0.3429, 0.1555 -2.0545 -0.2557, 0.1555 -1.9022 -0.2959, -0.1594 -2.0545 -0.2557, -0.1594 -2.0583 -0.2651, -0.1594 -1.9022 -0.2959, -0.1594 -1.9214 -0.3429, 0.1555 -2.0328 -0.5391, 0.1555 -2.1698 -0.4613, -0.1594 -2.1698 -0.4613, -0.1594 -2.0328 -0.5391, 0.1555 -2.0367 -0.5486, 0.1555 -2.189 -0.5086, 0.1555 -2.038 -0.5587, 0.1555 -2.1955 -0.5593, 0.1555 -2.0366 -0.5688, 0.1555 -2.1887 -0.6099, 0.1555 -2.0327 -0.5782, 0.1555 -2.1691 -0.657, -0.1594 -2.1691 -0.657, -0.1594 -2.1887 -0.6099, -0.1594 -2.1955 -0.5593, -0.1594 -2.189 -0.5086, -0.1594 -2.0327 -0.5782, -0.1594 -2.0366 -0.5688, -0.1594 -2.038 -0.5587, -0.1594 -2.0367 -0.5486, 0.1555 -1.9221 -0.7698, 0.1555 -2.0584 -0.8485, -0.1594 -2.0584 -0.8485, -0.1594 -1.9221 -0.7698, 0.1555 -2.0531 -0.8682, 0.1555 -1.8957 -0.8682, 0.1555 -2.0537 -0.8614, 0.1555 -1.8987 -0.834, 0.1555 -2.0555 -0.8548, 0.1555 -1.9075 -0.8009, -0.1594 -2.0555 -0.8548, -0.1594 -2.0537 -0.8614, -0.1594 -2.0531 -0.8682, -0.1594 -1.9075 -0.8009, -0.1594 -1.8987 -0.834, -0.1594 -1.8957 -0.8682, 0.1555 -1.8957 -1.1024, 0.1555 -2.0531 -1.1024, 0.1094 -2.0531 -1.2137, 0.1344 -2.0531 -1.1811, -0.1594 -2.0531 -1.1024, 0.1501 -2.0531 -1.1431, 0.0768 -2.0531 -1.2387, -0.1541 -2.0531 -1.1431, -0.1384 -2.0531 -1.1811, -0.1133 -2.0531 -1.2137, -0.0807 -2.0531 -1.2387, 0.0388 -2.0531 -1.2545, -0.0427 -2.0531 -1.2545, -0.002 -2.0531 -1.2598, -0.1594 -1.8957 -1.1024, -0.1133 -1.8957 -1.2137, -0.1384 -1.8957 -1.1811, -0.1541 -1.8957 -1.1431, 0.1501 -1.8957 -1.1431, 0.1344 -1.8957 -1.1811, 0.1094 -1.8957 -1.2137, 0.0768 -1.8957 -1.2387, 0.0388 -1.8957 -1.2545, -0.002 -1.8957 -1.2598, -0.0427 -1.8957 -1.2545, -0.0807 -1.8957 -1.2387, 0.475 -3.0573 0.0, 0.4823 -3.0542 0.0, 0.4902 -3.0835 0.0, 0.4902 -3.0532 0.0, 0.498 -3.0542 0.0, 0.461 -3.0756 0.0, 0.464 -3.0683 0.0, 0.4688 -3.0621 0.0, 0.464 -3.0986 0.0, 0.461 -3.0913 0.0, 0.4599 -3.0835 0.0, 0.4823 -3.1127 0.0, 0.475 -3.1096 0.0, 0.4688 -3.1048 0.0, 0.5053 -3.1096 0.0, 0.498 -3.1127 0.0, 0.4902 -3.1137 0.0, 0.5194 -3.0913 0.0, 0.5163 -3.0986 0.0, 0.5115 -3.1048 0.0, 0.5163 -3.0683 0.0, 0.5194 -3.0756 0.0, 0.5204 -3.0835 0.0, 0.5053 -3.0573 0.0, 0.5115 -3.0621 0.0, -0.5092 -3.0573 0.0, -0.5019 -3.0542 0.0, -0.4941 -3.0835 0.0, -0.4941 -3.0532 0.0, -0.4863 -3.0542 0.0, -0.5233 -3.0756 0.0, -0.5203 -3.0683 0.0, -0.5155 -3.0621 0.0, -0.5203 -3.0986 0.0, -0.5233 -3.0913 0.0, -0.5243 -3.0835 0.0, -0.5019 -3.1127 0.0, -0.5092 -3.1096 0.0, -0.5155 -3.1048 0.0, -0.479 -3.1096 0.0, -0.4863 -3.1127 0.0, -0.4941 -3.1137 0.0, -0.4649 -3.0913 0.0, -0.4679 -3.0986 0.0, -0.4727 -3.1048 0.0, -0.4679 -3.0683 0.0, -0.4649 -3.0756 0.0, -0.4639 -3.0835 0.0, -0.479 -3.0573 0.0, -0.4727 -3.0621 0.0, -0.4719 -3.1664 0.0231, -0.4511 -3.1579 0.0231, -0.4333 -3.1442 0.0231, -0.4197 -3.1264 0.0231, -0.4111 -3.1057 0.0231, -0.4082 -3.0835 0.0231, -0.4111 -3.0612 0.0231, -0.4197 -3.0405 0.0231, -0.4333 -3.0227 0.0231, -0.4511 -3.009 0.0231, -0.4719 -3.0005 0.0231, -0.4941 -2.9975 0.0231, -0.5163 -3.0005 0.0231, -0.5371 -3.009 0.0231, -0.5548 -3.0227 0.0231, -0.5685 -3.0405 0.0231, -0.5771 -3.0612 0.0231, -0.58 -3.0835 0.0231, -0.5771 -3.1057 0.0231, -0.5685 -3.1264 0.0231, -0.5548 -3.1442 0.0231, -0.5371 -3.1579 0.0231, -0.5163 -3.1664 0.0231, -0.4941 -3.1694 0.0231, -0.4761 -3.1507 0.0106, -0.4593 -3.1437 0.0106, -0.4449 -3.1327 0.0106, -0.4338 -3.1183 0.0106, -0.4269 -3.1015 0.0106, -0.4245 -3.0835 0.0106, -0.4269 -3.0654 0.0106, -0.4338 -3.0486 0.0106, -0.4449 -3.0342 0.0106, -0.4593 -3.0232 0.0106, -0.4761 -3.0162 0.0106, -0.4941 -3.0138 0.0106, -0.5121 -3.0162 0.0106, -0.5289 -3.0232 0.0106, -0.5433 -3.0342 0.0106, -0.5544 -3.0486 0.0106, -0.5613 -3.0654 0.0106, -0.5637 -3.0835 0.0106, -0.5613 -3.1015 0.0106, -0.5544 -3.1183 0.0106, -0.5433 -3.1327 0.0106, -0.5289 -3.1437 0.0106, -0.5121 -3.1507 0.0106, -0.4941 -3.1531 0.0106, -0.481 -3.1323 0.0027, -0.4688 -3.1273 0.0027, -0.4583 -3.1192 0.0027, -0.4503 -3.1088 0.0027, -0.4452 -3.0966 0.0027, -0.4435 -3.0835 0.0027, -0.4452 -3.0704 0.0027, -0.4503 -3.0581 0.0027, -0.4583 -3.0477 0.0027, -0.4688 -3.0396 0.0027, -0.481 -3.0346 0.0027, -0.4941 -3.0328 0.0027, -0.5072 -3.0346 0.0027, -0.5194 -3.0396 0.0027, -0.5299 -3.0477 0.0027, -0.5379 -3.0581 0.0027, -0.543 -3.0704 0.0027, -0.5447 -3.0835 0.0027, -0.543 -3.0966 0.0027, -0.5379 -3.1088 0.0027, -0.5299 -3.1192 0.0027, -0.5194 -3.1273 0.0027, -0.5072 -3.1323 0.0027, -0.4941 -3.1341 0.0027, 0.5124 -3.1664 0.0231, 0.5331 -3.1579 0.0231, 0.5509 -3.1442 0.0231, 0.5646 -3.1264 0.0231, 0.5731 -3.1057 0.0231, 0.5761 -3.0835 0.0231, 0.5731 -3.0612 0.0231, 0.5646 -3.0405 0.0231, 0.5509 -3.0227 0.0231, 0.5331 -3.009 0.0231, 0.5124 -3.0005 0.0231, 0.4902 -2.9975 0.0231, 0.4679 -3.0005 0.0231, 0.4472 -3.009 0.0231, 0.4294 -3.0227 0.0231, 0.4158 -3.0405 0.0231, 0.4072 -3.0612 0.0231, 0.4042 -3.0835 0.0231, 0.4072 -3.1057 0.0231, 0.4158 -3.1264 0.0231, 0.4294 -3.1442 0.0231, 0.4472 -3.1579 0.0231, 0.4679 -3.1664 0.0231, 0.4902 -3.1694 0.0231, 0.5082 -3.1507 0.0106, 0.525 -3.1437 0.0106, 0.5394 -3.1327 0.0106, 0.5504 -3.1183 0.0106, 0.5574 -3.1015 0.0106, 0.5598 -3.0835 0.0106, 0.5574 -3.0654 0.0106, 0.5504 -3.0486 0.0106, 0.5394 -3.0342 0.0106, 0.525 -3.0232 0.0106, 0.5082 -3.0162 0.0106, 0.4902 -3.0138 0.0106, 0.4721 -3.0162 0.0106, 0.4554 -3.0232 0.0106, 0.4409 -3.0342 0.0106, 0.4299 -3.0486 0.0106, 0.4229 -3.0654 0.0106, 0.4206 -3.0835 0.0106, 0.4229 -3.1015 0.0106, 0.4299 -3.1183 0.0106, 0.4409 -3.1327 0.0106, 0.4554 -3.1437 0.0106, 0.4721 -3.1507 0.0106, 0.4902 -3.1531 0.0106, 0.5033 -3.1323 0.0027, 0.5155 -3.1273 0.0027, 0.5259 -3.1192 0.0027, 0.534 -3.1088 0.0027, 0.539 -3.0966 0.0027, 0.5408 -3.0835 0.0027, 0.539 -3.0704 0.0027, 0.534 -3.0581 0.0027, 0.5259 -3.0477 0.0027, 0.5155 -3.0396 0.0027, 0.5033 -3.0346 0.0027, 0.4902 -3.0328 0.0027, 0.4771 -3.0346 0.0027, 0.4649 -3.0396 0.0027, 0.4544 -3.0477 0.0027, 0.4463 -3.0581 0.0027, 0.4413 -3.0704 0.0027, 0.4395 -3.0835 0.0027, 0.4413 -3.0966 0.0027, 0.4463 -3.1088 0.0027, 0.4544 -3.1192 0.0027, 0.4649 -3.1273 0.0027, 0.4771 -3.1323 0.0027, 0.4902 -3.1341 0.0027, -1.1811 -3.5295 1.874, -1.1731 -3.7854 2.0111, -1.1731 -3.5295 2.0111, -1.1493 -3.7854 2.1464, -1.1493 -3.5295 2.1464, -1.1099 -3.7854 2.278, -1.1099 -3.5295 2.278, -1.0555 -3.7854 2.4041, -1.0555 -3.5295 2.4041, -0.9868 -3.7854 2.523, -0.9868 -3.5295 2.523, -0.9048 -3.7854 2.6332, -0.9048 -3.5295 2.6332, -0.8105 -3.7854 2.7331, -0.8105 -3.5295 2.7331, -0.7053 -3.7854 2.8214, -0.7053 -3.5295 2.8214, -0.5906 -3.7854 2.8969, -0.5906 -3.5295 2.8969, -0.4678 -3.7854 2.9585, -0.4678 -3.5295 2.9585, -0.3387 -3.7854 3.0055, -0.3387 -3.5295 3.0055, -0.2051 -3.7854 3.0372, -0.2051 -3.5295 3.0372, -0.0687 -3.7854 3.0531, -0.0687 -3.5295 3.0531, 0.0687 -3.7854 3.0531, 0.0687 -3.5295 3.0531, 0.2051 -3.7854 3.0372, 0.2051 -3.5295 3.0372, 0.3387 -3.7854 3.0055, 0.3387 -3.5295 3.0055, 0.4678 -3.7854 2.9585, 0.4678 -3.5295 2.9585, 0.5906 -3.7854 2.8969, 0.5906 -3.5295 2.8969, 0.7053 -3.7854 2.8214, 0.7053 -3.5295 2.8214, 0.8105 -3.7854 2.7331, 0.8105 -3.5295 2.7331, 0.9048 -3.7854 2.6332, 0.9048 -3.5295 2.6332, 0.9868 -3.7854 2.523, 0.9868 -3.5295 2.523, 1.0555 -3.7854 2.4041, 1.0555 -3.5295 2.4041, 1.1099 -3.7854 2.278, 1.1099 -3.5295 2.278, 1.1493 -3.7854 2.1464, 1.1493 -3.5295 2.1464, 1.1731 -3.7854 2.0111, 1.1731 -3.5295 2.0111, 1.1811 -3.7854 1.874, 1.1811 -3.5295 1.874, 1.1731 -3.7854 1.7369, 1.1731 -3.5295 1.7369, 1.1493 -3.7854 1.6016, 1.1493 -3.5295 1.6016, 1.1099 -3.7854 1.4701, 1.1099 -3.5295 1.4701, 1.0555 -3.7854 1.3439, 1.0555 -3.5295 1.3439, 0.9868 -3.7854 1.225, 0.9868 -3.5295 1.225, 0.9048 -3.7854 1.1148, 0.9048 -3.5295 1.1148, 0.8105 -3.7854 1.0149, 0.8105 -3.5295 1.0149, 0.7053 -3.7854 0.9266, 0.7053 -3.5295 0.9266, 0.5906 -3.7854 0.8512, 0.5906 -3.5295 0.8512, 0.4678 -3.7854 0.7895, 0.4678 -3.5295 0.7895, 0.3387 -3.7854 0.7425, 0.3387 -3.5295 0.7425, 0.2051 -3.7854 0.7109, 0.2051 -3.5295 0.7109, 0.0687 -3.7854 0.6949, 0.0687 -3.5295 0.6949, -0.0687 -3.7854 0.6949, -0.0687 -3.5295 0.6949, -0.2051 -3.7854 0.7109, -0.2051 -3.5295 0.7109, -0.3387 -3.7854 0.7425, -0.3387 -3.5295 0.7425, -0.4678 -3.7854 0.7895, -0.4678 -3.5295 0.7895, -0.5906 -3.7854 0.8512, -0.5906 -3.5295 0.8512, -0.7053 -3.7854 0.9266, -0.7053 -3.5295 0.9266, -0.8105 -3.7854 1.0149, -0.8105 -3.5295 1.0149, -0.9048 -3.7854 1.1148, -0.9048 -3.5295 1.1148, -0.9868 -3.7854 1.225, -0.9868 -3.5295 1.225, -1.0555 -3.7854 1.3439, -1.0555 -3.5295 1.3439, -1.1099 -3.7854 1.4701, -1.1099 -3.5295 1.4701, -1.1493 -3.7854 1.6016, -1.1493 -3.5295 1.6016, -1.1731 -3.7854 1.7369, -1.1731 -3.5295 1.7369, -1.1811 -3.7854 1.874, 0.0 -3.7854 1.874, 0.0 -3.5295 1.874, -0.8425 -3.3681 3.3563, -0.8425 -3.3681 3.4744, -0.8425 -3.2894 3.3563, -0.8425 -3.2894 3.4744, 0.8425 -3.3681 0.3917, 0.8425 -3.3681 0.2736, 0.8425 -3.2894 0.3917, 0.8425 -3.2894 0.2736, -0.8425 -3.2894 0.2736, -0.8425 -3.3681 0.2736, -0.8425 -3.2894 0.3917, -0.8425 -3.3681 0.3917, 0.8425 -3.2894 3.4744, 0.8425 -3.3681 3.4744, 0.8425 -3.2894 3.3563, 0.8425 -3.3681 3.3563, 0.8629 -3.2867 3.3563, 0.8833 -3.3627 3.3563, 0.8819 -3.2788 3.3563, 0.9213 -3.347 3.3563, 0.8982 -3.2663 3.3563, 0.9539 -3.322 3.3563, 0.9107 -3.25 3.3563, 0.9789 -3.2894 3.3563, 0.9186 -3.231 3.3563, 0.9946 -3.2514 3.3563, 0.9213 -3.2106 3.3563, 1.0 -3.2106 3.3563, 0.9213 -3.2106 0.3917, 1.0 -3.2106 0.3917, 0.9186 -3.231 0.3917, 0.9946 -3.2514 0.3917, 0.9107 -3.25 0.3917, 0.9789 -3.2894 0.3917, 0.8982 -3.2663 0.3917, 0.9539 -3.322 0.3917, 0.8819 -3.2788 0.3917, 0.9213 -3.347 0.3917, 0.8629 -3.2867 0.3917, 0.8833 -3.3627 0.3917, 1.0 -1.7146 0.3917, 0.9213 -1.7146 0.3917, 0.9213 -1.7146 3.3563, 1.0 -1.7146 3.3563, 1.0 -1.3209 2.6614, 1.0 -1.3209 1.0866, 1.0 -0.9272 1.1791, 1.0 -0.9272 2.5689, 1.0 -1.7146 2.6614, 1.0 -1.7146 1.0866, 0.9213 -1.3209 1.0866, 0.9213 -1.3209 2.6614, 0.9213 -0.9272 2.5689, 0.9213 -0.9272 1.1791, 0.9213 -1.7146 1.0866, 0.9213 -1.7146 2.6614, -0.8629 -3.2867 0.3917, -0.8833 -3.3627 0.3917, -0.8819 -3.2788 0.3917, -0.9213 -3.347 0.3917, -0.8982 -3.2663 0.3917, -0.9539 -3.322 0.3917, -0.9107 -3.25 0.3917, -0.9789 -3.2894 0.3917, -0.9186 -3.231 0.3917, -0.9946 -3.2514 0.3917, -0.9213 -3.2106 0.3917, -1.0 -3.2106 0.3917, -0.9213 -3.2106 3.3563, -1.0 -3.2106 3.3563, -0.9186 -3.231 3.3563, -0.9946 -3.2514 3.3563, -0.9107 -3.25 3.3563, -0.9789 -3.2894 3.3563, -0.8982 -3.2663 3.3563, -0.9539 -3.322 3.3563, -0.8819 -3.2788 3.3563, -0.9213 -3.347 3.3563, -0.8629 -3.2867 3.3563, -0.8833 -3.3627 3.3563, -1.0 -1.7146 3.3563, -0.9213 -1.7146 3.3563, -0.9213 -1.7146 0.3917, -1.0 -1.7146 0.3917, -1.0 -1.3209 1.0866, -1.0 -1.3209 2.6614, -1.0 -0.9272 2.5689, -1.0 -0.9272 1.1791, -1.0 -1.7146 1.0866, -1.0 -1.7146 2.6614, -0.9213 -1.3209 2.6614, -0.9213 -1.3209 1.0866, -0.9213 -0.9272 1.1791, -0.9213 -0.9272 2.5689, -0.9213 -1.7146 2.6614, -0.9213 -1.7146 1.0866
            ]
        }
        coordIndex [
            0,1,2,-1,2,1,3,-1,4,5,6,-1,6,5,7,-1,8,9,10,-1,10,9,11,-1,10,11,12,-1,2,13,4,-1,4,13,14,-1,4,14,15,-1,16,2,17,-1,17,2,18,-1,16,19,2,-1,2,19,20,-1,2,20,21,-1,21,22,2,-1,2,22,23,-1,2,23,13,-1,15,24,4,-1,4,24,25,-1,4,25,26,-1,27,12,28,-1,28,12,11,-1,28,11,3,-1,3,11,29,-1,3,29,30,-1,31,2,32,-1,32,2,33,-1,34,35,36,-1,36,35,37,-1,36,37,38,-1,38,37,39,-1,38,39,40,-1,41,42,10,-1,10,42,43,-1,40,44,38,-1,38,44,45,-1,38,45,43,-1,30,46,3,-1,3,46,47,-1,3,47,2,-1,2,47,48,-1,2,48,33,-1,26,49,4,-1,4,49,50,-1,4,50,5,-1,5,50,51,-1,5,51,10,-1,10,51,52,-1,10,52,41,-1,45,53,43,-1,43,53,54,-1,43,54,10,-1,10,54,55,-1,10,55,8,-1,31,56,2,-1,2,56,57,-1,2,57,58,-1,58,59,2,-1,2,59,35,-1,2,35,18,-1,18,35,34,-1,6,7,0,-1,0,7,60,-1,1,0,61,-1,61,0,60,-1,61,60,62,-1,62,60,63,-1,7,5,60,-1,60,5,10,-1,63,60,12,-1,12,60,10,-1,27,28,62,-1,62,28,61,-1,64,65,66,-1,66,65,67,-1,66,67,68,-1,68,67,69,-1,68,69,70,-1,70,69,71,-1,70,71,72,-1,72,71,73,-1,72,73,74,-1,74,73,75,-1,74,75,12,-1,12,75,63,-1,12,27,74,-1,74,27,76,-1,74,76,72,-1,72,76,77,-1,72,77,70,-1,70,77,78,-1,70,78,68,-1,68,78,79,-1,68,79,66,-1,66,79,80,-1,66,80,64,-1,64,80,81,-1,27,62,76,-1,76,62,82,-1,76,82,77,-1,77,82,83,-1,77,83,78,-1,78,83,84,-1,78,84,79,-1,79,84,85,-1,79,85,80,-1,80,85,86,-1,80,86,81,-1,81,86,87,-1,65,87,86,-1,65,86,67,-1,67,86,85,-1,67,85,69,-1,69,85,84,-1,69,84,71,-1,71,84,83,-1,71,83,73,-1,73,83,82,-1,73,82,75,-1,75,82,62,-1,75,62,63,-1,88,65,89,-1,89,65,64,-1,89,64,90,-1,90,64,81,-1,90,81,91,-1,91,81,87,-1,87,65,91,-1,91,65,88,-1,92,93,94,-1,94,93,95,-1,94,95,89,-1,89,95,88,-1,89,90,94,-1,94,90,96,-1,94,96,92,-1,92,96,97,-1,90,91,96,-1,96,91,98,-1,96,98,97,-1,97,98,99,-1,93,99,98,-1,93,98,95,-1,95,98,91,-1,95,91,88,-1,100,93,101,-1,101,93,92,-1,101,92,102,-1,102,92,97,-1,102,97,103,-1,103,97,99,-1,99,93,103,-1,103,93,100,-1,100,101,104,-1,104,101,105,-1,104,105,106,-1,106,105,107,-1,106,107,108,-1,108,107,109,-1,108,109,110,-1,110,109,111,-1,112,111,109,-1,112,109,113,-1,113,109,107,-1,113,107,114,-1,114,107,105,-1,114,105,115,-1,115,105,101,-1,115,101,102,-1,116,112,117,-1,117,112,113,-1,117,113,118,-1,118,113,114,-1,118,114,119,-1,119,114,115,-1,119,115,103,-1,103,115,102,-1,103,100,119,-1,119,100,104,-1,119,104,118,-1,118,104,106,-1,118,106,117,-1,117,106,108,-1,117,108,116,-1,116,108,110,-1,120,110,121,-1,121,110,111,-1,121,111,122,-1,122,111,112,-1,122,112,123,-1,123,112,116,-1,116,110,123,-1,123,110,120,-1,124,125,126,-1,126,125,127,-1,126,127,128,-1,128,127,129,-1,128,129,121,-1,121,129,120,-1,121,122,128,-1,128,122,130,-1,128,130,126,-1,126,130,131,-1,126,131,124,-1,124,131,132,-1,122,123,130,-1,130,123,133,-1,130,133,131,-1,131,133,134,-1,131,134,132,-1,132,134,135,-1,125,135,134,-1,125,134,127,-1,127,134,133,-1,127,133,129,-1,129,133,123,-1,129,123,120,-1,136,125,137,-1,137,125,124,-1,138,139,140,-1,124,132,137,-1,137,132,140,-1,137,140,141,-1,141,140,139,-1,138,140,142,-1,142,140,143,-1,142,143,144,-1,144,145,142,-1,142,145,146,-1,142,146,147,-1,147,146,148,-1,147,148,149,-1,140,132,150,-1,150,132,135,-1,151,152,136,-1,135,125,150,-1,150,125,136,-1,150,136,153,-1,153,136,152,-1,154,155,136,-1,136,155,156,-1,156,157,136,-1,136,157,158,-1,136,158,159,-1,159,160,136,-1,136,160,161,-1,136,161,151,-1,136,137,141,-1,136,141,154,-1,154,141,139,-1,154,139,155,-1,155,139,138,-1,155,138,156,-1,156,138,142,-1,156,142,157,-1,157,142,147,-1,157,147,158,-1,158,147,149,-1,158,149,159,-1,140,150,153,-1,140,153,143,-1,143,153,152,-1,143,152,144,-1,144,152,151,-1,144,151,145,-1,145,151,161,-1,145,161,146,-1,146,161,160,-1,146,160,148,-1,148,160,159,-1,148,159,149,-1,162,163,164,-1,164,163,165,-1,164,165,166,-1,167,168,164,-1,164,168,169,-1,164,169,162,-1,170,171,164,-1,164,171,172,-1,164,172,167,-1,173,174,164,-1,164,174,175,-1,164,175,170,-1,176,177,164,-1,164,177,178,-1,164,178,173,-1,179,180,164,-1,164,180,181,-1,164,181,176,-1,182,183,164,-1,164,183,184,-1,164,184,179,-1,166,185,164,-1,164,185,186,-1,164,186,182,-1,187,188,189,-1,189,188,190,-1,189,190,191,-1,192,193,189,-1,189,193,194,-1,189,194,187,-1,195,196,189,-1,189,196,197,-1,189,197,192,-1,198,199,189,-1,189,199,200,-1,189,200,195,-1,201,202,189,-1,189,202,203,-1,189,203,198,-1,204,205,189,-1,189,205,206,-1,189,206,201,-1,207,208,189,-1,189,208,209,-1,189,209,204,-1,191,210,189,-1,189,210,211,-1,189,211,207,-1,59,212,35,-1,35,212,213,-1,35,213,37,-1,37,213,214,-1,37,214,39,-1,39,214,215,-1,39,215,40,-1,40,215,216,-1,40,216,44,-1,44,216,217,-1,44,217,45,-1,45,217,218,-1,45,218,53,-1,53,218,219,-1,53,219,54,-1,54,219,220,-1,54,220,55,-1,55,220,221,-1,55,221,8,-1,8,221,222,-1,8,222,9,-1,9,222,223,-1,9,223,11,-1,11,223,224,-1,11,224,29,-1,29,224,225,-1,29,225,30,-1,30,225,226,-1,30,226,46,-1,46,226,227,-1,46,227,47,-1,47,227,228,-1,47,228,48,-1,48,228,229,-1,48,229,33,-1,33,229,230,-1,33,230,32,-1,32,230,231,-1,32,231,31,-1,31,231,232,-1,31,232,56,-1,56,232,233,-1,56,233,57,-1,57,233,234,-1,57,234,58,-1,58,234,235,-1,58,235,59,-1,59,235,212,-1,235,236,212,-1,212,236,237,-1,212,237,213,-1,213,237,238,-1,213,238,214,-1,214,238,239,-1,214,239,215,-1,215,239,240,-1,215,240,216,-1,216,240,241,-1,216,241,217,-1,217,241,242,-1,217,242,218,-1,218,242,243,-1,218,243,219,-1,219,243,244,-1,219,244,220,-1,220,244,245,-1,220,245,221,-1,221,245,246,-1,221,246,222,-1,222,246,247,-1,222,247,223,-1,223,247,248,-1,223,248,224,-1,224,248,249,-1,224,249,225,-1,225,249,250,-1,225,250,226,-1,226,250,251,-1,226,251,227,-1,227,251,252,-1,227,252,228,-1,228,252,253,-1,228,253,229,-1,229,253,254,-1,229,254,230,-1,230,254,255,-1,230,255,231,-1,231,255,256,-1,231,256,232,-1,232,256,257,-1,232,257,233,-1,233,257,258,-1,233,258,234,-1,234,258,259,-1,234,259,235,-1,235,259,236,-1,259,260,236,-1,236,260,261,-1,236,261,237,-1,237,261,262,-1,237,262,238,-1,238,262,263,-1,238,263,239,-1,239,263,264,-1,239,264,240,-1,240,264,265,-1,240,265,241,-1,241,265,266,-1,241,266,242,-1,242,266,267,-1,242,267,243,-1,243,267,268,-1,243,268,244,-1,244,268,269,-1,244,269,245,-1,245,269,270,-1,245,270,246,-1,246,270,271,-1,246,271,247,-1,247,271,272,-1,247,272,248,-1,248,272,273,-1,248,273,249,-1,249,273,274,-1,249,274,250,-1,250,274,275,-1,250,275,251,-1,251,275,276,-1,251,276,252,-1,252,276,277,-1,252,277,253,-1,253,277,278,-1,253,278,254,-1,254,278,279,-1,254,279,255,-1,255,279,280,-1,255,280,256,-1,256,280,281,-1,256,281,257,-1,257,281,282,-1,257,282,258,-1,258,282,283,-1,258,283,259,-1,259,283,260,-1,283,202,260,-1,260,202,201,-1,260,201,261,-1,261,201,206,-1,261,206,262,-1,262,206,205,-1,262,205,263,-1,263,205,204,-1,263,204,264,-1,264,204,209,-1,264,209,265,-1,265,209,208,-1,265,208,266,-1,266,208,207,-1,266,207,267,-1,267,207,211,-1,267,211,268,-1,268,211,210,-1,268,210,269,-1,269,210,191,-1,269,191,270,-1,270,191,190,-1,270,190,271,-1,271,190,188,-1,271,188,272,-1,272,188,187,-1,272,187,273,-1,273,187,194,-1,273,194,274,-1,274,194,193,-1,274,193,275,-1,275,193,192,-1,275,192,276,-1,276,192,197,-1,276,197,277,-1,277,197,196,-1,277,196,278,-1,278,196,195,-1,278,195,279,-1,279,195,200,-1,279,200,280,-1,280,200,199,-1,280,199,281,-1,281,199,198,-1,281,198,282,-1,282,198,203,-1,282,203,283,-1,283,203,202,-1,13,284,14,-1,14,284,285,-1,14,285,15,-1,15,285,286,-1,15,286,24,-1,24,286,287,-1,24,287,25,-1,25,287,288,-1,25,288,26,-1,26,288,289,-1,26,289,49,-1,49,289,290,-1,49,290,50,-1,50,290,291,-1,50,291,51,-1,51,291,292,-1,51,292,52,-1,52,292,293,-1,52,293,41,-1,41,293,294,-1,41,294,42,-1,42,294,295,-1,42,295,43,-1,43,295,296,-1,43,296,38,-1,38,296,297,-1,38,297,36,-1,36,297,298,-1,36,298,34,-1,34,298,299,-1,34,299,18,-1,18,299,300,-1,18,300,17,-1,17,300,301,-1,17,301,16,-1,16,301,302,-1,16,302,19,-1,19,302,303,-1,19,303,20,-1,20,303,304,-1,20,304,21,-1,21,304,305,-1,21,305,22,-1,22,305,306,-1,22,306,23,-1,23,306,307,-1,23,307,13,-1,13,307,284,-1,307,308,284,-1,284,308,309,-1,284,309,285,-1,285,309,310,-1,285,310,286,-1,286,310,311,-1,286,311,287,-1,287,311,312,-1,287,312,288,-1,288,312,313,-1,288,313,289,-1,289,313,314,-1,289,314,290,-1,290,314,315,-1,290,315,291,-1,291,315,316,-1,291,316,292,-1,292,316,317,-1,292,317,293,-1,293,317,318,-1,293,318,294,-1,294,318,319,-1,294,319,295,-1,295,319,320,-1,295,320,296,-1,296,320,321,-1,296,321,297,-1,297,321,322,-1,297,322,298,-1,298,322,323,-1,298,323,299,-1,299,323,324,-1,299,324,300,-1,300,324,325,-1,300,325,301,-1,301,325,326,-1,301,326,302,-1,302,326,327,-1,302,327,303,-1,303,327,328,-1,303,328,304,-1,304,328,329,-1,304,329,305,-1,305,329,330,-1,305,330,306,-1,306,330,331,-1,306,331,307,-1,307,331,308,-1,331,332,308,-1,308,332,333,-1,308,333,309,-1,309,333,334,-1,309,334,310,-1,310,334,335,-1,310,335,311,-1,311,335,336,-1,311,336,312,-1,312,336,337,-1,312,337,313,-1,313,337,338,-1,313,338,314,-1,314,338,339,-1,314,339,315,-1,315,339,340,-1,315,340,316,-1,316,340,341,-1,316,341,317,-1,317,341,342,-1,317,342,318,-1,318,342,343,-1,318,343,319,-1,319,343,344,-1,319,344,320,-1,320,344,345,-1,320,345,321,-1,321,345,346,-1,321,346,322,-1,322,346,347,-1,322,347,323,-1,323,347,348,-1,323,348,324,-1,324,348,349,-1,324,349,325,-1,325,349,350,-1,325,350,326,-1,326,350,351,-1,326,351,327,-1,327,351,352,-1,327,352,328,-1,328,352,353,-1,328,353,329,-1,329,353,354,-1,329,354,330,-1,330,354,355,-1,330,355,331,-1,331,355,332,-1,355,177,332,-1,332,177,176,-1,332,176,333,-1,333,176,181,-1,333,181,334,-1,334,181,180,-1,334,180,335,-1,335,180,179,-1,335,179,336,-1,336,179,184,-1,336,184,337,-1,337,184,183,-1,337,183,338,-1,338,183,182,-1,338,182,339,-1,339,182,186,-1,339,186,340,-1,340,186,185,-1,340,185,341,-1,341,185,166,-1,341,166,342,-1,342,166,165,-1,342,165,343,-1,343,165,163,-1,343,163,344,-1,344,163,162,-1,344,162,345,-1,345,162,169,-1,345,169,346,-1,346,169,168,-1,346,168,347,-1,347,168,167,-1,347,167,348,-1,348,167,172,-1,348,172,349,-1,349,172,171,-1,349,171,350,-1,350,171,170,-1,350,170,351,-1,351,170,175,-1,351,175,352,-1,352,175,174,-1,352,174,353,-1,353,174,173,-1,353,173,354,-1,354,173,178,-1,354,178,355,-1,355,178,177,-1,356,357,358,-1,358,357,359,-1,358,359,360,-1,360,359,361,-1,360,361,362,-1,362,361,363,-1,362,363,364,-1,364,363,365,-1,364,365,366,-1,366,365,367,-1,366,367,368,-1,368,367,369,-1,368,369,370,-1,370,369,371,-1,370,371,372,-1,372,371,373,-1,372,373,374,-1,374,373,375,-1,374,375,376,-1,376,375,377,-1,376,377,378,-1,378,377,379,-1,378,379,380,-1,380,379,381,-1,380,381,382,-1,382,381,383,-1,382,383,384,-1,384,383,385,-1,384,385,386,-1,386,385,387,-1,386,387,388,-1,388,387,389,-1,388,389,390,-1,390,389,391,-1,390,391,392,-1,392,391,393,-1,392,393,394,-1,394,393,395,-1,394,395,396,-1,396,395,397,-1,396,397,398,-1,398,397,399,-1,398,399,400,-1,400,399,401,-1,400,401,402,-1,402,401,403,-1,402,403,404,-1,404,403,405,-1,404,405,406,-1,406,405,407,-1,406,407,408,-1,408,407,409,-1,408,409,410,-1,410,409,411,-1,410,411,412,-1,412,411,413,-1,412,413,414,-1,414,413,415,-1,414,415,416,-1,416,415,417,-1,416,417,418,-1,418,417,419,-1,418,419,420,-1,420,419,421,-1,420,421,422,-1,422,421,423,-1,422,423,424,-1,424,423,425,-1,424,425,426,-1,426,425,427,-1,426,427,428,-1,428,427,429,-1,428,429,430,-1,430,429,431,-1,430,431,432,-1,432,431,433,-1,432,433,434,-1,434,433,435,-1,434,435,436,-1,436,435,437,-1,436,437,438,-1,438,437,439,-1,438,439,440,-1,440,439,441,-1,440,441,442,-1,442,441,443,-1,442,443,444,-1,444,443,445,-1,444,445,446,-1,446,445,447,-1,446,447,448,-1,448,447,449,-1,448,449,450,-1,450,449,451,-1,450,451,452,-1,452,451,453,-1,452,453,454,-1,454,453,455,-1,454,455,456,-1,456,455,457,-1,456,457,458,-1,458,457,459,-1,458,459,460,-1,460,459,461,-1,460,461,462,-1,462,461,463,-1,462,463,356,-1,356,463,357,-1,413,411,464,-1,464,411,409,-1,464,409,407,-1,419,417,464,-1,464,417,415,-1,464,415,413,-1,425,423,464,-1,464,423,421,-1,464,421,419,-1,431,429,464,-1,464,429,427,-1,464,427,425,-1,437,435,464,-1,464,435,433,-1,464,433,431,-1,443,441,464,-1,464,441,439,-1,464,439,437,-1,449,447,464,-1,464,447,445,-1,464,445,443,-1,455,453,464,-1,464,453,451,-1,464,451,449,-1,461,459,464,-1,464,459,457,-1,464,457,455,-1,359,357,464,-1,464,357,463,-1,464,463,461,-1,365,363,464,-1,464,363,361,-1,464,361,359,-1,371,369,464,-1,464,369,367,-1,464,367,365,-1,377,375,464,-1,464,375,373,-1,464,373,371,-1,383,381,464,-1,464,381,379,-1,464,379,377,-1,389,387,464,-1,464,387,385,-1,464,385,383,-1,395,393,464,-1,464,393,391,-1,464,391,389,-1,401,399,464,-1,464,399,397,-1,464,397,395,-1,407,405,464,-1,464,405,403,-1,464,403,401,-1,406,408,465,-1,465,408,410,-1,465,410,412,-1,400,402,465,-1,465,402,404,-1,465,404,406,-1,394,396,465,-1,465,396,398,-1,465,398,400,-1,388,390,465,-1,465,390,392,-1,465,392,394,-1,382,384,465,-1,465,384,386,-1,465,386,388,-1,376,378,465,-1,465,378,380,-1,465,380,382,-1,370,372,465,-1,465,372,374,-1,465,374,376,-1,364,366,465,-1,465,366,368,-1,465,368,370,-1,358,360,465,-1,465,360,362,-1,465,362,364,-1,460,462,465,-1,465,462,356,-1,465,356,358,-1,454,456,465,-1,465,456,458,-1,465,458,460,-1,448,450,465,-1,465,450,452,-1,465,452,454,-1,442,444,465,-1,465,444,446,-1,465,446,448,-1,436,438,465,-1,465,438,440,-1,465,440,442,-1,430,432,465,-1,465,432,434,-1,465,434,436,-1,424,426,465,-1,465,426,428,-1,465,428,430,-1,418,420,465,-1,465,420,422,-1,465,422,424,-1,412,414,465,-1,465,414,416,-1,465,416,418,-1,466,467,468,-1,468,467,469,-1,470,471,472,-1,472,471,473,-1,474,475,476,-1,476,475,477,-1,473,471,474,-1,474,471,475,-1,478,479,480,-1,480,479,481,-1,467,479,469,-1,469,479,478,-1,475,471,477,-1,477,471,470,-1,477,470,466,-1,466,470,481,-1,466,481,467,-1,467,481,479,-1,473,474,472,-1,472,474,476,-1,472,476,480,-1,480,476,468,-1,480,468,478,-1,478,468,469,-1,480,481,482,-1,482,481,483,-1,482,483,484,-1,484,483,485,-1,484,485,486,-1,486,485,487,-1,486,487,488,-1,488,487,489,-1,488,489,490,-1,490,489,491,-1,490,491,492,-1,492,491,493,-1,494,495,496,-1,496,495,497,-1,496,497,498,-1,498,497,499,-1,498,499,500,-1,500,499,501,-1,500,501,502,-1,502,501,503,-1,502,503,504,-1,504,503,505,-1,504,505,472,-1,472,505,470,-1,481,470,505,-1,481,505,483,-1,483,505,503,-1,483,503,485,-1,485,503,501,-1,485,501,487,-1,487,501,499,-1,487,499,489,-1,489,499,497,-1,489,497,491,-1,491,497,495,-1,491,495,493,-1,492,494,490,-1,490,494,496,-1,490,496,488,-1,488,496,498,-1,488,498,486,-1,486,498,500,-1,486,500,484,-1,484,500,502,-1,484,502,482,-1,482,502,504,-1,482,504,480,-1,480,504,472,-1,506,495,507,-1,507,495,494,-1,508,492,509,-1,509,492,493,-1,510,511,512,-1,512,513,510,-1,510,513,509,-1,510,509,514,-1,514,509,493,-1,514,493,515,-1,515,493,495,-1,515,495,511,-1,511,495,506,-1,511,506,512,-1,516,517,518,-1,518,519,516,-1,516,519,507,-1,516,507,520,-1,520,507,494,-1,520,494,521,-1,521,494,492,-1,521,492,517,-1,517,492,508,-1,517,508,518,-1,513,512,518,-1,518,512,519,-1,476,477,522,-1,522,477,523,-1,522,523,524,-1,524,523,525,-1,524,525,526,-1,526,525,527,-1,526,527,528,-1,528,527,529,-1,528,529,530,-1,530,529,531,-1,530,531,532,-1,532,531,533,-1,534,535,536,-1,536,535,537,-1,536,537,538,-1,538,537,539,-1,538,539,540,-1,540,539,541,-1,540,541,542,-1,542,541,543,-1,542,543,544,-1,544,543,545,-1,544,545,468,-1,468,545,466,-1,477,466,545,-1,477,545,523,-1,523,545,543,-1,523,543,525,-1,525,543,541,-1,525,541,527,-1,527,541,539,-1,527,539,529,-1,529,539,537,-1,529,537,531,-1,531,537,535,-1,531,535,533,-1,532,534,530,-1,530,534,536,-1,530,536,528,-1,528,536,538,-1,528,538,526,-1,526,538,540,-1,526,540,524,-1,524,540,542,-1,524,542,522,-1,522,542,544,-1,522,544,476,-1,476,544,468,-1,546,535,547,-1,547,535,534,-1,548,532,549,-1,549,532,533,-1,550,551,552,-1,552,553,550,-1,550,553,549,-1,550,549,554,-1,554,549,533,-1,554,533,555,-1,555,533,535,-1,555,535,551,-1,551,535,546,-1,551,546,552,-1,556,557,558,-1,558,559,556,-1,556,559,547,-1,556,547,560,-1,560,547,534,-1,560,534,561,-1,561,534,532,-1,561,532,557,-1,557,532,548,-1,557,548,558,-1,559,558,552,-1,552,558,553,-1,
        ]
    }
}
Shape{
    appearance Appearance {
        material  Material 	{
            diffuseColor 1.0 1.0 1.0
            specularColor 0.8784313725490196 0.8784313725490196 0.8784313725490196
            ambientIntensity 1.0
            transparency 0.0
            shininess 0.5
        }
    }
    geometry IndexedFaceSet {
        ccw TRUE
        solid FALSE
        coord DEF co Coordinate {
            point [
                0.9213 -0.9272 2.5689, 0.9213 -1.7146 3.3563, 1.0 -0.9272 2.5689, 1.0 -1.7146 3.3563
            ]
        }
        coordIndex [
            0,1,2,-1,2,1,3,-1,
        ]
    }
}
Shape{
    appearance Appearance {
        material  Material 	{
            diffuseColor 0.7764705882352941 0.7568627450980392 0.7372549019607844
            specularColor 0.38823529411764707 0.3764705882352941 0.3686274509803922
            ambientIntensity 0.7605
            transparency 0.0
            shininess 0.5
        }
    }
    geometry IndexedFaceSet {
        ccw TRUE
        solid FALSE
        coord DEF co Coordinate {
            point [
                0.9213 -1.7146 0.3917, 0.9213 -0.9272 1.1791, 1.0 -1.7146 0.3917, 1.0 -0.9272 1.1791, -0.9213 -1.7146 3.3563, -0.9213 -0.9272 2.5689, -1.0 -1.7146 3.3563, -1.0 -0.9272 2.5689, -0.9213 -0.9272 1.1791, -0.9213 -1.7146 0.3917, -1.0 -0.9272 1.1791, -1.0 -1.7146 0.3917, -1.0 -1.3209 1.0866, -1.0 -1.7146 1.0866, -0.9213 -1.3209 1.0866, -0.9213 -1.7146 1.0866, -1.0 -1.7146 2.6614, -0.9213 -1.7146 2.6614, -1.0 -1.3209 2.6614, -0.9213 -1.3209 2.6614, 1.0 -1.3209 1.0866, 1.0 -1.3209 2.6614, 0.9213 -1.3209 1.0866, 0.9213 -1.3209 2.6614, 1.0 -1.7146 2.6614, 0.9213 -1.7146 2.6614, 1.0 -1.7146 1.0866, 0.9213 -1.7146 1.0866, -0.4296 -5.9902 2.4127, -0.3445 -5.9902 2.4707, -0.399 -5.9902 2.6406, -0.2517 -5.9902 2.5154, -0.1533 -5.9902 2.5457, -0.0515 -5.9902 2.5611, 0.399 -5.9902 2.6406, 0.0515 -5.9902 2.5611, 0.1533 -5.9902 2.5457, -0.6584 -5.9902 1.6709, -0.8047 -5.9902 1.5591, -0.6207 -5.9902 1.5751, -0.7558 -5.9902 1.4551, -0.5693 -5.9902 1.4859, -0.6936 -5.9902 1.3585, -0.5051 -5.9902 1.4054, -0.619 -5.9902 1.271, -0.4296 -5.9902 1.3354, -0.5335 -5.9902 1.1942, -0.3445 -5.9902 1.2773, -0.4386 -5.9902 1.1294, -0.2517 -5.9902 1.2327, -0.3359 -5.9902 1.0778, -0.1533 -5.9902 1.2023, -0.2273 -5.9902 1.0403, -0.0515 -5.9902 1.187, -0.4972 -5.9902 2.5808, -0.5866 -5.9902 2.5086, -0.5051 -5.9902 2.3426, -0.6656 -5.9902 2.4252, -0.5693 -5.9902 2.2621, -0.7329 -5.9902 2.332, -0.6207 -5.9902 2.173, -0.7871 -5.9902 2.2307, -0.6584 -5.9902 2.0771, -0.8275 -5.9902 2.1231, -0.6813 -5.9902 1.9767, -0.8532 -5.9902 2.0111, -0.689 -5.9902 1.874, -0.8639 -5.9902 1.8967, -0.6813 -5.9902 1.7713, -0.8592 -5.9902 1.7818, -0.8394 -5.9902 1.6686, -0.1147 -5.9902 1.0175, 0.0 -5.9902 1.0098, 0.0515 -5.9902 1.187, 0.1147 -5.9902 1.0175, 0.1533 -5.9902 1.2023, 0.2273 -5.9902 1.0403, 0.2517 -5.9902 1.2327, 0.3359 -5.9902 1.0778, 0.3445 -5.9902 1.2773, 0.4386 -5.9902 1.1294, 0.4296 -5.9902 1.3354, 0.5335 -5.9902 1.1942, 0.5051 -5.9902 1.4054, 0.619 -5.9902 1.271, 0.5693 -5.9902 1.4859, 0.6936 -5.9902 1.3585, 0.6207 -5.9902 1.5751, 0.2517 -5.9902 2.5154, 0.3445 -5.9902 2.4707, 0.4972 -5.9902 2.5808, 0.4296 -5.9902 2.4127, 0.5866 -5.9902 2.5086, 0.5051 -5.9902 2.3426, 0.7558 -5.9902 1.4551, 0.8047 -5.9902 1.5591, 0.6584 -5.9902 1.6709, 0.8394 -5.9902 1.6686, 0.6813 -5.9902 1.7713, 0.8592 -5.9902 1.7818, 0.689 -5.9902 1.874, 0.8639 -5.9902 1.8967, 0.6813 -5.9902 1.9767, 0.8532 -5.9902 2.0111, 0.6584 -5.9902 2.0771, 0.8275 -5.9902 2.1231, 0.6207 -5.9902 2.173, 0.7871 -5.9902 2.2307, 0.5693 -5.9902 2.2621, 0.7329 -5.9902 2.332, 0.6656 -5.9902 2.4252, 0.1533 -3.7854 2.5457, 0.0515 -3.7854 2.5611, 0.399 -3.7854 2.6406, -0.399 -3.7854 2.6406, -0.0515 -3.7854 2.5611, -0.1533 -3.7854 2.5457, -0.2517 -3.7854 2.5154, -0.3445 -3.7854 2.4707, -0.4972 -3.7854 2.5808, -0.4296 -3.7854 2.4127, -0.5866 -3.7854 2.5086, -0.5051 -3.7854 2.3426, 0.4296 -3.7854 2.4127, 0.3445 -3.7854 2.4707, 0.2517 -3.7854 2.5154, 0.6584 -3.7854 1.6709, 0.8047 -3.7854 1.5591, 0.6207 -3.7854 1.5751, 0.7558 -3.7854 1.4551, 0.5693 -3.7854 1.4859, 0.6936 -3.7854 1.3585, 0.5051 -3.7854 1.4054, 0.619 -3.7854 1.271, 0.4296 -3.7854 1.3354, 0.5335 -3.7854 1.1942, 0.3445 -3.7854 1.2773, 0.4386 -3.7854 1.1294, 0.2517 -3.7854 1.2327, 0.3359 -3.7854 1.0778, 0.1533 -3.7854 1.2023, 0.2273 -3.7854 1.0403, 0.0515 -3.7854 1.187, 0.1147 -3.7854 1.0175, 0.0 -3.7854 1.0098, -0.0515 -3.7854 1.187, -0.1147 -3.7854 1.0175, -0.1533 -3.7854 1.2023, -0.2273 -3.7854 1.0403, -0.2517 -3.7854 1.2327, -0.3359 -3.7854 1.0778, -0.3445 -3.7854 1.2773, -0.4386 -3.7854 1.1294, -0.4296 -3.7854 1.3354, -0.5335 -3.7854 1.1942, -0.5051 -3.7854 1.4054, -0.619 -3.7854 1.271, -0.5693 -3.7854 1.4859, -0.6936 -3.7854 1.3585, -0.6207 -3.7854 1.5751, 0.4972 -3.7854 2.5808, 0.5866 -3.7854 2.5086, 0.5051 -3.7854 2.3426, 0.6656 -3.7854 2.4252, 0.5693 -3.7854 2.2621, 0.7329 -3.7854 2.332, 0.6207 -3.7854 2.173, 0.7871 -3.7854 2.2307, 0.6584 -3.7854 2.0771, 0.8275 -3.7854 2.1231, 0.6813 -3.7854 1.9767, 0.8532 -3.7854 2.0111, 0.689 -3.7854 1.874, 0.8639 -3.7854 1.8967, 0.6813 -3.7854 1.7713, 0.8592 -3.7854 1.7818, 0.8394 -3.7854 1.6686, -0.7558 -3.7854 1.4551, -0.8047 -3.7854 1.5591, -0.6584 -3.7854 1.6709, -0.8394 -3.7854 1.6686, -0.6813 -3.7854 1.7713, -0.8592 -3.7854 1.7818, -0.689 -3.7854 1.874, -0.8639 -3.7854 1.8967, -0.6813 -3.7854 1.9767, -0.8532 -3.7854 2.0111, -0.6584 -3.7854 2.0771, -0.8275 -3.7854 2.1231, -0.6207 -3.7854 2.173, -0.7871 -3.7854 2.2307, -0.5693 -3.7854 2.2621, -0.7329 -3.7854 2.332, -0.6656 -3.7854 2.4252, 0.0 1.935 -1.2598, 0.0408 1.935 -1.2545, 0.0787 1.935 -1.2387, 0.1114 1.935 -1.2137, 0.1364 1.935 -1.1811, -0.1575 1.935 -1.1024, -0.0408 1.935 -1.2545, 0.1575 1.935 2.6772, -0.1575 1.935 2.6772, 0.1575 1.935 -1.1024, 0.1521 1.935 -1.1431, -0.1521 1.935 -1.1431, -0.1364 1.935 -1.1811, -0.1114 1.935 -1.2137, -0.0787 1.935 -1.2387, -0.1575 2.1319 2.6772, 0.1575 2.1319 2.6772, -0.1575 2.1319 -1.1024, 0.1575 2.1319 -1.1024, -0.1521 2.1319 -1.1431, 0.1521 2.1319 -1.1431, 0.1364 2.1319 -1.1811, 0.1114 2.1319 -1.2137, 0.0408 2.1319 -1.2545, 0.0 2.1319 -1.2598, -0.0408 2.1319 -1.2545, -0.0787 2.1319 -1.2387, 0.0787 2.1319 -1.2387, -0.1114 2.1319 -1.2137, -0.1364 2.1319 -1.1811, 0.1575 0.935 1.6772, -0.1575 0.935 1.6772, 0.1575 0.935 -1.1024, -0.1575 0.935 -1.1024, 0.0 0.935 -1.2598, 0.0408 0.935 -1.2545, -0.1521 0.935 -1.1431, -0.1364 0.935 -1.1811, -0.1114 0.935 -1.2137, -0.0787 0.935 -1.2387, -0.0408 0.935 -1.2545, 0.0787 0.935 -1.2387, 0.1114 0.935 -1.2137, 0.1521 0.935 -1.1431, 0.1364 0.935 -1.1811, -0.1575 1.1319 -1.1024, -0.1575 1.1319 1.6772, 0.1575 1.1319 1.6772, 0.1575 1.1319 -1.1024, 0.1521 1.1319 -1.1431, -0.1521 1.1319 -1.1431, -0.1364 1.1319 -1.1811, 0.1364 1.1319 -1.1811, -0.0787 1.1319 -1.2387, -0.1114 1.1319 -1.2137, 0.1114 1.1319 -1.2137, 0.0787 1.1319 -1.2387, -0.0408 1.1319 -1.2545, 0.0408 1.1319 -1.2545, 0.0 1.1319 -1.2598, 0.1575 -0.065 0.0394, 0.2953 -0.065 0.1772, -0.1575 -0.065 0.0394, -0.2953 -0.065 0.1772, 0.2953 -0.065 0.6772, -0.2953 -0.065 0.6772, 0.1575 -0.065 -1.1024, -0.1575 -0.065 -1.1024, -0.1521 -0.065 -1.1431, 0.1364 -0.065 -1.1811, -0.1114 -0.065 -1.2137, 0.1114 -0.065 -1.2137, -0.0787 -0.065 -1.2387, -0.0408 -0.065 -1.2545, -0.1364 -0.065 -1.1811, 0.1521 -0.065 -1.1431, 0.0 -0.065 -1.2598, 0.0408 -0.065 -1.2545, 0.0787 -0.065 -1.2387, 0.1575 0.1319 -1.1024, 0.1521 0.1319 -1.1431, 0.1364 0.1319 -1.1811, -0.1364 0.1319 -1.1811, -0.1114 0.1319 -1.2137, -0.0787 0.1319 -1.2387, -0.2953 0.1319 0.6772, 0.2953 0.1319 0.6772, -0.2953 0.1319 0.1772, 0.2953 0.1319 0.1772, -0.1575 0.1319 0.0394, 0.1575 0.1319 0.0394, -0.1575 0.1319 -1.1024, -0.1521 0.1319 -1.1431, 0.1114 0.1319 -1.2137, 0.0787 0.1319 -1.2387, 0.0408 0.1319 -1.2545, 0.0 0.1319 -1.2598, -0.0408 0.1319 -1.2545, 0.2953 -0.3248 2.7756, 0.5906 -0.3248 2.7756, 0.5906 -0.5965 2.7756, -0.5906 -0.5965 2.7756, -0.5906 -0.3248 2.7756, -0.2953 -0.3248 2.7756, -0.1575 0.8981 2.7756, -0.1575 1.8366 2.7756, 0.1575 1.8366 2.7756, 0.1575 0.8981 2.7756, 0.2953 0.6595 2.7756, -0.2953 0.6595 2.7756, -0.5906 -0.3248 2.9724, -0.5906 -0.5965 2.9724, 0.5906 -0.5965 2.9724, 0.2953 -0.3248 2.9724, 0.5906 -0.3248 2.9724, -0.2953 -0.3248 2.9724, -0.2953 0.6595 2.9724, 0.2953 0.6595 2.9724, -0.1575 0.8981 2.9724, 0.1575 0.8981 2.9724, -0.1575 1.8366 2.9724, 0.1575 1.8366 2.9724, 0.1575 1.8585 2.7731, -0.1575 1.8585 2.7731, 0.1575 1.8793 2.7658, -0.1575 1.8793 2.7658, 0.1575 1.898 2.7541, -0.1575 1.898 2.7541, 0.1575 1.9136 2.7385, -0.1575 1.9136 2.7385, 0.1575 1.9253 2.7199, -0.1575 1.9253 2.7199, 0.1575 1.9326 2.6991, -0.1575 1.9326 2.6991, -0.1575 2.1245 2.7429, 0.1575 2.1245 2.7429, -0.1575 2.1027 2.8053, 0.1575 2.1027 2.8053, -0.1575 2.0675 2.8613, 0.1575 2.0675 2.8613, -0.1575 2.0207 2.908, 0.1575 2.0207 2.908, -0.1575 1.9647 2.9432, 0.1575 1.9647 2.9432, -0.1575 1.9023 2.965, 0.1575 1.9023 2.965, -0.5906 -0.3248 1.7756, -0.5906 -0.5965 1.7756, -0.5906 -0.3248 1.9724, -0.5906 -0.5965 1.9724, 0.1575 0.9136 1.7385, 0.1575 0.8981 1.754, -0.1576 0.898 1.7541, -0.1575 0.9326 1.6991, 0.1575 0.9326 1.6991, -0.1575 0.9253 1.7199, 0.1575 0.9253 1.7199, -0.1575 0.9136 1.7385, -0.1575 0.8981 1.754, 0.1576 0.898 1.7541, 0.1683 0.8793 1.7658, -0.1683 0.8793 1.7658, 0.1803 0.8585 1.7731, -0.1803 0.8585 1.7731, 0.193 0.8366 1.7756, -0.193 0.8366 1.7756, -0.1575 0.9023 1.965, -0.1575 0.8981 1.966, 0.1575 0.8981 1.966, -0.193 0.8366 1.9724, 0.193 0.8366 1.9724, 0.1575 0.9023 1.965, 0.1575 0.9647 1.9432, -0.1575 0.9647 1.9432, 0.1575 1.0207 1.908, -0.1575 1.0207 1.908, 0.1575 1.0675 1.8613, -0.1575 1.0675 1.8613, 0.1575 1.1027 1.8053, -0.1575 1.1027 1.8053, 0.1575 1.1245 1.7429, -0.1575 1.1245 1.7429, -0.5906 -0.3248 0.7756, -0.5906 -0.5965 0.7756, -0.5906 -0.3248 0.9724, -0.5906 -0.5965 0.9724, 0.2953 -0.1634 0.7756, -0.2953 -0.1634 0.7756, 0.2953 -0.1415 0.7731, -0.2953 -0.1415 0.7731, 0.2953 -0.1207 0.7658, -0.2953 -0.1207 0.7658, 0.2953 -0.102 0.7541, -0.2953 -0.102 0.7541, 0.2953 -0.0864 0.7385, -0.2953 -0.0864 0.7385, 0.2953 -0.0747 0.7199, -0.2953 -0.0747 0.7199, 0.2953 -0.0674 0.6991, -0.2953 -0.0674 0.6991, -0.2953 0.1245 0.7429, 0.2953 0.1245 0.7429, -0.2953 0.1027 0.8053, 0.2953 0.1027 0.8053, -0.2953 0.0675 0.8613, 0.2953 0.0675 0.8613, -0.2953 0.0207 0.908, 0.2953 0.0207 0.908, -0.2953 -0.0353 0.9432, 0.2953 -0.0353 0.9432, -0.2953 -0.0977 0.965, 0.2953 -0.0977 0.965, -0.2953 -0.1634 0.9724, 0.2953 -0.1634 0.9724
            ]
        }
        coordIndex [
            0,1,2,-1,2,1,3,-1,4,5,6,-1,6,5,7,-1,8,9,10,-1,10,9,11,-1,12,13,14,-1,14,13,15,-1,13,16,15,-1,15,16,17,-1,16,18,17,-1,17,18,19,-1,18,12,19,-1,19,12,14,-1,20,21,22,-1,22,21,23,-1,21,24,23,-1,23,24,25,-1,24,26,25,-1,25,26,27,-1,26,20,27,-1,27,20,22,-1,28,29,30,-1,30,29,31,-1,31,32,30,-1,30,32,33,-1,30,33,34,-1,34,33,35,-1,34,35,36,-1,37,38,39,-1,39,38,40,-1,39,40,41,-1,41,40,42,-1,41,42,43,-1,43,42,44,-1,43,44,45,-1,45,44,46,-1,45,46,47,-1,47,46,48,-1,47,48,49,-1,49,48,50,-1,49,50,51,-1,51,50,52,-1,51,52,53,-1,30,54,28,-1,28,54,55,-1,28,55,56,-1,56,55,57,-1,56,57,58,-1,58,57,59,-1,58,59,60,-1,60,59,61,-1,60,61,62,-1,62,61,63,-1,62,63,64,-1,64,63,65,-1,64,65,66,-1,66,65,67,-1,66,67,68,-1,68,67,69,-1,68,69,37,-1,37,69,70,-1,37,70,38,-1,52,71,53,-1,53,71,72,-1,53,72,73,-1,73,72,74,-1,73,74,75,-1,75,74,76,-1,75,76,77,-1,77,76,78,-1,77,78,79,-1,79,78,80,-1,79,80,81,-1,81,80,82,-1,81,82,83,-1,83,82,84,-1,83,84,85,-1,85,84,86,-1,85,86,87,-1,36,88,34,-1,34,88,89,-1,34,89,90,-1,90,89,91,-1,90,91,92,-1,92,91,93,-1,86,94,87,-1,87,94,95,-1,87,95,96,-1,96,95,97,-1,96,97,98,-1,98,97,99,-1,98,99,100,-1,100,99,101,-1,100,101,102,-1,102,101,103,-1,102,103,104,-1,104,103,105,-1,104,105,106,-1,106,105,107,-1,106,107,108,-1,108,107,109,-1,108,109,93,-1,93,109,110,-1,93,110,92,-1,111,112,113,-1,113,112,114,-1,114,112,115,-1,114,115,116,-1,116,117,114,-1,114,117,118,-1,114,118,119,-1,119,118,120,-1,119,120,121,-1,121,120,122,-1,123,124,113,-1,113,124,125,-1,113,125,111,-1,126,127,128,-1,128,127,129,-1,128,129,130,-1,130,129,131,-1,130,131,132,-1,132,131,133,-1,132,133,134,-1,134,133,135,-1,134,135,136,-1,136,135,137,-1,136,137,138,-1,138,137,139,-1,138,139,140,-1,140,139,141,-1,140,141,142,-1,141,143,142,-1,142,143,144,-1,142,144,145,-1,145,144,146,-1,145,146,147,-1,147,146,148,-1,147,148,149,-1,149,148,150,-1,149,150,151,-1,151,150,152,-1,151,152,153,-1,153,152,154,-1,153,154,155,-1,155,154,156,-1,155,156,157,-1,157,156,158,-1,157,158,159,-1,113,160,123,-1,123,160,161,-1,123,161,162,-1,162,161,163,-1,162,163,164,-1,164,163,165,-1,164,165,166,-1,166,165,167,-1,166,167,168,-1,168,167,169,-1,168,169,170,-1,170,169,171,-1,170,171,172,-1,172,171,173,-1,172,173,174,-1,174,173,175,-1,174,175,126,-1,126,175,176,-1,126,176,127,-1,158,177,159,-1,159,177,178,-1,159,178,179,-1,179,178,180,-1,179,180,181,-1,181,180,182,-1,181,182,183,-1,183,182,184,-1,183,184,185,-1,185,184,186,-1,185,186,187,-1,187,186,188,-1,187,188,189,-1,189,188,190,-1,189,190,191,-1,191,190,192,-1,191,192,122,-1,122,192,193,-1,122,193,121,-1,30,114,119,-1,30,119,54,-1,54,119,121,-1,54,121,55,-1,55,121,193,-1,55,193,57,-1,57,193,192,-1,57,192,59,-1,59,192,190,-1,59,190,61,-1,61,190,188,-1,61,188,63,-1,63,188,186,-1,63,186,65,-1,65,186,184,-1,65,184,67,-1,67,184,182,-1,67,182,69,-1,69,182,180,-1,69,180,70,-1,70,180,178,-1,70,178,38,-1,38,178,177,-1,38,177,40,-1,40,177,158,-1,40,158,42,-1,42,158,156,-1,42,156,44,-1,44,156,154,-1,44,154,46,-1,46,154,152,-1,46,152,48,-1,48,152,150,-1,48,150,50,-1,50,150,148,-1,50,148,52,-1,52,148,146,-1,52,146,71,-1,71,146,144,-1,71,144,72,-1,72,144,143,-1,72,143,74,-1,74,143,141,-1,74,141,76,-1,76,141,139,-1,76,139,78,-1,78,139,137,-1,78,137,80,-1,80,137,135,-1,80,135,82,-1,82,135,133,-1,82,133,84,-1,84,133,131,-1,84,131,86,-1,86,131,129,-1,86,129,94,-1,94,129,127,-1,94,127,95,-1,95,127,176,-1,95,176,97,-1,97,176,175,-1,97,175,99,-1,99,175,173,-1,99,173,101,-1,101,173,171,-1,101,171,103,-1,103,171,169,-1,103,169,105,-1,105,169,167,-1,105,167,107,-1,107,167,165,-1,107,165,109,-1,109,165,163,-1,109,163,110,-1,110,163,161,-1,110,161,92,-1,92,161,160,-1,92,160,90,-1,90,160,113,-1,90,113,34,-1,66,183,64,-1,64,183,185,-1,64,185,62,-1,62,185,187,-1,62,187,60,-1,60,187,189,-1,60,189,58,-1,58,189,191,-1,58,191,56,-1,56,191,122,-1,56,122,28,-1,28,122,120,-1,28,120,29,-1,29,120,118,-1,29,118,31,-1,31,118,117,-1,31,117,32,-1,32,117,116,-1,32,116,33,-1,33,116,115,-1,33,115,35,-1,35,115,112,-1,35,112,36,-1,36,112,111,-1,36,111,88,-1,88,111,125,-1,88,125,89,-1,89,125,124,-1,89,124,91,-1,91,124,123,-1,91,123,93,-1,93,123,162,-1,93,162,108,-1,108,162,164,-1,108,164,106,-1,106,164,166,-1,106,166,104,-1,104,166,168,-1,104,168,102,-1,102,168,170,-1,102,170,100,-1,100,170,172,-1,100,172,98,-1,98,172,174,-1,98,174,96,-1,96,174,126,-1,96,126,87,-1,87,126,128,-1,87,128,85,-1,85,128,130,-1,85,130,83,-1,83,130,132,-1,83,132,81,-1,81,132,134,-1,81,134,79,-1,79,134,136,-1,79,136,77,-1,77,136,138,-1,77,138,75,-1,75,138,140,-1,75,140,73,-1,73,140,142,-1,73,142,53,-1,53,142,145,-1,53,145,51,-1,51,145,147,-1,51,147,49,-1,49,147,149,-1,49,149,47,-1,47,149,151,-1,47,151,45,-1,45,151,153,-1,45,153,43,-1,43,153,155,-1,43,155,41,-1,41,155,157,-1,41,157,39,-1,39,157,159,-1,39,159,37,-1,37,159,179,-1,37,179,68,-1,68,179,181,-1,68,181,66,-1,66,181,183,-1,113,114,34,-1,34,114,30,-1,194,195,196,-1,197,198,199,-1,194,196,200,-1,201,202,203,-1,203,202,199,-1,203,199,204,-1,204,199,198,-1,197,199,196,-1,196,199,205,-1,196,205,206,-1,206,207,196,-1,196,207,208,-1,196,208,200,-1,209,210,211,-1,211,210,212,-1,211,212,213,-1,214,215,216,-1,217,218,212,-1,212,218,219,-1,212,219,220,-1,214,216,212,-1,212,216,221,-1,212,221,217,-1,220,222,212,-1,212,222,223,-1,212,223,213,-1,224,225,226,-1,226,225,227,-1,228,229,226,-1,227,230,226,-1,226,230,231,-1,226,231,232,-1,232,233,226,-1,226,233,234,-1,226,234,228,-1,229,235,226,-1,226,235,236,-1,226,236,237,-1,237,236,238,-1,239,240,241,-1,241,242,239,-1,239,242,243,-1,239,243,244,-1,244,243,245,-1,246,247,243,-1,243,247,248,-1,243,248,245,-1,246,249,247,-1,247,249,250,-1,247,250,251,-1,251,250,252,-1,251,252,253,-1,254,255,256,-1,256,255,257,-1,257,255,258,-1,257,258,259,-1,254,256,260,-1,260,256,261,-1,260,261,262,-1,263,264,265,-1,265,264,266,-1,265,266,267,-1,262,268,260,-1,260,268,264,-1,260,264,269,-1,269,264,263,-1,267,270,265,-1,265,270,271,-1,265,271,272,-1,273,274,275,-1,276,273,277,-1,277,273,278,-1,279,280,281,-1,281,280,282,-1,281,282,283,-1,283,282,284,-1,283,284,285,-1,285,284,273,-1,285,273,286,-1,286,273,276,-1,275,287,273,-1,273,287,288,-1,273,288,289,-1,289,290,273,-1,273,290,291,-1,273,291,278,-1,256,283,261,-1,261,283,285,-1,292,293,294,-1,295,296,297,-1,298,299,300,-1,300,301,298,-1,298,301,302,-1,298,302,303,-1,303,302,292,-1,303,292,297,-1,297,292,294,-1,297,294,295,-1,296,295,304,-1,304,295,305,-1,305,306,307,-1,307,306,308,-1,304,305,309,-1,309,305,307,-1,309,307,310,-1,310,307,311,-1,310,311,312,-1,312,311,313,-1,312,313,314,-1,314,313,315,-1,300,299,316,-1,316,299,317,-1,316,317,318,-1,318,317,319,-1,318,319,320,-1,320,319,321,-1,320,321,322,-1,322,321,323,-1,322,323,324,-1,324,323,325,-1,324,325,326,-1,326,325,327,-1,326,327,201,-1,201,327,202,-1,210,209,328,-1,210,328,329,-1,329,328,330,-1,329,330,331,-1,331,330,332,-1,331,332,333,-1,333,332,334,-1,333,334,335,-1,335,334,336,-1,335,336,337,-1,337,336,338,-1,337,338,339,-1,339,338,314,-1,339,314,315,-1,340,341,342,-1,342,341,343,-1,344,345,346,-1,225,224,347,-1,347,224,348,-1,347,348,349,-1,349,348,350,-1,349,350,351,-1,351,350,344,-1,351,344,352,-1,352,344,346,-1,345,353,346,-1,346,353,354,-1,346,354,355,-1,355,354,356,-1,355,356,357,-1,357,356,358,-1,357,358,359,-1,360,361,362,-1,362,361,363,-1,362,363,364,-1,362,365,360,-1,360,365,366,-1,360,366,367,-1,367,366,368,-1,367,368,369,-1,369,368,370,-1,369,370,371,-1,371,370,372,-1,371,372,373,-1,373,372,374,-1,373,374,375,-1,375,374,241,-1,375,241,240,-1,376,377,378,-1,378,377,379,-1,380,381,382,-1,382,381,383,-1,382,383,384,-1,384,383,385,-1,384,385,386,-1,386,385,387,-1,386,387,388,-1,388,387,389,-1,388,389,390,-1,390,389,391,-1,390,391,392,-1,392,391,393,-1,392,393,258,-1,258,393,259,-1,280,279,394,-1,280,394,395,-1,395,394,396,-1,395,396,397,-1,397,396,398,-1,397,398,399,-1,399,398,400,-1,399,400,401,-1,401,400,402,-1,401,402,403,-1,403,402,404,-1,403,404,405,-1,405,404,406,-1,405,406,407,-1,
        ]
    }
}
Shape{
    appearance Appearance {
        material  Material 	{
            diffuseColor 0.7176470588235294 0.047058823529411764 0.0
            specularColor 0.21568627450980393 0.01568627450980392 0.0
            ambientIntensity 0.2422
            transparency 0.0
            shininess 0.5
        }
    }
    geometry IndexedFaceSet {
        ccw TRUE
        solid FALSE
        coord DEF co Coordinate {
            point [
                0.9665 -0.5965 0.2402, 0.9961 -0.5965 0.2402, 0.9961 -1.2465 0.2402, -0.1207 -1.3538 0.2402, -0.1323 -1.3525 0.2402, -0.0951 -1.2652 0.2402, -0.093 -1.2663 0.2402, -0.093 -1.2534 0.2402, -0.0815 -1.2465 0.2402, -0.1056 -1.2482 0.2402, -0.1175 -1.2465 0.2402, -0.1063 -1.352 0.2402, -0.093 -1.3463 0.2402, -0.0815 -3.2854 0.2402, -0.093 -1.3621 0.2402, -0.1411 -1.3493 0.2402, -0.1493 -1.3439 0.2402, -0.1564 -1.336 0.2402, -0.165 -1.305 0.2402, -0.1638 -1.2923 0.2402, -0.1606 -1.2821 0.2402, -0.1343 -1.26 0.2402, -0.1233 -1.2588 0.2402, -0.1429 -1.2632 0.2402, -0.1502 -1.2681 0.2402, -0.1557 -1.2739 0.2402, -0.1076 -1.2605 0.2402, -0.1613 -1.3269 0.2402, -0.1644 -1.3142 0.2402, -0.2514 -1.2473 0.2402, -0.1324 -1.2465 0.2402, -0.1909 -1.2473 0.2402, -0.14 -1.2473 0.2402, -0.1515 -1.2513 0.2402, -0.1677 -1.3453 0.2402, -0.157 -1.3555 0.2402, -0.1458 -1.362 0.2402, -0.1326 -1.3658 0.2402, -0.161 -1.2573 0.2402, -0.1699 -1.2667 0.2402, -0.1909 -1.2602 0.2402, -0.1762 -1.2779 0.2402, -0.1797 -1.2904 0.2402, -0.1809 -1.3041 0.2402, -0.1792 -1.3209 0.2402, -0.1746 -1.3343 0.2402, -0.1208 -1.3668 0.2402, -0.1066 -1.3658 0.2402, -0.2356 -1.2602 0.2402, -0.2356 -1.3654 0.2402, -0.2514 -1.3654 0.2402, -0.9961 -3.2854 0.2402, -0.9961 -1.2465 0.2402, -0.1255 -1.2458 0.2402, -0.0815 -0.5965 0.2402, -0.1223 -1.2459 0.2402, -0.6654 -0.5965 0.2402, -0.9961 -0.5965 0.2402, -0.0066 -1.2473 0.2402, -0.0699 -1.2473 0.2402, -0.0699 -1.3654 0.2402, 0.9961 -3.2854 0.2402, 0.1099 -1.292 0.2402, 0.1056 -1.2796 0.2402, 0.1202 -1.2473 0.2402, 0.0989 -1.2691 0.2402, 0.0669 -1.3635 0.2402, 0.0807 -1.3587 0.2402, 0.1648 -1.3654 0.2402, -0.0541 -1.3524 0.2402, -0.0541 -1.3135 0.2402, -0.0094 -1.3524 0.2402, -0.0123 -1.3135 0.2402, -0.0123 -1.3005 0.2402, -0.0541 -1.3005 0.2402, -0.0541 -1.2602 0.2402, 0.0891 -1.2597 0.2402, 0.0768 -1.2526 0.2402, 0.0632 -1.2485 0.2402, 0.0165 -1.3654 0.2402, 0.0498 -1.3654 0.2402, -0.0066 -1.2602 0.2402, 0.0165 -1.2473 0.2402, -0.0094 -1.3654 0.2402, 0.0486 -1.2473 0.2402, 0.0935 -1.3501 0.2402, 0.0937 -1.35 0.2402, 0.102 -1.3407 0.2402, 0.1075 -1.3305 0.2402, 0.1107 -1.3189 0.2402, 0.1115 -1.3078 0.2402, 0.2095 -1.2473 0.2402, 0.2268 -1.2473 0.2402, 0.1807 -1.3654 0.2402, 0.1975 -1.2804 0.2402, 0.1487 -1.2804 0.2402, 0.1375 -1.2473 0.2402, 0.6654 -0.5965 0.2402, 0.937 -0.5965 0.4173, 0.7402 -0.5965 0.4173, 0.6654 -0.5965 0.5965, -0.937 -0.5965 3.3307, -0.7402 -0.5965 3.3307, -0.6654 -0.5965 3.1516, -0.6654 -0.5965 3.5079, -0.7402 -0.5965 3.4488, -0.9961 -0.5965 3.5079, -0.937 -0.5965 3.4488, -0.9961 -0.5965 3.1516, 0.7402 -0.5965 3.4488, 0.6654 -0.5965 3.1516, 0.6654 -0.5965 3.5079, 0.937 -0.5965 3.4488, 0.9665 -0.5965 3.5079, 0.937 -0.5965 3.3307, 0.9665 -0.5965 3.1516, 0.7402 -0.5965 3.3307, -0.5906 -0.5965 2.9724, -0.5906 -0.5965 2.7756, 0.5906 -0.5965 2.9724, 0.5906 -0.5965 2.7756, 0.6654 -0.5965 2.374, -0.6654 -0.5965 2.374, -0.5906 -0.5965 1.7756, -0.6654 -0.5965 1.374, -0.5906 -0.5965 1.9724, 0.5906 -0.5965 1.9724, 0.5906 -0.5965 1.7756, 0.6654 -0.5965 1.374, -0.9961 -0.5965 2.374, -0.9961 -0.5965 1.374, -0.9961 -0.5965 0.5965, -0.6654 -0.5965 0.5965, -0.5906 -0.5965 0.7756, 0.5906 -0.5965 0.7756, 0.5906 -0.5965 0.9724, -0.5906 -0.5965 0.9724, -0.9961 -0.5965 0.2697, -0.937 -0.5965 0.4173, -0.7402 -0.5965 0.4173, -0.7402 -0.5965 0.2992, -0.6654 -0.5965 0.2697, -0.937 -0.5965 0.2992, 0.6654 -0.5965 0.2697, 0.7402 -0.5965 0.2992, 0.9665 -0.5965 0.2697, 0.937 -0.5965 0.2992, 0.9665 -0.5965 0.5965, 0.9665 -0.5965 1.374, 0.9665 -0.5965 2.374, 0.9961 -0.5965 3.5079, 0.9961 -0.5965 3.1516, 0.9961 -0.5965 2.374, 0.9961 -0.5965 1.374, 0.9961 -0.5965 0.5965, 0.9961 -0.5965 0.2697, -0.9961 -0.9075 1.171, -0.9961 -1.7064 0.372, -0.9961 -3.2854 0.372, -0.9961 -3.2854 3.376, -0.9961 -3.2854 3.5079, -0.9961 -1.7064 3.376, -0.9961 -0.9075 2.5771, -0.9961 -1.3209 1.0866, -0.9961 -1.3209 2.6614, -0.9961 -0.9272 2.5689, -0.9961 -0.9272 1.1791, -0.9961 -1.7146 0.3917, -0.9961 -1.7146 1.0866, -0.9961 -3.2854 0.3917, -0.9961 -1.7146 2.6614, -0.9961 -3.2854 3.3563, -0.9961 -1.7146 3.3563, 0.9094 -3.2854 3.376, 0.9961 -3.2854 3.376, 0.9961 -3.2854 3.5079, 0.9961 -3.2854 0.3917, 0.9961 -3.2854 3.3563, 0.9094 -3.2854 0.3917, 0.9094 -3.2854 3.3563, 0.9961 -3.2854 0.372, 0.9094 -3.2854 0.372, -0.9094 -3.2854 0.372, -0.9094 -3.2854 0.3917, -0.9094 -3.2854 3.376, -0.9094 -3.2854 3.3563, 0.9961 -1.3209 2.6614, 0.9961 -1.3209 1.0866, 0.9961 -0.9272 1.1791, 0.9961 -0.9272 2.5689, 0.9961 -1.7146 3.3563, 0.9961 -1.7146 2.6614, 0.9961 -1.7146 1.0866, 0.9961 -1.7146 0.3917, 0.9961 -1.7064 3.376, 0.9961 -0.9075 2.5771, 0.9961 -1.7064 0.372, 0.9961 -0.9075 1.171
            ]
        }
        coordIndex [
            0,1,2,-1,3,4,5,-1,6,7,8,-1,8,7,9,-1,8,9,10,-1,3,5,11,-1,11,5,6,-1,11,6,12,-1,12,6,13,-1,12,13,14,-1,4,15,5,-1,5,15,16,-1,5,16,17,-1,18,19,5,-1,5,19,20,-1,21,22,23,-1,23,22,24,-1,20,25,5,-1,5,25,24,-1,5,24,26,-1,26,24,22,-1,17,27,5,-1,5,27,28,-1,5,28,18,-1,29,30,31,-1,31,30,32,-1,31,32,33,-1,34,35,13,-1,13,35,36,-1,13,36,37,-1,33,38,31,-1,31,38,39,-1,31,39,40,-1,40,39,41,-1,40,41,42,-1,42,43,40,-1,40,43,44,-1,40,44,13,-1,13,44,45,-1,13,45,34,-1,37,46,13,-1,13,46,47,-1,13,47,14,-1,48,40,49,-1,49,40,13,-1,49,13,50,-1,50,13,51,-1,50,51,29,-1,29,51,52,-1,29,52,30,-1,30,52,53,-1,54,55,56,-1,56,55,53,-1,56,53,57,-1,57,53,52,-1,58,59,8,-1,8,59,60,-1,6,8,13,-1,13,8,60,-1,13,60,61,-1,62,63,64,-1,64,63,65,-1,66,67,68,-1,69,70,71,-1,71,70,72,-1,73,74,75,-1,65,76,64,-1,64,76,77,-1,64,77,78,-1,61,79,80,-1,75,81,73,-1,73,81,82,-1,73,82,72,-1,72,82,79,-1,72,79,71,-1,71,79,61,-1,71,61,83,-1,83,61,60,-1,81,58,82,-1,82,58,8,-1,82,8,84,-1,67,85,68,-1,68,85,86,-1,68,86,87,-1,87,88,68,-1,68,88,89,-1,68,89,64,-1,64,89,90,-1,64,90,62,-1,91,8,92,-1,92,8,2,-1,92,2,93,-1,93,2,61,-1,93,61,68,-1,68,61,80,-1,68,80,66,-1,94,95,91,-1,91,95,96,-1,91,96,8,-1,8,96,64,-1,8,64,84,-1,84,64,78,-1,0,2,97,-1,97,2,8,-1,97,8,54,-1,54,8,10,-1,54,10,55,-1,98,99,100,-1,101,102,103,-1,104,105,106,-1,106,105,107,-1,106,107,108,-1,109,110,111,-1,111,110,103,-1,111,103,104,-1,104,103,102,-1,104,102,105,-1,109,111,112,-1,112,111,113,-1,112,113,114,-1,114,113,115,-1,114,115,116,-1,103,117,118,-1,117,103,119,-1,119,103,110,-1,119,110,120,-1,120,110,121,-1,120,121,118,-1,118,121,122,-1,118,122,103,-1,123,124,125,-1,125,124,122,-1,125,122,126,-1,126,122,121,-1,126,121,127,-1,127,121,128,-1,127,128,123,-1,123,128,124,-1,107,101,108,-1,108,101,103,-1,108,103,129,-1,129,103,122,-1,129,122,130,-1,130,122,124,-1,130,124,131,-1,131,124,132,-1,133,134,100,-1,100,134,135,-1,100,135,128,-1,128,135,124,-1,124,135,136,-1,124,136,132,-1,137,131,138,-1,138,131,139,-1,139,131,132,-1,139,132,140,-1,140,132,141,-1,140,141,142,-1,136,133,132,-1,132,133,100,-1,132,100,141,-1,141,100,143,-1,100,99,143,-1,143,99,144,-1,143,144,145,-1,144,146,145,-1,145,146,98,-1,145,98,147,-1,147,98,100,-1,147,100,148,-1,148,100,128,-1,148,128,149,-1,149,128,121,-1,149,121,115,-1,115,121,110,-1,115,110,116,-1,116,110,109,-1,138,142,137,-1,137,142,141,-1,137,141,57,-1,57,141,56,-1,56,141,54,-1,54,141,143,-1,54,143,97,-1,97,143,145,-1,97,145,0,-1,113,150,115,-1,115,150,151,-1,115,151,149,-1,149,151,152,-1,149,152,148,-1,148,152,153,-1,148,153,147,-1,147,153,154,-1,147,154,145,-1,145,154,155,-1,145,155,0,-1,0,155,1,-1,137,57,52,-1,131,137,156,-1,156,137,52,-1,156,52,157,-1,157,52,51,-1,157,51,158,-1,159,160,161,-1,161,160,106,-1,161,106,162,-1,106,108,162,-1,162,108,129,-1,162,129,156,-1,156,129,130,-1,156,130,131,-1,163,164,165,-1,165,166,163,-1,163,166,167,-1,163,167,168,-1,168,167,169,-1,168,169,170,-1,170,169,171,-1,170,171,164,-1,164,171,172,-1,164,172,165,-1,173,174,175,-1,176,177,178,-1,178,177,179,-1,61,180,181,-1,158,51,182,-1,182,51,13,-1,182,13,183,-1,160,159,184,-1,61,181,13,-1,13,181,178,-1,13,178,183,-1,175,160,173,-1,173,160,184,-1,173,184,179,-1,179,184,185,-1,179,185,178,-1,178,185,171,-1,178,171,183,-1,183,171,169,-1,186,187,188,-1,188,189,186,-1,186,189,190,-1,186,190,191,-1,191,190,177,-1,191,177,192,-1,192,177,176,-1,192,176,187,-1,187,176,193,-1,187,193,188,-1,175,174,194,-1,195,151,194,-1,194,151,150,-1,194,150,175,-1,180,61,196,-1,196,61,2,-1,196,2,197,-1,1,155,2,-1,2,155,154,-1,2,154,197,-1,197,154,153,-1,197,153,195,-1,195,153,152,-1,195,152,151,-1,150,113,175,-1,175,113,111,-1,175,111,160,-1,160,111,104,-1,160,104,106,-1,
        ]
    }
}
Shape{
    appearance Appearance {
        material  Material 	{
            diffuseColor 1.0 1.0 1.0
            specularColor 0.8784313725490196 0.8784313725490196 0.8784313725490196
            ambientIntensity 1.0
            transparency 0.0
            shininess 0.5
        }
    }
    geometry IndexedFaceSet {
        ccw TRUE
        solid FALSE
        coord DEF co Coordinate {
            point [
                0.9094 -1.7064 0.372, 0.9094 -3.2854 0.372, 0.9961 -1.7064 0.372, 0.9961 -3.2854 0.372
            ]
        }
        coordIndex [
            0,1,2,-1,2,1,3,-1,
        ]
    }
}
Shape{
    appearance Appearance {
        material  Material 	{
            diffuseColor 0.7764705882352941 0.7568627450980392 0.7372549019607844
            specularColor 0.38823529411764707 0.3764705882352941 0.3686274509803922
            ambientIntensity 0.7605
            transparency 0.0
            shininess 0.5
        }
    }
    geometry IndexedFaceSet {
        ccw TRUE
        solid FALSE
        coord DEF co Coordinate {
            point [
                0.9961 -1.7064 3.376, 0.9961 -3.2854 3.376, 0.9094 -1.7064 3.376, 0.9094 -3.2854 3.376, 0.9094 -1.7146 0.3917, 0.9961 -1.7146 0.3917, 0.9094 -3.2854 0.3917, 0.9961 -3.2854 0.3917, 0.9961 -1.7146 3.3563, 0.9094 -1.7146 3.3563, 0.9961 -3.2854 3.3563, 0.9094 -3.2854 3.3563, 0.9094 -3.2854 0.372, 0.9094 -1.7064 0.372, 0.9094 -0.9272 1.1791, 0.9094 -0.9075 1.171, 0.9094 -0.9272 2.5689, 0.9094 -0.9075 2.5771, 0.9961 -0.9075 1.171, 0.9961 -1.7064 0.372, 0.9961 -0.9075 2.5771, 0.9961 -0.9272 1.1791, 0.9961 -0.9272 2.5689, 0.9094 -1.7146 2.6614, 0.9094 -1.3209 2.6614, 0.9961 -1.7146 2.6614, 0.9961 -1.3209 2.6614, 0.9094 -1.3209 1.0866, 0.9961 -1.3209 1.0866, 0.9094 -1.7146 1.0866, 0.9961 -1.7146 1.0866, 0.9094 -1.3405 1.1063, 0.9094 -1.3405 2.6417, 0.9961 -1.3405 1.1063, 0.9961 -1.3405 2.6417, 0.9094 -1.6949 2.6417, 0.9961 -1.6949 2.6417, 0.9094 -1.6949 1.1063, 0.9961 -1.6949 1.1063
            ]
        }
        coordIndex [
            0,1,2,-1,2,1,3,-1,4,5,6,-1,6,5,7,-1,8,9,10,-1,10,9,11,-1,6,12,4,-1,4,12,13,-1,4,13,14,-1,14,13,15,-1,14,15,16,-1,16,15,17,-1,16,17,9,-1,9,17,2,-1,9,2,11,-1,11,2,3,-1,15,13,18,-1,18,13,19,-1,2,17,0,-1,0,17,20,-1,4,14,5,-1,5,14,21,-1,14,16,21,-1,21,16,22,-1,16,9,22,-1,22,9,8,-1,17,15,20,-1,20,15,18,-1,23,24,25,-1,25,24,26,-1,24,27,26,-1,26,27,28,-1,27,29,28,-1,28,29,30,-1,31,32,33,-1,33,32,34,-1,32,35,34,-1,34,35,36,-1,35,37,36,-1,36,37,38,-1,37,31,38,-1,38,31,33,-1,29,23,30,-1,30,23,25,-1,32,24,35,-1,35,24,23,-1,35,23,37,-1,37,23,29,-1,37,29,31,-1,31,29,27,-1,31,27,32,-1,32,27,24,-1,
        ]
    }
}
Shape{
    appearance Appearance {
        material  Material 	{
            diffuseColor 0.7176470588235294 0.047058823529411764 0.0
            specularColor 0.21568627450980393 0.01568627450980392 0.0
            ambientIntensity 0.2422
            transparency 0.0
            shininess 0.5
        }
    }
    geometry IndexedFaceSet {
        ccw TRUE
        solid FALSE
        coord DEF co Coordinate {
            point [
                0.9961 -1.6949 2.6417, 0.9961 -1.6949 1.1063, 0.9961 -1.3405 2.6417, 0.9961 -1.3405 1.1063
            ]
        }
        coordIndex [
            0,1,2,-1,2,1,3,-1,
        ]
    }
}
Shape{
    appearance Appearance {
        material  Material 	{
            diffuseColor 0.7764705882352941 0.7568627450980392 0.7372549019607844
            specularColor 0.38823529411764707 0.3764705882352941 0.3686274509803922
            ambientIntensity 0.7605
            transparency 0.0
            shininess 0.5
        }
    }
    geometry IndexedFaceSet {
        ccw TRUE
        solid FALSE
        coord DEF co Coordinate {
            point [
                -0.9961 -1.7064 3.376, -0.9094 -1.7064 3.376, -0.9961 -3.2854 3.376, -0.9094 -3.2854 3.376, -0.9961 -1.7146 3.3563, -0.9961 -3.2854 3.3563, -0.9094 -1.7146 3.3563, -0.9094 -3.2854 3.3563, -0.9094 -1.7146 0.3917, -0.9094 -3.2854 0.3917, -0.9961 -1.7146 0.3917, -0.9961 -3.2854 0.3917, -0.9094 -1.7064 0.372, -0.9961 -1.7064 0.372, -0.9094 -3.2854 0.372, -0.9961 -3.2854 0.372, -0.9094 -0.9272 2.5689, -0.9094 -0.9075 2.5771, -0.9094 -0.9272 1.1791, -0.9094 -0.9075 1.171, -0.9961 -0.9075 1.171, -0.9961 -0.9075 2.5771, -0.9961 -0.9272 2.5689, -0.9961 -0.9272 1.1791, -0.9094 -1.3209 2.6614, -0.9094 -1.7146 2.6614, -0.9961 -1.3209 2.6614, -0.9961 -1.7146 2.6614, -0.9094 -1.7146 1.0866, -0.9961 -1.7146 1.0866, -0.9094 -1.3209 1.0866, -0.9961 -1.3209 1.0866, -0.9094 -1.3405 2.6417, -0.9094 -1.3405 1.1063, -0.9961 -1.3405 2.6417, -0.9961 -1.3405 1.1063
            ]
        }
        coordIndex [
            0,1,2,-1,2,1,3,-1,4,5,6,-1,6,5,7,-1,8,9,10,-1,10,9,11,-1,12,13,14,-1,14,13,15,-1,7,3,6,-1,6,3,1,-1,6,1,16,-1,16,1,17,-1,16,17,18,-1,18,17,19,-1,18,19,8,-1,8,19,12,-1,8,12,9,-1,9,12,14,-1,12,19,13,-1,13,19,20,-1,19,17,20,-1,20,17,21,-1,17,1,21,-1,21,1,0,-1,6,16,4,-1,4,16,22,-1,16,18,22,-1,22,18,23,-1,18,8,23,-1,23,8,10,-1,24,25,26,-1,26,25,27,-1,25,28,27,-1,27,28,29,-1,28,30,29,-1,29,30,31,-1,32,33,34,-1,34,33,35,-1,
        ]
    }
}
Shape{
    appearance Appearance {
        material  Material 	{
            diffuseColor 1.0 1.0 1.0
            specularColor 0.8784313725490196 0.8784313725490196 0.8784313725490196
            ambientIntensity 1.0
            transparency 0.0
            shininess 0.5
        }
    }
    geometry IndexedFaceSet {
        ccw TRUE
        solid FALSE
        coord DEF co Coordinate {
            point [
                -0.9094 -1.3405 1.1063, -0.9094 -1.6949 1.1063, -0.9961 -1.3405 1.1063, -0.9961 -1.6949 1.1063, -0.9094 -1.6949 2.6417, -0.9961 -1.6949 2.6417, -0.9094 -1.3405 2.6417, -0.9961 -1.3405 2.6417, -0.9094 -1.3209 1.0866, -0.9094 -1.3209 2.6614, -0.9961 -1.3209 1.0866, -0.9961 -1.3209 2.6614, -0.9094 -1.7146 1.0866, -0.9094 -1.7146 2.6614
            ]
        }
        coordIndex [
            0,1,2,-1,2,1,3,-1,1,4,3,-1,3,4,5,-1,4,6,5,-1,5,6,7,-1,8,9,10,-1,10,9,11,-1,1,12,4,-1,4,12,13,-1,4,13,6,-1,6,13,9,-1,6,9,0,-1,0,9,8,-1,0,8,1,-1,1,8,12,-1,
        ]
    }
}
Shape{
    appearance Appearance {
        material  Material 	{
            diffuseColor 0.7176470588235294 0.047058823529411764 0.0
            specularColor 0.21568627450980393 0.01568627450980392 0.0
            ambientIntensity 0.2422
            transparency 0.0
            shininess 0.5
        }
    }
    geometry IndexedFaceSet {
        ccw TRUE
        solid FALSE
        coord DEF co Coordinate {
            point [
                -0.9961 -1.3405 1.1063, -0.9961 -1.6949 1.1063, -0.9961 -1.3405 2.6417, -0.9961 -1.6949 2.6417, 0.937 -0.3602 3.3307, 0.937 -0.3602 3.4488, 0.937 -0.5965 3.3307, 0.937 -0.5965 3.4488, 0.7402 -0.3602 3.3307, 0.7402 -0.5965 3.3307, 0.7402 -0.3602 3.4488, 0.7402 -0.5965 3.4488, 0.7402 -0.3602 0.2992, 0.937 -0.3602 0.2992, 0.7402 -0.5965 0.2992, 0.937 -0.5965 0.2992, 0.7402 -0.3602 0.4173, 0.7402 -0.5965 0.4173, 0.937 -0.3602 0.4173, 0.937 -0.5965 0.4173, -0.937 -0.3602 0.4173, -0.937 -0.3602 0.2992, -0.937 -0.5965 0.4173, -0.937 -0.5965 0.2992, -0.7402 -0.3602 0.4173, -0.7402 -0.5965 0.4173, -0.7402 -0.3602 0.2992, -0.7402 -0.5965 0.2992, -0.7402 -0.3602 3.4488, -0.937 -0.3602 3.4488, -0.7402 -0.5965 3.4488, -0.937 -0.5965 3.4488, -0.7402 -0.3602 3.3307, -0.7402 -0.5965 3.3307, -0.937 -0.3602 3.3307, -0.937 -0.5965 3.3307
            ]
        }
        coordIndex [
            0,1,2,-1,2,1,3,-1,4,5,6,-1,6,5,7,-1,8,4,9,-1,9,4,6,-1,10,8,11,-1,11,8,9,-1,5,10,7,-1,7,10,11,-1,8,10,4,-1,4,10,5,-1,12,13,14,-1,14,13,15,-1,16,12,17,-1,17,12,14,-1,18,16,19,-1,19,16,17,-1,13,18,15,-1,15,18,19,-1,16,18,12,-1,12,18,13,-1,20,21,22,-1,22,21,23,-1,24,20,25,-1,25,20,22,-1,26,24,27,-1,27,24,25,-1,21,26,23,-1,23,26,27,-1,24,26,20,-1,20,26,21,-1,28,29,30,-1,30,29,31,-1,32,28,33,-1,33,28,30,-1,34,32,35,-1,35,32,33,-1,29,34,31,-1,31,34,35,-1,32,34,28,-1,28,34,29,-1,
        ]
    }
}
Shape{
    appearance Appearance {
        material  Material 	{
            diffuseColor 1.0 1.0 1.0
            specularColor 0.8784313725490196 0.8784313725490196 0.8784313725490196
            ambientIntensity 1.0
            transparency 0.0
            shininess 0.5
        }
    }
    geometry IndexedFaceSet {
        ccw TRUE
        solid FALSE
        coord DEF co Coordinate {
            point [
                0.1527 -1.2933 0.2441, 0.1487 -1.2804 0.2441, 0.1922 -1.2933 0.2441, 0.1975 -1.2804 0.2441, 0.1703 -1.3427 0.2441, 0.1648 -1.3654 0.2441, 0.1202 -1.2473 0.2441, 0.1375 -1.2473 0.2441, 0.1715 -1.3468 0.2441, 0.1722 -1.351 0.2441, 0.1807 -1.3654 0.2441, 0.1726 -1.351 0.2441, 0.1734 -1.3468 0.2441, 0.1744 -1.3427 0.2441, 0.2268 -1.2473 0.2441, 0.2095 -1.2473 0.2441, 0.1975 -1.2804 0.2402, 0.2095 -1.2473 0.2402, 0.1487 -1.2804 0.2402, 0.1375 -1.2473 0.2402, 0.1202 -1.2473 0.2402, 0.1648 -1.3654 0.2402, 0.1807 -1.3654 0.2402, 0.2268 -1.2473 0.2402, 0.1744 -1.3427 0.2402, 0.1734 -1.3468 0.2402, 0.1726 -1.351 0.2402, 0.1722 -1.351 0.2402, 0.1715 -1.3468 0.2402, 0.1703 -1.3427 0.2402, 0.1527 -1.2933 0.2402, 0.1922 -1.2933 0.2402, 0.0498 -1.3654 0.2441, 0.0498 -1.3654 0.2402, 0.0165 -1.3654 0.2441, 0.0165 -1.3654 0.2402, 0.0669 -1.3635 0.2441, 0.0669 -1.3635 0.2402, 0.0807 -1.3587 0.2441, 0.0807 -1.3587 0.2402, 0.0935 -1.3501 0.2441, 0.0935 -1.3501 0.2402, 0.0937 -1.35 0.2441, 0.0937 -1.35 0.2402, 0.102 -1.3407 0.2441, 0.102 -1.3407 0.2402, 0.1075 -1.3305 0.2441, 0.1075 -1.3305 0.2402, 0.1107 -1.3189 0.2441, 0.1107 -1.3189 0.2402, 0.1115 -1.3078 0.2441, 0.1115 -1.3078 0.2402, 0.1099 -1.292 0.2441, 0.1099 -1.292 0.2402, 0.1056 -1.2796 0.2441, 0.1056 -1.2796 0.2402, 0.0989 -1.2691 0.2441, 0.0989 -1.2691 0.2402, 0.0891 -1.2597 0.2441, 0.0891 -1.2597 0.2402, 0.0768 -1.2526 0.2441, 0.0768 -1.2526 0.2402, 0.0632 -1.2485 0.2441, 0.0632 -1.2485 0.2402, 0.0486 -1.2473 0.2441, 0.0486 -1.2473 0.2402, 0.0165 -1.2473 0.2441, 0.0165 -1.2473 0.2402, 0.0878 -1.3358 0.2441, 0.0821 -1.3419 0.2441, 0.0735 -1.3475 0.2441, 0.0637 -1.3509 0.2441, 0.0497 -1.3524 0.2441, 0.0323 -1.3524 0.2441, 0.0323 -1.2602 0.2441, 0.0491 -1.2602 0.2441, 0.0615 -1.2614 0.2441, 0.0715 -1.2645 0.2441, 0.0795 -1.2693 0.2441, 0.0862 -1.2758 0.2441, 0.0911 -1.2839 0.2441, 0.0946 -1.295 0.2441, 0.0957 -1.3075 0.2441, 0.0947 -1.3192 0.2441, 0.0919 -1.3285 0.2441, 0.0491 -1.2602 0.2402, 0.0323 -1.2602 0.2402, 0.0615 -1.2614 0.2402, 0.0715 -1.2645 0.2402, 0.0795 -1.2693 0.2402, 0.0862 -1.2758 0.2402, 0.0911 -1.2839 0.2402, 0.0946 -1.295 0.2402, 0.0957 -1.3075 0.2402, 0.0947 -1.3192 0.2402, 0.0919 -1.3285 0.2402, 0.0878 -1.3358 0.2402, 0.0821 -1.3419 0.2402, 0.0735 -1.3475 0.2402, 0.0637 -1.3509 0.2402, 0.0497 -1.3524 0.2402, 0.0323 -1.3524 0.2402, -0.0699 -1.3654 0.2441, -0.0699 -1.3654 0.2402, -0.0699 -1.2473 0.2441, -0.0699 -1.2473 0.2402, -0.0094 -1.3654 0.2441, -0.0094 -1.3654 0.2402, -0.0094 -1.3524 0.2441, -0.0094 -1.3524 0.2402, -0.0541 -1.3524 0.2441, -0.0541 -1.3524 0.2402, -0.0541 -1.3135 0.2441, -0.0541 -1.3135 0.2402, -0.0123 -1.3135 0.2441, -0.0123 -1.3135 0.2402, -0.0123 -1.3005 0.2441, -0.0123 -1.3005 0.2402, -0.0541 -1.3005 0.2441, -0.0541 -1.3005 0.2402, -0.0541 -1.2602 0.2441, -0.0541 -1.2602 0.2402, -0.0066 -1.2602 0.2441, -0.0066 -1.2602 0.2402, -0.0066 -1.2473 0.2441, -0.0066 -1.2473 0.2402, -0.1324 -1.2465 0.2402, -0.1255 -1.2458 0.2402, -0.1255 -1.2458 0.2441, -0.14 -1.2473 0.2402, -0.14 -1.2473 0.2441, -0.1515 -1.2513 0.2441, -0.1515 -1.2513 0.2402, -0.161 -1.2573 0.2441, -0.161 -1.2573 0.2402, -0.1699 -1.2667 0.2441, -0.1699 -1.2667 0.2402, -0.1762 -1.2779 0.2441, -0.1762 -1.2779 0.2402, -0.1797 -1.2904 0.2441, -0.1797 -1.2904 0.2402, -0.1809 -1.3041 0.2441, -0.1809 -1.3041 0.2402, -0.1792 -1.3209 0.2441, -0.1792 -1.3209 0.2402, -0.1746 -1.3343 0.2441, -0.1746 -1.3343 0.2402, -0.1677 -1.3453 0.2441, -0.1677 -1.3453 0.2402, -0.157 -1.3555 0.2441, -0.157 -1.3555 0.2402, -0.1458 -1.362 0.2441, -0.1458 -1.362 0.2402, -0.1326 -1.3658 0.2441, -0.1326 -1.3658 0.2402, -0.1208 -1.3668 0.2441, -0.1208 -1.3668 0.2402, -0.1066 -1.3658 0.2441, -0.1066 -1.3658 0.2402, -0.093 -1.3621 0.2441, -0.093 -1.3621 0.2402, -0.093 -1.3463 0.2441, -0.093 -1.3463 0.2402, -0.1063 -1.352 0.2441, -0.1063 -1.352 0.2402, -0.1207 -1.3538 0.2441, -0.1207 -1.3538 0.2402, -0.1323 -1.3525 0.2441, -0.1323 -1.3525 0.2402, -0.1411 -1.3493 0.2441, -0.1411 -1.3493 0.2402, -0.1493 -1.3439 0.2441, -0.1493 -1.3439 0.2402, -0.1564 -1.336 0.2441, -0.1564 -1.336 0.2402, -0.1613 -1.3269 0.2441, -0.1613 -1.3269 0.2402, -0.1644 -1.3142 0.2441, -0.1644 -1.3142 0.2402, -0.165 -1.305 0.2441, -0.165 -1.305 0.2402, -0.1638 -1.2923 0.2441, -0.1638 -1.2923 0.2402, -0.1606 -1.2821 0.2441, -0.1606 -1.2821 0.2402, -0.1557 -1.2739 0.2441, -0.1557 -1.2739 0.2402, -0.1502 -1.2681 0.2441, -0.1502 -1.2681 0.2402, -0.1429 -1.2632 0.2441, -0.1429 -1.2632 0.2402, -0.1343 -1.26 0.2441, -0.1343 -1.26 0.2402, -0.1233 -1.2588 0.2441, -0.1233 -1.2588 0.2402, -0.1076 -1.2605 0.2441, -0.1076 -1.2605 0.2402, -0.0951 -1.2652 0.2441, -0.0951 -1.2652 0.2402, -0.093 -1.2663 0.2441, -0.093 -1.2663 0.2402, -0.093 -1.2534 0.2441, -0.093 -1.2534 0.2402, -0.1056 -1.2482 0.2402, -0.1056 -1.2482 0.2441, -0.1175 -1.2465 0.2402, -0.1223 -1.2459 0.2441, -0.1223 -1.2459 0.2402, -0.2514 -1.3654 0.2441, -0.2514 -1.3654 0.2402, -0.2514 -1.2473 0.2441, -0.2514 -1.2473 0.2402, -0.2356 -1.3654 0.2441, -0.2356 -1.3654 0.2402, -0.2356 -1.2602 0.2441, -0.2356 -1.2602 0.2402, -0.1909 -1.2602 0.2441, -0.1909 -1.2602 0.2402, -0.1909 -1.2473 0.2441, -0.1909 -1.2473 0.2402
            ]
        }
        coordIndex [
            0,1,2,-1,2,1,3,-1,4,5,0,-1,0,5,6,-1,0,6,1,-1,1,6,7,-1,4,8,5,-1,5,8,9,-1,5,9,10,-1,10,9,11,-1,10,11,12,-1,12,13,10,-1,10,13,2,-1,10,2,14,-1,14,2,3,-1,14,3,15,-1,3,16,15,-1,15,16,17,-1,1,18,3,-1,3,18,16,-1,7,19,1,-1,1,19,18,-1,6,20,7,-1,7,20,19,-1,5,21,6,-1,6,21,20,-1,10,22,5,-1,5,22,21,-1,14,23,10,-1,10,23,22,-1,14,15,23,-1,23,15,17,-1,24,13,12,-1,24,12,25,-1,25,12,11,-1,25,11,26,-1,9,27,11,-1,11,27,26,-1,27,9,8,-1,27,8,28,-1,28,8,4,-1,28,4,29,-1,0,30,4,-1,4,30,29,-1,2,31,0,-1,0,31,30,-1,24,31,13,-1,13,31,2,-1,32,33,34,-1,34,33,35,-1,33,32,36,-1,33,36,37,-1,37,36,38,-1,37,38,39,-1,39,38,40,-1,39,40,41,-1,41,40,42,-1,41,42,43,-1,43,42,44,-1,43,44,45,-1,45,44,46,-1,45,46,47,-1,47,46,48,-1,47,48,49,-1,49,48,50,-1,49,50,51,-1,51,50,52,-1,51,52,53,-1,53,52,54,-1,53,54,55,-1,55,54,56,-1,55,56,57,-1,57,56,58,-1,57,58,59,-1,59,58,60,-1,59,60,61,-1,61,60,62,-1,61,62,63,-1,63,62,64,-1,63,64,65,-1,66,67,64,-1,64,67,65,-1,66,34,67,-1,67,34,35,-1,46,44,68,-1,68,44,42,-1,68,42,69,-1,69,42,40,-1,69,40,70,-1,70,40,38,-1,70,38,71,-1,71,38,36,-1,71,36,72,-1,72,36,32,-1,72,32,73,-1,73,32,34,-1,73,34,74,-1,74,34,66,-1,74,66,75,-1,75,66,64,-1,75,64,76,-1,76,64,62,-1,76,62,77,-1,77,62,60,-1,77,60,78,-1,78,60,58,-1,78,58,79,-1,79,58,56,-1,79,56,80,-1,80,56,54,-1,80,54,81,-1,81,54,52,-1,81,52,82,-1,82,52,50,-1,82,50,83,-1,83,50,48,-1,83,48,84,-1,84,48,46,-1,84,46,68,-1,75,85,74,-1,74,85,86,-1,85,75,76,-1,85,76,87,-1,87,76,77,-1,87,77,88,-1,88,77,78,-1,88,78,89,-1,89,78,79,-1,89,79,90,-1,90,79,80,-1,90,80,91,-1,91,80,81,-1,91,81,92,-1,92,81,82,-1,92,82,93,-1,93,82,83,-1,93,83,94,-1,94,83,84,-1,94,84,95,-1,95,84,68,-1,95,68,96,-1,96,68,69,-1,96,69,97,-1,97,69,70,-1,97,70,98,-1,98,70,71,-1,98,71,99,-1,99,71,72,-1,99,72,100,-1,73,101,72,-1,72,101,100,-1,86,101,74,-1,74,101,73,-1,102,103,104,-1,104,103,105,-1,106,107,102,-1,102,107,103,-1,108,109,106,-1,106,109,107,-1,110,111,108,-1,108,111,109,-1,112,113,110,-1,110,113,111,-1,114,115,112,-1,112,115,113,-1,116,117,114,-1,114,117,115,-1,118,119,116,-1,116,119,117,-1,120,121,118,-1,118,121,119,-1,122,123,120,-1,120,123,121,-1,124,125,122,-1,122,125,123,-1,124,104,125,-1,125,104,105,-1,104,124,122,-1,122,120,104,-1,104,120,118,-1,104,118,102,-1,108,106,110,-1,110,106,102,-1,110,102,112,-1,112,102,118,-1,112,118,114,-1,114,118,116,-1,126,127,128,-1,126,128,129,-1,128,130,129,-1,129,130,131,-1,129,131,132,-1,132,131,133,-1,132,133,134,-1,134,133,135,-1,134,135,136,-1,136,135,137,-1,136,137,138,-1,138,137,139,-1,138,139,140,-1,140,139,141,-1,140,141,142,-1,142,141,143,-1,142,143,144,-1,144,143,145,-1,144,145,146,-1,146,145,147,-1,146,147,148,-1,148,147,149,-1,148,149,150,-1,150,149,151,-1,150,151,152,-1,152,151,153,-1,152,153,154,-1,154,153,155,-1,154,155,156,-1,156,155,157,-1,156,157,158,-1,158,157,159,-1,158,159,160,-1,161,162,159,-1,159,162,160,-1,162,161,163,-1,162,163,164,-1,164,163,165,-1,164,165,166,-1,166,165,167,-1,166,167,168,-1,168,167,169,-1,168,169,170,-1,170,169,171,-1,170,171,172,-1,172,171,173,-1,172,173,174,-1,174,173,175,-1,174,175,176,-1,176,175,177,-1,176,177,178,-1,178,177,179,-1,178,179,180,-1,180,179,181,-1,180,181,182,-1,182,181,183,-1,182,183,184,-1,184,183,185,-1,184,185,186,-1,186,185,187,-1,186,187,188,-1,188,187,189,-1,188,189,190,-1,190,189,191,-1,190,191,192,-1,192,191,193,-1,192,193,194,-1,194,193,195,-1,194,195,196,-1,196,195,197,-1,196,197,198,-1,198,197,199,-1,198,199,200,-1,201,202,199,-1,199,202,200,-1,203,202,204,-1,204,202,201,-1,203,204,205,-1,205,204,206,-1,205,206,207,-1,207,206,128,-1,207,128,127,-1,191,128,193,-1,193,128,206,-1,193,206,195,-1,195,206,204,-1,195,204,197,-1,197,204,201,-1,197,201,199,-1,161,159,163,-1,163,159,157,-1,163,157,165,-1,165,157,155,-1,165,155,167,-1,167,155,153,-1,167,153,169,-1,169,153,151,-1,169,151,171,-1,171,151,149,-1,171,149,173,-1,173,149,147,-1,173,147,175,-1,175,147,145,-1,175,145,177,-1,177,145,143,-1,177,143,179,-1,179,143,141,-1,179,141,181,-1,181,141,139,-1,181,139,183,-1,183,139,137,-1,183,137,185,-1,185,137,135,-1,185,135,187,-1,187,135,133,-1,187,133,189,-1,189,133,131,-1,189,131,191,-1,191,131,130,-1,191,130,128,-1,208,209,210,-1,210,209,211,-1,212,213,208,-1,208,213,209,-1,214,215,212,-1,212,215,213,-1,216,217,214,-1,214,217,215,-1,218,219,216,-1,216,219,217,-1,218,210,219,-1,219,210,211,-1,212,208,214,-1,214,208,210,-1,214,210,216,-1,216,210,218,-1,
        ]
    }
}
Shape{
    appearance Appearance {
        material  Material 	{
            diffuseColor 0.7176470588235294 0.047058823529411764 0.0
            specularColor 0.21568627450980393 0.01568627450980392 0.0
            ambientIntensity 0.2422
            transparency 0.0
            shininess 0.5
        }
    }
    geometry IndexedFaceSet {
        ccw TRUE
        solid FALSE
        coord DEF co Coordinate {
            point [
                0.1527 -1.2933 0.2402, 0.1922 -1.2933 0.2402, 0.1703 -1.3427 0.2402, 0.1744 -1.3427 0.2402, 0.1715 -1.3468 0.2402, 0.1734 -1.3468 0.2402, 0.1722 -1.351 0.2402, 0.1726 -1.351 0.2402, 0.0323 -1.3524 0.2402, 0.0323 -1.2602 0.2402, 0.0497 -1.3524 0.2402, 0.0491 -1.2602 0.2402, 0.0615 -1.2614 0.2402, 0.0957 -1.3075 0.2402, 0.0947 -1.3192 0.2402, 0.0919 -1.3285 0.2402, 0.0637 -1.3509 0.2402, 0.0715 -1.2645 0.2402, 0.0795 -1.2693 0.2402, 0.0862 -1.2758 0.2402, 0.0911 -1.2839 0.2402, 0.0946 -1.295 0.2402, 0.0878 -1.3358 0.2402, 0.0821 -1.3419 0.2402, 0.0735 -1.3475 0.2402
            ]
        }
        coordIndex [
            0,1,2,-1,2,1,3,-1,2,3,4,-1,4,3,5,-1,4,5,6,-1,6,5,7,-1,8,9,10,-1,10,9,11,-1,10,11,12,-1,13,14,10,-1,10,14,15,-1,10,15,16,-1,12,17,10,-1,10,17,18,-1,10,18,19,-1,19,20,10,-1,10,20,21,-1,10,21,13,-1,22,23,15,-1,15,23,24,-1,15,24,16,-1,
        ]
    }
}
Shape{
    appearance Appearance {
        material  Material 	{
            diffuseColor 0.7764705882352941 0.7568627450980392 0.7372549019607844
            specularColor 0.38823529411764707 0.3764705882352941 0.3686274509803922
            ambientIntensity 0.7605
            transparency 0.0
            shininess 0.5
        }
    }
    geometry IndexedFaceSet {
        ccw TRUE
        solid FALSE
        coord DEF co Coordinate {
            point [
                0.5906 -0.5965 2.9724, 0.5906 -0.5965 2.7756, 0.5906 -0.3248 2.9724, 0.5906 -0.3248 2.7756, 0.5906 -0.5965 1.9724, 0.5906 -0.5965 1.7756, 0.5906 -0.3248 1.9724, 0.5906 -0.3248 1.7756, -0.5906 -0.5965 1.7756, -0.2953 -0.3248 1.7756, -0.5906 -0.3248 1.7756, 0.2953 -0.3248 1.7756, 0.2953 0.6595 1.7756, -0.2953 0.6595 1.7756, 0.193 0.8366 1.7756, -0.193 0.8366 1.7756, -0.5906 -0.5965 1.9724, 0.2953 -0.3248 1.9724, 0.193 0.8366 1.9724, -0.193 0.8366 1.9724, 0.2953 0.6595 1.9724, -0.2953 0.6595 1.9724, -0.2953 -0.3248 1.9724, -0.5906 -0.3248 1.9724, 0.5906 -0.5965 0.9724, 0.5906 -0.5965 0.7756, 0.5906 -0.3248 0.9724, 0.5906 -0.3248 0.7756, -0.5906 -0.5965 0.7756, -0.2953 -0.3248 0.7756, -0.5906 -0.3248 0.7756, 0.2953 -0.3248 0.7756, 0.2953 -0.1634 0.7756, -0.2953 -0.1634 0.7756, -0.5906 -0.5965 0.9724, 0.2953 -0.3248 0.9724, -0.5906 -0.3248 0.9724, -0.2953 -0.3248 0.9724, -0.2953 -0.1634 0.9724, 0.2953 -0.1634 0.9724, -0.2953 -0.1415 0.7731, -0.2953 -0.0977 0.965, -0.2953 -0.1207 0.7658, -0.2953 -0.0353 0.9432, -0.2953 -0.102 0.7541, -0.2953 0.0207 0.908, -0.2953 -0.0864 0.7385, -0.2953 0.0675 0.8613, -0.2953 -0.0747 0.7199, -0.2953 0.1027 0.8053, -0.2953 -0.0674 0.6991, -0.2953 0.1245 0.7429, -0.2953 -0.065 0.6772, -0.2953 0.1319 0.6772, -0.2953 -0.065 0.1772, -0.2953 0.1319 0.1772, 0.2953 -0.065 0.1772, 0.2953 0.1319 0.1772, 0.2953 -0.065 0.6772, 0.2953 0.1319 0.6772, 0.2953 -0.0674 0.6991, 0.2953 0.1245 0.7429, 0.2953 -0.0747 0.7199, 0.2953 0.1027 0.8053, 0.2953 -0.0864 0.7385, 0.2953 0.0675 0.8613, 0.2953 -0.102 0.7541, 0.2953 0.0207 0.908, 0.2953 -0.1207 0.7658, 0.2953 -0.0353 0.9432, 0.2953 -0.1415 0.7731, 0.2953 -0.0977 0.965, -0.1575 0.8981 1.754, -0.1575 0.8981 1.966, -0.1575 0.9023 1.965, -0.1575 1.1319 -1.1024, -0.1575 0.935 -1.1024, -0.1575 1.1319 1.6772, -0.1575 0.935 1.6772, -0.1575 1.1245 1.7429, -0.1575 0.9326 1.6991, -0.1575 1.1027 1.8053, -0.1575 0.9253 1.7199, -0.1575 1.0675 1.8613, -0.1575 0.9136 1.7385, -0.1575 1.0207 1.908, -0.1575 0.9647 1.9432, -0.1576 0.898 1.7541, -0.1803 0.8585 1.7731, -0.1683 0.8793 1.7658, 0.1575 0.9023 1.965, 0.1575 0.8981 1.966, 0.1575 0.8981 1.754, 0.1575 0.9647 1.9432, 0.1575 0.935 -1.1024, 0.1575 1.1319 -1.1024, 0.1575 0.935 1.6772, 0.1575 1.1319 1.6772, 0.1575 0.9326 1.6991, 0.1575 1.1245 1.7429, 0.1575 0.9253 1.7199, 0.1575 1.1027 1.8053, 0.1575 0.9136 1.7385, 0.1575 1.0675 1.8613, 0.1575 1.0207 1.908, 0.1576 0.898 1.7541, 0.1683 0.8793 1.7658, 0.1803 0.8585 1.7731, -0.2953 -0.3248 2.9724, -0.2953 -0.3248 2.7756, -0.5906 -0.3248 2.9724, -0.5906 -0.3248 2.7756, -0.2953 0.6595 2.9724, -0.2953 0.6595 2.7756, -0.1575 0.8981 2.7756, -0.1575 0.8981 2.9724, -0.1575 1.8366 2.7756, -0.1575 1.8366 2.9724, -0.1575 1.8585 2.7731, -0.1575 1.9023 2.965, -0.1575 1.8793 2.7658, -0.1575 1.9647 2.9432, -0.1575 1.898 2.7541, -0.1575 2.0207 2.908, -0.1575 1.9136 2.7385, -0.1575 2.0675 2.8613, -0.1575 1.9253 2.7199, -0.1575 2.1027 2.8053, -0.1575 1.9326 2.6991, -0.1575 2.1245 2.7429, -0.1575 1.935 2.6772, -0.1575 2.1319 2.6772, -0.1575 1.935 -1.1024, -0.1575 2.1319 -1.1024, 0.2953 0.6595 2.9724, 0.2953 0.6595 2.7756, 0.1575 0.8981 2.9724, 0.1575 0.8981 2.7756, 0.1575 1.935 -1.1024, 0.1575 2.1319 -1.1024, 0.1575 1.935 2.6772, 0.1575 2.1319 2.6772, 0.1575 1.9326 2.6991, 0.1575 2.1245 2.7429, 0.1575 1.9253 2.7199, 0.1575 2.1027 2.8053, 0.1575 1.9136 2.7385, 0.1575 2.0675 2.8613, 0.1575 1.898 2.7541, 0.1575 2.0207 2.908, 0.1575 1.8793 2.7658, 0.1575 1.9647 2.9432, 0.1575 1.8585 2.7731, 0.1575 1.9023 2.965, 0.1575 1.8366 2.7756, 0.1575 1.8366 2.9724, 0.2953 -0.3248 2.9724, 0.2953 -0.3248 2.7756, 0.1575 -0.065 0.0394, 0.1575 0.1319 0.0394, 0.1575 0.1319 -1.1024, 0.1575 -0.065 -1.1024, -0.1575 -0.065 0.0394, -0.1575 0.1319 0.0394, -0.1575 -0.065 -1.1024, -0.1575 0.1319 -1.1024, -0.1521 0.1319 -1.1431, -0.1521 -0.065 -1.1431, -0.1364 0.1319 -1.1811, -0.1364 -0.065 -1.1811, -0.1114 0.1319 -1.2137, -0.1114 -0.065 -1.2137, -0.0787 0.1319 -1.2387, -0.0787 -0.065 -1.2387, -0.0408 0.1319 -1.2545, -0.0408 -0.065 -1.2545, 0.0 0.1319 -1.2598, 0.0 -0.065 -1.2598, 0.0408 0.1319 -1.2545, 0.0408 -0.065 -1.2545, 0.0787 0.1319 -1.2387, 0.0787 -0.065 -1.2387, 0.1114 0.1319 -1.2137, 0.1114 -0.065 -1.2137, 0.1364 0.1319 -1.1811, 0.1364 -0.065 -1.1811, 0.1521 0.1319 -1.1431, 0.1521 -0.065 -1.1431, -0.1521 2.1319 -1.1431, -0.1521 1.935 -1.1431, -0.1364 2.1319 -1.1811, -0.1364 1.935 -1.1811, -0.1114 2.1319 -1.2137, -0.1114 1.935 -1.2137, -0.0787 2.1319 -1.2387, -0.0787 1.935 -1.2387, -0.0408 2.1319 -1.2545, -0.0408 1.935 -1.2545, 0.0 2.1319 -1.2598, 0.0 1.935 -1.2598, 0.0408 2.1319 -1.2545, 0.0408 1.935 -1.2545, 0.0787 2.1319 -1.2387, 0.0787 1.935 -1.2387, 0.1114 2.1319 -1.2137, 0.1114 1.935 -1.2137, 0.1364 2.1319 -1.1811, 0.1364 1.935 -1.1811, 0.1521 2.1319 -1.1431, 0.1521 1.935 -1.1431, -0.1521 1.1319 -1.1431, -0.1521 0.935 -1.1431, -0.1364 1.1319 -1.1811, -0.1364 0.935 -1.1811, -0.1114 1.1319 -1.2137, -0.1114 0.935 -1.2137, -0.0787 1.1319 -1.2387, -0.0787 0.935 -1.2387, -0.0408 1.1319 -1.2545, -0.0408 0.935 -1.2545, 0.0 1.1319 -1.2598, 0.0 0.935 -1.2598, 0.0408 1.1319 -1.2545, 0.0408 0.935 -1.2545, 0.0787 1.1319 -1.2387, 0.0787 0.935 -1.2387, 0.1114 1.1319 -1.2137, 0.1114 0.935 -1.2137, 0.1364 1.1319 -1.1811, 0.1364 0.935 -1.1811, 0.1521 1.1319 -1.1431, 0.1521 0.935 -1.1431, 0.0213 -8.1096 1.5734, 0.0107 -8.1098 1.5757, 0.0 -8.1161 1.5002, 0.0314 -8.1093 1.5697, 0.0408 -8.1088 1.5645, 0.0494 -8.1083 1.5581, 0.0571 -8.1076 1.5505, 0.0635 -8.1069 1.5419, 0.0687 -8.1061 1.5325, 0.0724 -8.1052 1.5225, 0.0747 -8.1043 1.512, 0.0755 -8.1034 1.5013, 0.0747 -8.1024 1.4906, 0.0724 -8.1015 1.4801, 0.0687 -8.1007 1.47, 0.0635 -8.0999 1.4606, 0.0571 -8.0991 1.452, 0.0494 -8.0985 1.4444, 0.0408 -8.0979 1.438, 0.0314 -8.0975 1.4328, 0.0213 -8.0971 1.4291, 0.0107 -8.0969 1.4268, 0.0 -8.0969 1.426, -0.0107 -8.0969 1.4268, -0.0213 -8.0971 1.4291, -0.0314 -8.0975 1.4328, -0.0408 -8.0979 1.438, -0.0494 -8.0985 1.4444, -0.0571 -8.0991 1.452, -0.0635 -8.0999 1.4606, -0.0687 -8.1007 1.47, -0.0724 -8.1015 1.4801, -0.0747 -8.1024 1.4906, -0.0755 -8.1034 1.5013, -0.0747 -8.1043 1.512, -0.0724 -8.1052 1.5225, -0.0687 -8.1061 1.5325, -0.0635 -8.1069 1.5419, -0.0571 -8.1076 1.5505, -0.0494 -8.1083 1.5581, -0.0408 -8.1088 1.5645, -0.0314 -8.1093 1.5697, -0.0213 -8.1096 1.5734, -0.0107 -8.1098 1.5757, 0.0 -8.1099 1.5765, -0.0541 -7.6855 2.0707, -0.0732 -7.7569 2.0418, 0.0 -7.7573 2.0471, -0.0762 -7.6854 2.0691, -0.1508 -7.684 2.0529, -0.1448 -7.7555 2.0263, -0.16 -7.6837 2.0495, -0.2135 -7.7533 2.0008, -0.2223 -7.6817 2.0263, -0.2591 -7.68 2.0063, -0.2779 -7.7503 1.9658, -0.2894 -7.6785 1.9899, -0.3485 -7.6747 1.9458, -0.3366 -7.7465 1.922, -0.3505 -7.6746 1.9443, -0.4045 -7.67 1.8905, -0.3885 -7.7421 1.8703, -0.4222 -7.6679 1.8669, -0.4324 -7.737 1.8118, -0.4503 -7.6647 1.8296, -0.4798 -7.6601 1.7757, -0.4676 -7.7315 1.7477, -0.4869 -7.6589 1.7628, -0.5135 -7.6528 1.6915, -0.4932 -7.7256 1.6792, -0.5172 -7.6513 1.6747, -0.5088 -7.7194 1.6078, -0.5298 -7.6464 1.6172, -0.5333 -7.6421 1.5682, -0.514 -7.7131 1.535, -0.5352 -7.6398 1.5413, -0.5298 -7.6333 1.4654, -0.5088 -7.7068 1.4621, -0.5287 -7.6329 1.4606, -0.4932 -7.7007 1.3907, -0.5135 -7.6269 1.3911, -0.5006 -7.6239 1.3566, -0.4676 -7.6948 1.3222, -0.4869 -7.6207 1.3198, -0.4538 -7.6155 1.2594, -0.4324 -7.6892 1.2581, -0.4503 -7.6149 1.253, -0.4045 -7.6097 1.1921, -0.3885 -7.6842 1.1996, -0.3871 -7.6082 1.1747, -0.3366 -7.6797 1.1479, -0.3505 -7.605 1.1383, -0.3051 -7.6021 1.1044, -0.2779 -7.6759 1.1041, -0.2894 -7.6011 1.0927, -0.2223 -7.5979 1.0562, -0.2135 -7.6729 1.0691, -0.2108 -7.5976 1.0519, -0.1448 -7.6707 1.0436, -0.1508 -7.5957 1.0296, -0.1075 -7.5948 1.0202, -0.0732 -7.6694 1.0281, -0.0762 -7.5943 1.0135, 0.0 -7.5938 1.008, 0.0 -7.6689 1.0229, 0.0762 -7.5943 1.0135, 0.0732 -7.6694 1.0281, 0.1075 -7.5948 1.0202, 0.1448 -7.6707 1.0436, 0.1508 -7.5957 1.0296, 0.2108 -7.5976 1.0519, 0.2135 -7.6729 1.0691, 0.2223 -7.5979 1.0562, 0.2894 -7.6011 1.0927, 0.2779 -7.6759 1.1041, 0.3051 -7.6021 1.1044, 0.3366 -7.6797 1.1479, 0.3505 -7.605 1.1383, 0.3871 -7.6082 1.1747, 0.3885 -7.6842 1.1996, 0.4045 -7.6097 1.1921, 0.4503 -7.6149 1.253, 0.4324 -7.6892 1.2581, 0.4538 -7.6155 1.2594, 0.4676 -7.6948 1.3222, 0.4869 -7.6207 1.3198, 0.5006 -7.6239 1.3566, 0.4932 -7.7007 1.3907, 0.5135 -7.6269 1.3911, 0.5287 -7.6329 1.4606, 0.5088 -7.7068 1.4621, 0.5298 -7.6333 1.4654, 0.5352 -7.6398 1.5413, 0.514 -7.7131 1.535, 0.5333 -7.6421 1.5682, 0.5088 -7.7194 1.6078, 0.5298 -7.6464 1.6172, 0.5172 -7.6513 1.6747, 0.4932 -7.7256 1.6792, 0.5135 -7.6528 1.6915, 0.4869 -7.6589 1.7628, 0.4676 -7.7315 1.7477, 0.4798 -7.6601 1.7757, 0.4324 -7.737 1.8118, 0.4503 -7.6647 1.8296, 0.4222 -7.6679 1.8669, 0.3885 -7.7421 1.8703, 0.4045 -7.67 1.8905, 0.3505 -7.6746 1.9443, 0.3366 -7.7465 1.922, 0.3485 -7.6747 1.9458, 0.2779 -7.7503 1.9658, 0.2894 -7.6785 1.9899, 0.2591 -7.68 2.0063, 0.2135 -7.7533 2.0008, 0.2223 -7.6817 2.0263, 0.16 -7.6837 2.0495, 0.1448 -7.7555 2.0263, 0.1508 -7.684 2.0529, 0.0762 -7.6854 2.0691, 0.0732 -7.7569 2.0418, 0.0541 -7.6855 2.0707, 0.0 -7.6859 2.0745, 0.0689 -7.8244 2.006, 0.1363 -7.8232 1.9914, 0.201 -7.8211 1.9674, 0.2616 -7.8183 1.9344, 0.3168 -7.8147 1.8932, 0.3656 -7.8105 1.8446, 0.407 -7.8057 1.7895, 0.4401 -7.8005 1.7291, 0.4642 -7.795 1.6647, 0.4789 -7.7892 1.5975, 0.4838 -7.7832 1.5289, 0.4789 -7.7773 1.4603, 0.4642 -7.7715 1.3931, 0.4401 -7.766 1.3287, 0.407 -7.7608 1.2683, 0.3656 -7.756 1.2133, 0.3168 -7.7518 1.1646, 0.2616 -7.7482 1.1234, 0.201 -7.7454 1.0904, 0.1363 -7.7433 1.0664, 0.0689 -7.7421 1.0518, 0.0 -7.7416 1.0469, -0.0689 -7.7421 1.0518, -0.1363 -7.7433 1.0664, -0.201 -7.7454 1.0904, -0.2616 -7.7482 1.1234, -0.3168 -7.7518 1.1646, -0.3656 -7.756 1.2133, -0.407 -7.7608 1.2683, -0.4401 -7.766 1.3287, -0.4642 -7.7715 1.3931, -0.4789 -7.7773 1.4603, -0.4838 -7.7832 1.5289, -0.4789 -7.7892 1.5975, -0.4642 -7.795 1.6647, -0.4401 -7.8005 1.7291, -0.407 -7.8057 1.7895, -0.3656 -7.8105 1.8446, -0.3168 -7.8147 1.8932, -0.2616 -7.8183 1.9344, -0.201 -7.8211 1.9674, -0.1363 -7.8232 1.9914, -0.0689 -7.8244 2.006, 0.0 -7.8249 2.0109, 0.0633 -7.887 1.9621, 0.1254 -7.8858 1.9487, 0.1849 -7.8839 1.9266, 0.2406 -7.8813 1.8963, 0.2915 -7.878 1.8583, 0.3364 -7.8741 1.8136, 0.3744 -7.8698 1.763, 0.4049 -7.865 1.7074, 0.4271 -7.8599 1.6481, 0.4406 -7.8545 1.5863, 0.4451 -7.8491 1.5232, 0.4406 -7.8436 1.4601, 0.4271 -7.8383 1.3983, 0.4049 -7.8332 1.339, 0.3744 -7.8284 1.2835, 0.3364 -7.824 1.2328, 0.2915 -7.8201 1.1881, 0.2406 -7.8169 1.1502, 0.1849 -7.8143 1.1199, 0.1254 -7.8123 1.0977, 0.0633 -7.8112 1.0843, 0.0 -7.8108 1.0798, -0.0633 -7.8112 1.0843, -0.1254 -7.8123 1.0977, -0.1849 -7.8143 1.1199, -0.2406 -7.8169 1.1502, -0.2915 -7.8201 1.1881, -0.3364 -7.824 1.2328, -0.3744 -7.8284 1.2835, -0.4049 -7.8332 1.339, -0.4271 -7.8383 1.3983, -0.4406 -7.8436 1.4601, -0.4451 -7.8491 1.5232, -0.4406 -7.8545 1.5863, -0.4271 -7.8599 1.6481, -0.4049 -7.865 1.7074, -0.3744 -7.8698 1.763, -0.3364 -7.8741 1.8136, -0.2915 -7.878 1.8583, -0.2406 -7.8813 1.8963, -0.1849 -7.8839 1.9266, -0.1254 -7.8858 1.9487, -0.0633 -7.887 1.9621, 0.0 -7.8874 1.9667, 0.0567 -7.9435 1.9109, 0.1123 -7.9425 1.8989, 0.1655 -7.9408 1.8791, 0.2154 -7.9384 1.8519, 0.2609 -7.9355 1.818, 0.3011 -7.932 1.778, 0.3352 -7.9281 1.7326, 0.3624 -7.9238 1.6829, 0.3823 -7.9193 1.6298, 0.3944 -7.9145 1.5745, 0.3984 -7.9096 1.518, 0.3944 -7.9047 1.4615, 0.3823 -7.8999 1.4062, 0.3624 -7.8954 1.3531, 0.3352 -7.8911 1.3034, 0.3011 -7.8872 1.258, 0.2609 -7.8837 1.218, 0.2154 -7.8808 1.184, 0.1655 -7.8784 1.1569, 0.1123 -7.8767 1.1371, 0.0567 -7.8757 1.1251, 0.0 -7.8753 1.121, -0.0567 -7.8757 1.1251, -0.1123 -7.8767 1.1371, -0.1655 -7.8784 1.1569, -0.2154 -7.8808 1.184, -0.2609 -7.8837 1.218, -0.3011 -7.8872 1.258, -0.3352 -7.8911 1.3034, -0.3624 -7.8954 1.3531, -0.3823 -7.8999 1.4062, -0.3944 -7.9047 1.4615, -0.3984 -7.9096 1.518, -0.3944 -7.9145 1.5745, -0.3823 -7.9193 1.6298, -0.3624 -7.9238 1.6829, -0.3352 -7.9281 1.7326, -0.3011 -7.932 1.778, -0.2609 -7.9355 1.818, -0.2154 -7.9384 1.8519, -0.1655 -7.9408 1.8791, -0.1123 -7.9425 1.8989, -0.0567 -7.9435 1.9109, 0.0 -7.9439 1.915, 0.049 -7.9932 1.8532, 0.0971 -7.9923 1.8427, 0.1432 -7.9908 1.8256, 0.1863 -7.9888 1.8021, 0.2257 -7.9863 1.7728, 0.2604 -7.9833 1.7382, 0.2899 -7.9799 1.6989, 0.3135 -7.9762 1.6559, 0.3307 -7.9722 1.61, 0.3411 -7.9681 1.5622, 0.3446 -7.9639 1.5133, 0.3411 -7.9597 1.4644, 0.3307 -7.9555 1.4166, 0.3135 -7.9516 1.3707, 0.2899 -7.9478 1.3277, 0.2604 -7.9445 1.2885, 0.2257 -7.9415 1.2538, 0.1863 -7.9389 1.2245, 0.1432 -7.9369 1.201, 0.0971 -7.9354 1.1839, 0.049 -7.9345 1.1735, 0.0 -7.9342 1.17, -0.049 -7.9345 1.1735, -0.0971 -7.9354 1.1839, -0.1432 -7.9369 1.201, -0.1863 -7.9389 1.2245, -0.2257 -7.9415 1.2538, -0.2604 -7.9445 1.2885, -0.2899 -7.9478 1.3277, -0.3135 -7.9516 1.3707, -0.3307 -7.9555 1.4166, -0.3411 -7.9597 1.4644, -0.3446 -7.9639 1.5133, -0.3411 -7.9681 1.5622, -0.3307 -7.9722 1.61, -0.3135 -7.9762 1.6559, -0.2899 -7.9799 1.6989, -0.2604 -7.9833 1.7382, -0.2257 -7.9863 1.7728, -0.1863 -7.9888 1.8021, -0.1432 -7.9908 1.8256, -0.0971 -7.9923 1.8427, -0.049 -7.9932 1.8532, 0.0 -7.9935 1.8567, 0.0405 -8.0353 1.7897, 0.0801 -8.0345 1.7811, 0.1182 -8.0333 1.767, 0.1538 -8.0316 1.7476, 0.1863 -8.0295 1.7234, 0.215 -8.0271 1.6948, 0.2393 -8.0243 1.6624, 0.2587 -8.0212 1.627, 0.2729 -8.0179 1.5891, 0.2815 -8.0145 1.5496, 0.2844 -8.0111 1.5092, 0.2815 -8.0076 1.4689, 0.2729 -8.0042 1.4294, 0.2587 -8.0009 1.3915, 0.2393 -7.9978 1.356, 0.215 -7.995 1.3237, 0.1863 -7.9926 1.2951, 0.1538 -7.9905 1.2708, 0.1182 -7.9888 1.2515, 0.0801 -7.9876 1.2373, 0.0405 -7.9868 1.2287, 0.0 -7.9866 1.2259, -0.0405 -7.9868 1.2287, -0.0801 -7.9876 1.2373, -0.1182 -7.9888 1.2515, -0.1538 -7.9905 1.2708, -0.1863 -7.9926 1.2951, -0.215 -7.995 1.3237, -0.2393 -7.9978 1.356, -0.2587 -8.0009 1.3915, -0.2729 -8.0042 1.4294, -0.2815 -8.0076 1.4689, -0.2844 -8.0111 1.5092, -0.2815 -8.0145 1.5496, -0.2729 -8.0179 1.5891, -0.2587 -8.0212 1.627, -0.2393 -8.0243 1.6624, -0.215 -8.0271 1.6948, -0.1863 -8.0295 1.7234, -0.1538 -8.0316 1.7476, -0.1182 -8.0333 1.767, -0.0801 -8.0345 1.7811, -0.0405 -8.0353 1.7897, 0.0 -8.0355 1.7926, 0.0311 -8.069 1.7216, 0.0617 -8.0685 1.715, 0.0909 -8.0675 1.7042, 0.1183 -8.0663 1.6893, 0.1433 -8.0646 1.6706, 0.1654 -8.0627 1.6486, 0.1841 -8.0606 1.6237, 0.1991 -8.0582 1.5964, 0.21 -8.0557 1.5673, 0.2166 -8.0531 1.5369, 0.2188 -8.0504 1.5058, 0.2166 -8.0477 1.4748, 0.21 -8.0451 1.4444, 0.1991 -8.0426 1.4153, 0.1841 -8.0402 1.388, 0.1654 -8.0381 1.3631, 0.1433 -8.0362 1.3411, 0.1183 -8.0346 1.3224, 0.0909 -8.0333 1.3075, 0.0617 -8.0324 1.2966, 0.0311 -8.0318 1.29, 0.0 -8.0316 1.2878, -0.0311 -8.0318 1.29, -0.0617 -8.0324 1.2966, -0.0909 -8.0333 1.3075, -0.1183 -8.0346 1.3224, -0.1433 -8.0362 1.3411, -0.1654 -8.0381 1.3631, -0.1841 -8.0402 1.388, -0.1991 -8.0426 1.4153, -0.21 -8.0451 1.4444, -0.2166 -8.0477 1.4748, -0.2188 -8.0504 1.5058, -0.2166 -8.0531 1.5369, -0.21 -8.0557 1.5673, -0.1991 -8.0582 1.5964, -0.1841 -8.0606 1.6237, -0.1654 -8.0627 1.6486, -0.1433 -8.0646 1.6706, -0.1183 -8.0663 1.6893, -0.0909 -8.0675 1.7042, -0.0617 -8.0685 1.715, -0.0311 -8.069 1.7216, 0.0 -8.0692 1.7239, 0.0212 -8.094 1.6499, 0.0419 -8.0936 1.6454, 0.0618 -8.093 1.638, 0.0805 -8.0921 1.6279, 0.0975 -8.091 1.6152, 0.1125 -8.0897 1.6003, 0.1252 -8.0883 1.5833, 0.1354 -8.0867 1.5648, 0.1428 -8.085 1.5449, 0.1473 -8.0832 1.5243, 0.1488 -8.0814 1.5032, 0.1473 -8.0795 1.4821, 0.1428 -8.0777 1.4614, 0.1354 -8.076 1.4416, 0.1252 -8.0744 1.423, 0.1125 -8.073 1.4061, 0.0975 -8.0717 1.3911, 0.0805 -8.0706 1.3784, 0.0618 -8.0697 1.3683, 0.0419 -8.0691 1.3609, 0.0212 -8.0687 1.3564, 0.0 -8.0686 1.3549, -0.0212 -8.0687 1.3564, -0.0419 -8.0691 1.3609, -0.0618 -8.0697 1.3683, -0.0805 -8.0706 1.3784, -0.0975 -8.0717 1.3911, -0.1125 -8.073 1.4061, -0.1252 -8.0744 1.423, -0.1354 -8.076 1.4416, -0.1428 -8.0777 1.4614, -0.1473 -8.0795 1.4821, -0.1488 -8.0814 1.5032, -0.1473 -8.0832 1.5243, -0.1428 -8.085 1.5449, -0.1354 -8.0867 1.5648, -0.1252 -8.0883 1.5833, -0.1125 -8.0897 1.6003, -0.0975 -8.091 1.6152, -0.0805 -8.0921 1.6279, -0.0618 -8.093 1.638, -0.0419 -8.0936 1.6454, -0.0212 -8.094 1.6499, 0.0 -8.0942 1.6514, 0.0685 -3.786 1.5394, 0.0 -3.7854 1.5324, 0.0 -3.7854 1.874, -0.0843 -3.7865 1.5443, -0.1342 -3.7878 1.5599, -0.0685 -3.786 1.5394, -0.1631 -3.7892 1.5759, -0.1944 -3.7907 1.5932, -0.2321 -3.7935 1.6254, -0.2871 -3.799 1.69, -0.2888 -3.7992 1.6921, -0.2467 -3.7945 1.6379, -0.3226 -3.8057 1.767, -0.3364 -3.8103 1.8201, -0.3191 -3.8045 1.7537, -0.3379 -3.8129 1.8503, -0.3399 -3.8162 1.8887, -0.3328 -3.8202 1.9348, -0.3075 -3.8271 2.0157, -0.3055 -3.8276 2.0208, -0.3295 -3.822 1.9565, -0.2615 -3.8333 2.087, -0.2217 -3.8369 2.1288, -0.2691 -3.8326 2.079, -0.1991 -3.8383 2.1444, -0.1652 -3.8403 2.168, -0.1246 -3.8418 2.1853, -0.0425 -3.8437 2.2072, -0.0344 -3.8438 2.2088, -0.1019 -3.8426 2.195, 0.0 -3.844 2.2106, 0.0344 -3.8438 2.2088, 0.0425 -3.8437 2.2072, 0.1246 -3.8418 2.1853, 0.1652 -3.8403 2.168, 0.1019 -3.8426 2.195, 0.1991 -3.8383 2.1444, 0.2217 -3.8369 2.1288, 0.2615 -3.8333 2.087, 0.2691 -3.8326 2.079, 0.3055 -3.8276 2.0208, 0.3075 -3.8271 2.0157, 0.3328 -3.8202 1.9348, 0.3399 -3.8162 1.8887, 0.3295 -3.822 1.9565, 0.3379 -3.8129 1.8503, 0.3364 -3.8103 1.8201, 0.3226 -3.8057 1.767, 0.3191 -3.8045 1.7537, 0.2888 -3.7992 1.6921, 0.2871 -3.799 1.69, 0.2321 -3.7935 1.6254, 0.1944 -3.7907 1.5932, 0.2467 -3.7945 1.6379, 0.1631 -3.7892 1.5759, 0.1342 -3.7878 1.5599, 0.0843 -3.7865 1.5443
            ]
        }
        coordIndex [
            0,1,2,-1,2,1,3,-1,4,5,6,-1,6,5,7,-1,5,8,9,-1,9,8,10,-1,7,5,11,-1,11,5,9,-1,11,9,12,-1,12,9,13,-1,12,13,14,-1,14,13,15,-1,16,4,17,-1,17,4,6,-1,18,19,20,-1,20,19,21,-1,20,21,17,-1,17,21,22,-1,17,22,16,-1,16,22,23,-1,24,25,26,-1,26,25,27,-1,25,28,29,-1,29,28,30,-1,27,25,31,-1,31,25,29,-1,31,29,32,-1,32,29,33,-1,34,24,35,-1,35,24,26,-1,36,34,37,-1,37,34,35,-1,37,35,38,-1,38,35,39,-1,29,37,33,-1,33,37,38,-1,33,38,40,-1,40,38,41,-1,40,41,42,-1,42,41,43,-1,42,43,44,-1,44,43,45,-1,44,45,46,-1,46,45,47,-1,46,47,48,-1,48,47,49,-1,48,49,50,-1,50,49,51,-1,50,51,52,-1,52,51,53,-1,52,53,54,-1,54,53,55,-1,37,29,36,-1,36,29,30,-1,56,57,58,-1,58,57,59,-1,58,59,60,-1,60,59,61,-1,60,61,62,-1,62,61,63,-1,62,63,64,-1,64,63,65,-1,64,65,66,-1,66,65,67,-1,66,67,68,-1,68,67,69,-1,68,69,70,-1,70,69,71,-1,70,71,32,-1,32,71,39,-1,32,39,31,-1,31,39,35,-1,35,26,31,-1,31,26,27,-1,22,9,23,-1,23,9,10,-1,72,73,74,-1,75,76,77,-1,77,76,78,-1,77,78,79,-1,79,78,80,-1,79,80,81,-1,81,80,82,-1,81,82,83,-1,83,82,84,-1,83,84,85,-1,85,84,72,-1,85,72,86,-1,86,72,74,-1,73,72,87,-1,13,21,15,-1,15,21,19,-1,15,19,88,-1,88,19,73,-1,88,73,89,-1,89,73,87,-1,22,21,9,-1,9,21,13,-1,90,91,92,-1,90,92,93,-1,94,95,96,-1,96,95,97,-1,96,97,98,-1,98,97,99,-1,98,99,100,-1,100,99,101,-1,100,101,102,-1,102,101,103,-1,102,103,92,-1,92,103,104,-1,92,104,93,-1,92,91,105,-1,105,91,106,-1,20,12,18,-1,18,12,14,-1,18,14,91,-1,91,14,107,-1,91,107,106,-1,17,11,20,-1,20,11,12,-1,17,6,11,-1,11,6,7,-1,108,109,110,-1,110,109,111,-1,108,112,109,-1,109,112,113,-1,114,115,116,-1,116,115,117,-1,116,117,118,-1,118,117,119,-1,118,119,120,-1,120,119,121,-1,120,121,122,-1,122,121,123,-1,122,123,124,-1,124,123,125,-1,124,125,126,-1,126,125,127,-1,126,127,128,-1,128,127,129,-1,128,129,130,-1,130,129,131,-1,130,131,132,-1,132,131,133,-1,112,115,113,-1,113,115,114,-1,134,135,136,-1,136,135,137,-1,138,139,140,-1,140,139,141,-1,140,141,142,-1,142,141,143,-1,142,143,144,-1,144,143,145,-1,144,145,146,-1,146,145,147,-1,146,147,148,-1,148,147,149,-1,148,149,150,-1,150,149,151,-1,150,151,152,-1,152,151,153,-1,152,153,154,-1,154,153,155,-1,154,155,137,-1,137,155,136,-1,156,2,157,-1,157,2,3,-1,156,157,134,-1,134,157,135,-1,56,158,57,-1,57,158,159,-1,160,159,161,-1,161,159,158,-1,162,54,163,-1,163,54,55,-1,164,165,166,-1,164,166,167,-1,167,166,168,-1,167,168,169,-1,169,168,170,-1,169,170,171,-1,171,170,172,-1,171,172,173,-1,173,172,174,-1,173,174,175,-1,175,174,176,-1,175,176,177,-1,177,176,178,-1,177,178,179,-1,179,178,180,-1,179,180,181,-1,181,180,182,-1,181,182,183,-1,183,182,184,-1,183,184,185,-1,185,184,186,-1,185,186,187,-1,187,186,160,-1,187,160,161,-1,132,133,188,-1,132,188,189,-1,189,188,190,-1,189,190,191,-1,191,190,192,-1,191,192,193,-1,193,192,194,-1,193,194,195,-1,195,194,196,-1,195,196,197,-1,197,196,198,-1,197,198,199,-1,199,198,200,-1,199,200,201,-1,201,200,202,-1,201,202,203,-1,203,202,204,-1,203,204,205,-1,205,204,206,-1,205,206,207,-1,207,206,208,-1,207,208,209,-1,209,208,139,-1,209,139,138,-1,76,75,210,-1,76,210,211,-1,211,210,212,-1,211,212,213,-1,213,212,214,-1,213,214,215,-1,215,214,216,-1,215,216,217,-1,217,216,218,-1,217,218,219,-1,219,218,220,-1,219,220,221,-1,221,220,222,-1,221,222,223,-1,223,222,224,-1,223,224,225,-1,225,224,226,-1,225,226,227,-1,227,226,228,-1,227,228,229,-1,229,228,230,-1,229,230,231,-1,231,230,95,-1,231,95,94,-1,232,233,234,-1,232,234,235,-1,236,235,234,-1,237,236,234,-1,238,237,234,-1,239,238,234,-1,240,239,234,-1,241,240,234,-1,242,241,234,-1,243,242,234,-1,244,243,234,-1,245,244,234,-1,246,245,234,-1,247,246,234,-1,248,247,234,-1,249,248,234,-1,250,249,234,-1,251,250,234,-1,252,251,234,-1,253,252,234,-1,254,253,234,-1,255,254,234,-1,256,255,234,-1,257,256,234,-1,258,257,234,-1,259,258,234,-1,260,259,234,-1,261,260,234,-1,262,261,234,-1,263,262,234,-1,264,263,234,-1,265,264,234,-1,266,265,234,-1,267,266,234,-1,268,267,234,-1,269,268,234,-1,270,269,234,-1,271,270,234,-1,272,271,234,-1,273,272,234,-1,274,273,234,-1,275,274,234,-1,276,275,234,-1,233,276,234,-1,277,278,279,-1,277,280,278,-1,278,280,281,-1,278,281,282,-1,282,281,283,-1,282,283,284,-1,283,285,284,-1,284,285,286,-1,284,286,287,-1,286,288,287,-1,287,288,289,-1,287,289,290,-1,289,291,290,-1,290,291,292,-1,290,292,293,-1,293,292,294,-1,293,294,295,-1,294,296,295,-1,295,296,297,-1,295,297,298,-1,297,299,298,-1,298,299,300,-1,298,300,301,-1,301,300,302,-1,301,302,303,-1,302,304,303,-1,303,304,305,-1,303,305,306,-1,305,307,306,-1,306,307,308,-1,306,308,309,-1,309,308,310,-1,309,310,311,-1,310,312,311,-1,311,312,313,-1,311,313,314,-1,313,315,314,-1,314,315,316,-1,314,316,317,-1,316,318,317,-1,317,318,319,-1,317,319,320,-1,320,319,321,-1,320,321,322,-1,321,323,322,-1,322,323,324,-1,322,324,325,-1,324,326,325,-1,325,326,327,-1,325,327,328,-1,328,327,329,-1,328,329,330,-1,329,331,330,-1,330,331,332,-1,330,332,333,-1,332,334,333,-1,333,334,335,-1,333,335,336,-1,336,335,337,-1,336,337,338,-1,338,337,339,-1,338,339,340,-1,339,341,340,-1,340,341,342,-1,340,342,343,-1,342,344,343,-1,343,344,345,-1,343,345,346,-1,346,345,347,-1,346,347,348,-1,347,349,348,-1,348,349,350,-1,348,350,351,-1,350,352,351,-1,351,352,353,-1,351,353,354,-1,354,353,355,-1,354,355,356,-1,355,357,356,-1,356,357,358,-1,356,358,359,-1,358,360,359,-1,359,360,361,-1,359,361,362,-1,361,363,362,-1,362,363,364,-1,362,364,365,-1,365,364,366,-1,365,366,367,-1,366,368,367,-1,367,368,369,-1,367,369,370,-1,369,371,370,-1,370,371,372,-1,370,372,373,-1,373,372,374,-1,373,374,375,-1,374,376,375,-1,375,376,377,-1,375,377,378,-1,377,379,378,-1,378,379,380,-1,378,380,381,-1,381,380,382,-1,381,382,383,-1,382,384,383,-1,383,384,385,-1,383,385,386,-1,385,387,386,-1,386,387,388,-1,386,388,389,-1,388,390,389,-1,389,390,391,-1,389,391,392,-1,392,391,393,-1,392,393,279,-1,279,393,394,-1,279,394,277,-1,279,395,392,-1,392,395,396,-1,392,396,389,-1,389,396,397,-1,389,397,386,-1,386,397,398,-1,386,398,383,-1,383,398,399,-1,383,399,381,-1,381,399,400,-1,381,400,378,-1,378,400,401,-1,378,401,375,-1,375,401,402,-1,375,402,373,-1,373,402,403,-1,373,403,370,-1,370,403,404,-1,370,404,367,-1,367,404,405,-1,367,405,365,-1,365,405,406,-1,365,406,362,-1,362,406,407,-1,362,407,359,-1,359,407,408,-1,359,408,356,-1,356,408,409,-1,356,409,354,-1,354,409,410,-1,354,410,351,-1,351,410,411,-1,351,411,348,-1,348,411,412,-1,348,412,346,-1,346,412,413,-1,346,413,343,-1,343,413,414,-1,343,414,340,-1,340,414,415,-1,340,415,338,-1,338,415,416,-1,338,416,336,-1,336,416,417,-1,336,417,333,-1,333,417,418,-1,333,418,330,-1,330,418,419,-1,330,419,328,-1,328,419,420,-1,328,420,325,-1,325,420,421,-1,325,421,322,-1,322,421,422,-1,322,422,320,-1,320,422,423,-1,320,423,317,-1,317,423,424,-1,317,424,314,-1,314,424,425,-1,314,425,311,-1,311,425,426,-1,311,426,309,-1,309,426,427,-1,309,427,306,-1,306,427,428,-1,306,428,303,-1,303,428,429,-1,303,429,301,-1,301,429,430,-1,301,430,298,-1,298,430,431,-1,298,431,295,-1,295,431,432,-1,295,432,293,-1,293,432,433,-1,293,433,290,-1,290,433,434,-1,290,434,287,-1,287,434,435,-1,287,435,284,-1,284,435,436,-1,284,436,282,-1,282,436,437,-1,282,437,278,-1,278,437,438,-1,278,438,279,-1,279,438,395,-1,438,439,395,-1,395,439,440,-1,395,440,396,-1,396,440,441,-1,396,441,397,-1,397,441,442,-1,397,442,398,-1,398,442,443,-1,398,443,399,-1,399,443,444,-1,399,444,400,-1,400,444,445,-1,400,445,401,-1,401,445,446,-1,401,446,402,-1,402,446,447,-1,402,447,403,-1,403,447,448,-1,403,448,404,-1,404,448,449,-1,404,449,405,-1,405,449,450,-1,405,450,406,-1,406,450,451,-1,406,451,407,-1,407,451,452,-1,407,452,408,-1,408,452,453,-1,408,453,409,-1,409,453,454,-1,409,454,410,-1,410,454,455,-1,410,455,411,-1,411,455,456,-1,411,456,412,-1,412,456,457,-1,412,457,413,-1,413,457,458,-1,413,458,414,-1,414,458,459,-1,414,459,415,-1,415,459,460,-1,415,460,416,-1,416,460,461,-1,416,461,417,-1,417,461,462,-1,417,462,418,-1,418,462,463,-1,418,463,419,-1,419,463,464,-1,419,464,420,-1,420,464,465,-1,420,465,421,-1,421,465,466,-1,421,466,422,-1,422,466,467,-1,422,467,423,-1,423,467,468,-1,423,468,424,-1,424,468,469,-1,424,469,425,-1,425,469,470,-1,425,470,426,-1,426,470,471,-1,426,471,427,-1,427,471,472,-1,427,472,428,-1,428,472,473,-1,428,473,429,-1,429,473,474,-1,429,474,430,-1,430,474,475,-1,430,475,431,-1,431,475,476,-1,431,476,432,-1,432,476,477,-1,432,477,433,-1,433,477,478,-1,433,478,434,-1,434,478,479,-1,434,479,435,-1,435,479,480,-1,435,480,436,-1,436,480,481,-1,436,481,437,-1,437,481,482,-1,437,482,438,-1,438,482,439,-1,482,483,439,-1,439,483,484,-1,439,484,440,-1,440,484,485,-1,440,485,441,-1,441,485,486,-1,441,486,442,-1,442,486,487,-1,442,487,443,-1,443,487,488,-1,443,488,444,-1,444,488,489,-1,444,489,445,-1,445,489,490,-1,445,490,446,-1,446,490,491,-1,446,491,447,-1,447,491,492,-1,447,492,448,-1,448,492,493,-1,448,493,449,-1,449,493,494,-1,449,494,450,-1,450,494,495,-1,450,495,451,-1,451,495,496,-1,451,496,452,-1,452,496,497,-1,452,497,453,-1,453,497,498,-1,453,498,454,-1,454,498,499,-1,454,499,455,-1,455,499,500,-1,455,500,456,-1,456,500,501,-1,456,501,457,-1,457,501,502,-1,457,502,458,-1,458,502,503,-1,458,503,459,-1,459,503,504,-1,459,504,460,-1,460,504,505,-1,460,505,461,-1,461,505,506,-1,461,506,462,-1,462,506,507,-1,462,507,463,-1,463,507,508,-1,463,508,464,-1,464,508,509,-1,464,509,465,-1,465,509,510,-1,465,510,466,-1,466,510,511,-1,466,511,467,-1,467,511,512,-1,467,512,468,-1,468,512,513,-1,468,513,469,-1,469,513,514,-1,469,514,470,-1,470,514,515,-1,470,515,471,-1,471,515,516,-1,471,516,472,-1,472,516,517,-1,472,517,473,-1,473,517,518,-1,473,518,474,-1,474,518,519,-1,474,519,475,-1,475,519,520,-1,475,520,476,-1,476,520,521,-1,476,521,477,-1,477,521,522,-1,477,522,478,-1,478,522,523,-1,478,523,479,-1,479,523,524,-1,479,524,480,-1,480,524,525,-1,480,525,481,-1,481,525,526,-1,481,526,482,-1,482,526,483,-1,526,527,483,-1,483,527,528,-1,483,528,484,-1,484,528,529,-1,484,529,485,-1,485,529,530,-1,485,530,486,-1,486,530,531,-1,486,531,487,-1,487,531,532,-1,487,532,488,-1,488,532,533,-1,488,533,489,-1,489,533,534,-1,489,534,490,-1,490,534,535,-1,490,535,491,-1,491,535,536,-1,491,536,492,-1,492,536,537,-1,492,537,493,-1,493,537,538,-1,493,538,494,-1,494,538,539,-1,494,539,495,-1,495,539,540,-1,495,540,496,-1,496,540,541,-1,496,541,497,-1,497,541,542,-1,497,542,498,-1,498,542,543,-1,498,543,499,-1,499,543,544,-1,499,544,500,-1,500,544,545,-1,500,545,501,-1,501,545,546,-1,501,546,502,-1,502,546,547,-1,502,547,503,-1,503,547,548,-1,503,548,504,-1,504,548,549,-1,504,549,505,-1,505,549,550,-1,505,550,506,-1,506,550,551,-1,506,551,507,-1,507,551,552,-1,507,552,508,-1,508,552,553,-1,508,553,509,-1,509,553,554,-1,509,554,510,-1,510,554,555,-1,510,555,511,-1,511,555,556,-1,511,556,512,-1,512,556,557,-1,512,557,513,-1,513,557,558,-1,513,558,514,-1,514,558,559,-1,514,559,515,-1,515,559,560,-1,515,560,516,-1,516,560,561,-1,516,561,517,-1,517,561,562,-1,517,562,518,-1,518,562,563,-1,518,563,519,-1,519,563,564,-1,519,564,520,-1,520,564,565,-1,520,565,521,-1,521,565,566,-1,521,566,522,-1,522,566,567,-1,522,567,523,-1,523,567,568,-1,523,568,524,-1,524,568,569,-1,524,569,525,-1,525,569,570,-1,525,570,526,-1,526,570,527,-1,570,571,527,-1,527,571,572,-1,527,572,528,-1,528,572,573,-1,528,573,529,-1,529,573,574,-1,529,574,530,-1,530,574,575,-1,530,575,531,-1,531,575,576,-1,531,576,532,-1,532,576,577,-1,532,577,533,-1,533,577,578,-1,533,578,534,-1,534,578,579,-1,534,579,535,-1,535,579,580,-1,535,580,536,-1,536,580,581,-1,536,581,537,-1,537,581,582,-1,537,582,538,-1,538,582,583,-1,538,583,539,-1,539,583,584,-1,539,584,540,-1,540,584,585,-1,540,585,541,-1,541,585,586,-1,541,586,542,-1,542,586,587,-1,542,587,543,-1,543,587,588,-1,543,588,544,-1,544,588,589,-1,544,589,545,-1,545,589,590,-1,545,590,546,-1,546,590,591,-1,546,591,547,-1,547,591,592,-1,547,592,548,-1,548,592,593,-1,548,593,549,-1,549,593,594,-1,549,594,550,-1,550,594,595,-1,550,595,551,-1,551,595,596,-1,551,596,552,-1,552,596,597,-1,552,597,553,-1,553,597,598,-1,553,598,554,-1,554,598,599,-1,554,599,555,-1,555,599,600,-1,555,600,556,-1,556,600,601,-1,556,601,557,-1,557,601,602,-1,557,602,558,-1,558,602,603,-1,558,603,559,-1,559,603,604,-1,559,604,560,-1,560,604,605,-1,560,605,561,-1,561,605,606,-1,561,606,562,-1,562,606,607,-1,562,607,563,-1,563,607,608,-1,563,608,564,-1,564,608,609,-1,564,609,565,-1,565,609,610,-1,565,610,566,-1,566,610,611,-1,566,611,567,-1,567,611,612,-1,567,612,568,-1,568,612,613,-1,568,613,569,-1,569,613,614,-1,569,614,570,-1,570,614,571,-1,614,615,571,-1,571,615,616,-1,571,616,572,-1,572,616,617,-1,572,617,573,-1,573,617,618,-1,573,618,574,-1,574,618,619,-1,574,619,575,-1,575,619,620,-1,575,620,576,-1,576,620,621,-1,576,621,577,-1,577,621,622,-1,577,622,578,-1,578,622,623,-1,578,623,579,-1,579,623,624,-1,579,624,580,-1,580,624,625,-1,580,625,581,-1,581,625,626,-1,581,626,582,-1,582,626,627,-1,582,627,583,-1,583,627,628,-1,583,628,584,-1,584,628,629,-1,584,629,585,-1,585,629,630,-1,585,630,586,-1,586,630,631,-1,586,631,587,-1,587,631,632,-1,587,632,588,-1,588,632,633,-1,588,633,589,-1,589,633,634,-1,589,634,590,-1,590,634,635,-1,590,635,591,-1,591,635,636,-1,591,636,592,-1,592,636,637,-1,592,637,593,-1,593,637,638,-1,593,638,594,-1,594,638,639,-1,594,639,595,-1,595,639,640,-1,595,640,596,-1,596,640,641,-1,596,641,597,-1,597,641,642,-1,597,642,598,-1,598,642,643,-1,598,643,599,-1,599,643,644,-1,599,644,600,-1,600,644,645,-1,600,645,601,-1,601,645,646,-1,601,646,602,-1,602,646,647,-1,602,647,603,-1,603,647,648,-1,603,648,604,-1,604,648,649,-1,604,649,605,-1,605,649,650,-1,605,650,606,-1,606,650,651,-1,606,651,607,-1,607,651,652,-1,607,652,608,-1,608,652,653,-1,608,653,609,-1,609,653,654,-1,609,654,610,-1,610,654,655,-1,610,655,611,-1,611,655,656,-1,611,656,612,-1,612,656,657,-1,612,657,613,-1,613,657,658,-1,613,658,614,-1,614,658,615,-1,658,659,615,-1,615,659,660,-1,615,660,616,-1,616,660,661,-1,616,661,617,-1,617,661,662,-1,617,662,618,-1,618,662,663,-1,618,663,619,-1,619,663,664,-1,619,664,620,-1,620,664,665,-1,620,665,621,-1,621,665,666,-1,621,666,622,-1,622,666,667,-1,622,667,623,-1,623,667,668,-1,623,668,624,-1,624,668,669,-1,624,669,625,-1,625,669,670,-1,625,670,626,-1,626,670,671,-1,626,671,627,-1,627,671,672,-1,627,672,628,-1,628,672,673,-1,628,673,629,-1,629,673,674,-1,629,674,630,-1,630,674,675,-1,630,675,631,-1,631,675,676,-1,631,676,632,-1,632,676,677,-1,632,677,633,-1,633,677,678,-1,633,678,634,-1,634,678,679,-1,634,679,635,-1,635,679,680,-1,635,680,636,-1,636,680,681,-1,636,681,637,-1,637,681,682,-1,637,682,638,-1,638,682,683,-1,638,683,639,-1,639,683,684,-1,639,684,640,-1,640,684,685,-1,640,685,641,-1,641,685,686,-1,641,686,642,-1,642,686,687,-1,642,687,643,-1,643,687,688,-1,643,688,644,-1,644,688,689,-1,644,689,645,-1,645,689,690,-1,645,690,646,-1,646,690,691,-1,646,691,647,-1,647,691,692,-1,647,692,648,-1,648,692,693,-1,648,693,649,-1,649,693,694,-1,649,694,650,-1,650,694,695,-1,650,695,651,-1,651,695,696,-1,651,696,652,-1,652,696,697,-1,652,697,653,-1,653,697,698,-1,653,698,654,-1,654,698,699,-1,654,699,655,-1,655,699,700,-1,655,700,656,-1,656,700,701,-1,656,701,657,-1,657,701,702,-1,657,702,658,-1,658,702,659,-1,702,233,659,-1,659,233,232,-1,659,232,660,-1,660,232,235,-1,660,235,661,-1,661,235,236,-1,661,236,662,-1,662,236,237,-1,662,237,663,-1,663,237,238,-1,663,238,664,-1,664,238,239,-1,664,239,665,-1,665,239,240,-1,665,240,666,-1,666,240,241,-1,666,241,667,-1,667,241,242,-1,667,242,668,-1,668,242,243,-1,668,243,669,-1,669,243,244,-1,669,244,670,-1,670,244,245,-1,670,245,671,-1,671,245,246,-1,671,246,672,-1,672,246,247,-1,672,247,673,-1,673,247,248,-1,673,248,674,-1,674,248,249,-1,674,249,675,-1,675,249,250,-1,675,250,676,-1,676,250,251,-1,676,251,677,-1,677,251,252,-1,677,252,678,-1,678,252,253,-1,678,253,679,-1,679,253,254,-1,679,254,680,-1,680,254,255,-1,680,255,681,-1,681,255,256,-1,681,256,682,-1,682,256,257,-1,682,257,683,-1,683,257,258,-1,683,258,684,-1,684,258,259,-1,684,259,685,-1,685,259,260,-1,685,260,686,-1,686,260,261,-1,686,261,687,-1,687,261,262,-1,687,262,688,-1,688,262,263,-1,688,263,689,-1,689,263,264,-1,689,264,690,-1,690,264,265,-1,690,265,691,-1,691,265,266,-1,691,266,692,-1,692,266,267,-1,692,267,693,-1,693,267,268,-1,693,268,694,-1,694,268,269,-1,694,269,695,-1,695,269,270,-1,695,270,696,-1,696,270,271,-1,696,271,697,-1,697,271,272,-1,697,272,698,-1,698,272,273,-1,698,273,699,-1,699,273,274,-1,699,274,700,-1,700,274,275,-1,700,275,701,-1,701,275,276,-1,701,276,702,-1,702,276,233,-1,703,704,705,-1,705,706,707,-1,708,706,705,-1,704,708,705,-1,705,709,710,-1,711,705,710,-1,707,709,705,-1,705,712,713,-1,714,712,705,-1,711,714,705,-1,705,715,716,-1,717,715,705,-1,713,717,705,-1,705,718,719,-1,720,705,719,-1,716,718,705,-1,705,721,722,-1,723,721,705,-1,720,723,705,-1,705,724,725,-1,726,724,705,-1,722,726,705,-1,705,727,728,-1,729,705,728,-1,725,727,705,-1,705,730,731,-1,732,730,705,-1,729,732,705,-1,705,733,734,-1,735,705,734,-1,731,733,705,-1,705,736,737,-1,738,736,705,-1,735,738,705,-1,705,739,740,-1,741,705,740,-1,737,739,705,-1,705,742,743,-1,744,705,743,-1,741,742,705,-1,705,745,746,-1,747,745,705,-1,744,747,705,-1,705,748,749,-1,750,705,749,-1,746,748,705,-1,705,751,752,-1,753,705,752,-1,750,751,705,-1,705,754,755,-1,756,754,705,-1,753,756,705,-1,705,757,758,-1,759,705,758,-1,755,757,705,-1,759,703,705,-1,704,334,708,-1,708,334,332,-1,708,332,706,-1,706,332,331,-1,706,331,707,-1,331,329,707,-1,707,329,327,-1,707,327,709,-1,709,327,326,-1,709,326,710,-1,710,326,324,-1,710,324,711,-1,711,324,323,-1,711,323,714,-1,323,321,714,-1,714,321,319,-1,714,319,712,-1,712,319,318,-1,712,318,713,-1,318,316,713,-1,713,316,315,-1,713,315,717,-1,717,315,313,-1,717,313,715,-1,715,313,312,-1,715,312,716,-1,312,310,716,-1,716,310,308,-1,716,308,718,-1,718,308,307,-1,718,307,719,-1,719,307,305,-1,719,305,720,-1,720,305,304,-1,720,304,723,-1,304,302,723,-1,723,302,300,-1,723,300,721,-1,721,300,299,-1,721,299,722,-1,299,297,722,-1,722,297,296,-1,722,296,726,-1,726,296,294,-1,726,294,724,-1,294,292,724,-1,724,292,291,-1,724,291,725,-1,725,291,289,-1,725,289,727,-1,727,289,288,-1,727,288,728,-1,728,288,286,-1,728,286,729,-1,729,286,285,-1,729,285,732,-1,285,283,732,-1,732,283,281,-1,732,281,730,-1,730,281,280,-1,730,280,731,-1,731,280,277,-1,731,277,733,-1,733,277,394,-1,733,394,734,-1,734,394,393,-1,734,393,735,-1,393,391,735,-1,735,391,390,-1,735,390,738,-1,738,390,388,-1,738,388,736,-1,736,388,387,-1,736,387,737,-1,737,387,385,-1,737,385,739,-1,739,385,384,-1,739,384,740,-1,384,382,740,-1,740,382,380,-1,740,380,741,-1,741,380,379,-1,741,379,742,-1,379,377,742,-1,742,377,376,-1,742,376,743,-1,743,376,374,-1,743,374,744,-1,374,372,744,-1,744,372,371,-1,744,371,747,-1,747,371,369,-1,747,369,745,-1,745,369,368,-1,745,368,746,-1,746,368,366,-1,746,366,748,-1,366,364,748,-1,748,364,363,-1,748,363,749,-1,749,363,361,-1,749,361,750,-1,750,361,360,-1,750,360,751,-1,360,358,751,-1,751,358,357,-1,751,357,752,-1,752,357,355,-1,752,355,753,-1,355,353,753,-1,753,353,352,-1,753,352,756,-1,756,352,350,-1,756,350,754,-1,754,350,349,-1,754,349,755,-1,755,349,347,-1,755,347,757,-1,347,345,757,-1,757,345,344,-1,757,344,758,-1,758,344,342,-1,758,342,759,-1,759,342,341,-1,759,341,703,-1,341,339,703,-1,703,339,337,-1,703,337,704,-1,704,337,335,-1,704,335,334,-1,
        ]
    }
}